  0
SECTION
  2
HEADER
  9
$ACADVER
  1
AC1032
  9
$ACADMAINTVER
 90
      427
  9
$DWGCODEPAGE
  3
ANSI_1254
  9
$LASTSAVEDBY
  1
lenovo
  9
$REQUIREDVERSIONS
160
                 0
  9
$INSBASE
 10
0.0
 20
0.0
 30
0.0
  9
$EXTMIN
 10
38793.72620543564
 20
38467.9089767007
 30
0.0
  9
$EXTMAX
 10
38876.24442603673
 20
38509.65292513092
 30
0.0
  9
$LIMMIN
 10
0.0
 20
0.0
  9
$LIMMAX
 10
12.0
 20
9.0
  9
$ORTHOMODE
 70
     1
  9
$REGENMODE
 70
     1
  9
$FILLMODE
 70
     1
  9
$QTEXTMODE
 70
     0
  9
$MIRRTEXT
 70
     0
  9
$LTSCALE
 40
1.0
  9
$ATTMODE
 70
     1
  9
$TEXTSIZE
 40
0.2
  9
$TRACEWID
 40
0.05
  9
$TEXTSTYLE
  7
Annotative
  9
$CLAYER
  8
Paths
  9
$CELTYPE
  6
ByLayer
  9
$CECOLOR
 62
   256
  9
$CELTSCALE
 40
1.0
  9
$DISPSILH
 70
     0
  9
$DIMSCALE
 40
1.0
  9
$DIMASZ
 40
0.18
  9
$DIMEXO
 40
0.0625
  9
$DIMDLI
 40
0.38
  9
$DIMRND
 40
0.0
  9
$DIMDLE
 40
0.0
  9
$DIMEXE
 40
0.18
  9
$DIMTP
 40
0.0
  9
$DIMTM
 40
0.0
  9
$DIMTXT
 40
0.18
  9
$DIMCEN
 40
0.09
  9
$DIMTSZ
 40
0.0
  9
$DIMTOL
 70
     0
  9
$DIMLIM
 70
     0
  9
$DIMTIH
 70
     1
  9
$DIMTOH
 70
     1
  9
$DIMSE1
 70
     0
  9
$DIMSE2
 70
     0
  9
$DIMTAD
 70
     0
  9
$DIMZIN
 70
     0
  9
$DIMBLK
  1

  9
$DIMASO
 70
     1
  9
$DIMSHO
 70
     1
  9
$DIMPOST
  1

  9
$DIMAPOST
  1

  9
$DIMALT
 70
     0
  9
$DIMALTD
 70
     2
  9
$DIMALTF
 40
25.4
  9
$DIMLFAC
 40
1.0
  9
$DIMTOFL
 70
     0
  9
$DIMTVP
 40
0.0
  9
$DIMTIX
 70
     0
  9
$DIMSOXD
 70
     0
  9
$DIMSAH
 70
     0
  9
$DIMBLK1
  1

  9
$DIMBLK2
  1

  9
$DIMSTYLE
  2
Standard
  9
$DIMCLRD
 70
     0
  9
$DIMCLRE
 70
     0
  9
$DIMCLRT
 70
     0
  9
$DIMTFAC
 40
1.0
  9
$DIMGAP
 40
0.09
  9
$DIMJUST
 70
     0
  9
$DIMSD1
 70
     0
  9
$DIMSD2
 70
     0
  9
$DIMTOLJ
 70
     1
  9
$DIMTZIN
 70
     0
  9
$DIMALTZ
 70
     0
  9
$DIMALTTZ
 70
     0
  9
$DIMUPT
 70
     0
  9
$DIMDEC
 70
     4
  9
$DIMTDEC
 70
     4
  9
$DIMALTU
 70
     2
  9
$DIMALTTD
 70
     2
  9
$DIMTXSTY
  7
Standard
  9
$DIMAUNIT
 70
     0
  9
$DIMADEC
 70
     0
  9
$DIMALTRND
 40
0.0
  9
$DIMAZIN
 70
     0
  9
$DIMDSEP
 70
    46
  9
$DIMATFIT
 70
     3
  9
$DIMFRAC
 70
     0
  9
$DIMLDRBLK
  1

  9
$DIMLUNIT
 70
     2
  9
$DIMLWD
 70
    -2
  9
$DIMLWE
 70
    -2
  9
$DIMTMOVE
 70
     0
  9
$DIMFXL
 40
1.0
  9
$DIMFXLON
 70
     0
  9
$DIMJOGANG
 40
0.7853981633974483
  9
$DIMTFILL
 70
     0
  9
$DIMTFILLCLR
 70
     0
  9
$DIMARCSYM
 70
     0
  9
$DIMLTYPE
  6

  9
$DIMLTEX1
  6

  9
$DIMLTEX2
  6

  9
$DIMTXTDIRECTION
 70
     0
  9
$LUNITS
 70
     2
  9
$LUPREC
 70
     4
  9
$SKETCHINC
 40
0.1
  9
$FILLETRAD
 40
0.0
  9
$AUNITS
 70
     0
  9
$AUPREC
 70
     0
  9
$MENU
  1
.
  9
$ELEVATION
 40
0.0
  9
$PELEVATION
 40
0.0
  9
$THICKNESS
 40
0.0
  9
$LIMCHECK
 70
     0
  9
$CHAMFERA
 40
0.0
  9
$CHAMFERB
 40
0.0
  9
$CHAMFERC
 40
0.0
  9
$CHAMFERD
 40
0.0
  9
$SKPOLY
 70
     0
  9
$TDCREATE
 40
2461263.485520833
  9
$TDUCREATE
 40
2461263.360520833
  9
$TDUPDATE
 40
2461299.023703704
  9
$TDUUPDATE
 40
2461298.898703704
  9
$TDINDWG
 40
0.8500000000
  9
$TDUSRTIMER
 40
0.8500000000
  9
$USRTIMER
 70
     1
  9
$ANGBASE
 50
0.0
  9
$ANGDIR
 70
     0
  9
$PDMODE
 70
     0
  9
$PDSIZE
 40
0.0
  9
$PLINEWID
 40
0.0
  9
$SPLFRAME
 70
     0
  9
$SPLINETYPE
 70
     6
  9
$SPLINESEGS
 70
     8
  9
$HANDSEED
  5
7DD
  9
$SURFTAB1
 70
     6
  9
$SURFTAB2
 70
     6
  9
$SURFTYPE
 70
     6
  9
$SURFU
 70
     6
  9
$SURFV
 70
     6
  9
$UCSBASE
  2

  9
$UCSNAME
  2

  9
$UCSORG
 10
0.0
 20
0.0
 30
0.0
  9
$UCSXDIR
 10
1.0
 20
0.0
 30
0.0
  9
$UCSYDIR
 10
0.0
 20
1.0
 30
0.0
  9
$UCSORTHOREF
  2

  9
$UCSORTHOVIEW
 70
     0
  9
$UCSORGTOP
 10
0.0
 20
0.0
 30
0.0
  9
$UCSORGBOTTOM
 10
0.0
 20
0.0
 30
0.0
  9
$UCSORGLEFT
 10
0.0
 20
0.0
 30
0.0
  9
$UCSORGRIGHT
 10
0.0
 20
0.0
 30
0.0
  9
$UCSORGFRONT
 10
0.0
 20
0.0
 30
0.0
  9
$UCSORGBACK
 10
0.0
 20
0.0
 30
0.0
  9
$PUCSBASE
  2

  9
$PUCSNAME
  2

  9
$PUCSORG
 10
0.0
 20
0.0
 30
0.0
  9
$PUCSXDIR
 10
1.0
 20
0.0
 30
0.0
  9
$PUCSYDIR
 10
0.0
 20
1.0
 30
0.0
  9
$PUCSORTHOREF
  2

  9
$PUCSORTHOVIEW
 70
     0
  9
$PUCSORGTOP
 10
0.0
 20
0.0
 30
0.0
  9
$PUCSORGBOTTOM
 10
0.0
 20
0.0
 30
0.0
  9
$PUCSORGLEFT
 10
0.0
 20
0.0
 30
0.0
  9
$PUCSORGRIGHT
 10
0.0
 20
0.0
 30
0.0
  9
$PUCSORGFRONT
 10
0.0
 20
0.0
 30
0.0
  9
$PUCSORGBACK
 10
0.0
 20
0.0
 30
0.0
  9
$USERI1
 70
     0
  9
$USERI2
 70
     0
  9
$USERI3
 70
     0
  9
$USERI4
 70
     0
  9
$USERI5
 70
     0
  9
$USERR1
 40
0.0
  9
$USERR2
 40
0.0
  9
$USERR3
 40
0.0
  9
$USERR4
 40
0.0
  9
$USERR5
 40
0.0
  9
$WORLDVIEW
 70
     1
  9
$SHADEDGE
 70
     3
  9
$SHADEDIF
 70
    70
  9
$TILEMODE
 70
     1
  9
$MAXACTVP
 70
    64
  9
$PINSBASE
 10
0.0
 20
0.0
 30
0.0
  9
$PLIMCHECK
 70
     0
  9
$PEXTMIN
 10
1.049999952316282
 20
0.7999999523162851
 30
0.0
  9
$PEXTMAX
 10
9.449999570846557
 20
7.199999570846557
 30
0.0
  9
$PLIMMIN
 10
-0.2500002402958907
 20
-0.2499999962453767
  9
$PLIMMAX
 10
10.74999951940822
 20
8.249999763458731
  9
$UNITMODE
 70
     0
  9
$VISRETAIN
 70
     1
  9
$PLINEGEN
 70
     0
  9
$PSLTSCALE
 70
     1
  9
$TREEDEPTH
 70
  3020
  9
$CMLSTYLE
  2
Standard
  9
$CMLJUST
 70
     0
  9
$CMLSCALE
 40
1.0
  9
$PROXYGRAPHICS
 70
     1
  9
$MEASUREMENT
 70
     0
  9
$CELWEIGHT
370
    -1
  9
$ENDCAPS
280
     0
  9
$JOINSTYLE
280
     0
  9
$LWDISPLAY
290
     0
  9
$INSUNITS
 70
     6
  9
$HYPERLINKBASE
  1

  9
$STYLESHEET
  1

  9
$XEDIT
290
     1
  9
$CEPSNTYPE
380
     0
  9
$PSTYLEMODE
290
     1
  9
$FINGERPRINTGUID
  2
{A4C224E8-FEA4-7E40-AAD9-AA720E5C740F}
  9
$VERSIONGUID
  2
{77CB2B04-A336-524C-9DA8-A0A4E5B7CE5A}
  9
$EXTNAMES
290
     1
  9
$PSVPSCALE
 40
0.0
  9
$OLESTARTUP
290
     0
  9
$SORTENTS
280
   127
  9
$INDEXCTL
280
     0
  9
$HIDETEXT
280
     1
  9
$XCLIPFRAME
280
     2
  9
$HALOGAP
280
     0
  9
$OBSCOLOR
 70
   257
  9
$OBSLTYPE
280
     0
  9
$INTERSECTIONDISPLAY
280
     0
  9
$INTERSECTIONCOLOR
 70
   257
  9
$DIMASSOC
280
     2
  9
$PROJECTNAME
  1

  9
$CAMERADISPLAY
290
     0
  9
$LENSLENGTH
 40
50.0
  9
$CAMERAHEIGHT
 40
0.0
  9
$STEPSPERSEC
 40
2.0
  9
$STEPSIZE
 40
6.0
  9
$3DDWFPREC
 40
2.0
  9
$PSOLWIDTH
 40
0.25
  9
$PSOLHEIGHT
 40
4.0
  9
$LOFTANG1
 40
1.570796326794896
  9
$LOFTANG2
 40
1.570796326794896
  9
$LOFTMAG1
 40
0.0
  9
$LOFTMAG2
 40
0.0
  9
$LOFTPARAM
 70
     7
  9
$LOFTNORMALS
280
     1
  9
$LATITUDE
 40
37.795
  9
$LONGITUDE
 40
-122.394
  9
$NORTHDIRECTION
 40
0.0
  9
$TIMEZONE
 70
 -8000
  9
$LIGHTGLYPHDISPLAY
280
     1
  9
$TILEMODELIGHTSYNCH
280
     1
  9
$CMATERIAL
347
96
  9
$SOLIDHIST
280
     0
  9
$SHOWHIST
280
     1
  9
$DWFFRAME
280
     2
  9
$DGNFRAME
280
     0
  9
$REALWORLDSCALE
290
     1
  9
$INTERFERECOLOR
 62
     1
  9
$INTERFEREOBJVS
345
A3
  9
$INTERFEREVPVS
346
A0
  9
$CSHADOW
280
     0
  9
$SHADOWPLANELOCATION
 40
0.0
  0
ENDSEC
  0
SECTION
  2
CLASSES
  0
CLASS
  1
ACDBDICTIONARYWDFLT
  2
AcDbDictionaryWithDefault
  3
ObjectDBX Classes
 90
        0
 91
        1
280
     0
281
     0
  0
CLASS
  1
DICTIONARYVAR
  2
AcDbDictionaryVar
  3
ObjectDBX Classes
 90
        0
 91
        9
280
     0
281
     0
  0
CLASS
  1
TABLESTYLE
  2
AcDbTableStyle
  3
ObjectDBX Classes
 90
     4095
 91
        1
280
     0
281
     0
  0
CLASS
  1
MATERIAL
  2
AcDbMaterial
  3
ObjectDBX Classes
 90
     1153
 91
        3
280
     0
281
     0
  0
CLASS
  1
VISUALSTYLE
  2
AcDbVisualStyle
  3
ObjectDBX Classes
 90
     4095
 91
       24
280
     0
281
     0
  0
CLASS
  1
SCALE
  2
AcDbScale
  3
ObjectDBX Classes
 90
     1153
 91
       33
280
     0
281
     0
  0
CLASS
  1
MLEADERSTYLE
  2
AcDbMLeaderStyle
  3
ACDB_MLEADERSTYLE_CLASS
 90
     4095
 91
        2
280
     0
281
     0
  0
CLASS
  1
CELLSTYLEMAP
  2
AcDbCellStyleMap
  3
ObjectDBX Classes
 90
     1152
 91
        2
280
     0
281
     0
  0
CLASS
  1
EXACXREFPANELOBJECT
  2
ExAcXREFPanelObject
  3
EXAC_ESW
 90
     1025
 91
        0
280
     0
281
     0
  0
CLASS
  1
NPOCOLLECTION
  2
AcDbImpNonPersistentObjectsCollection
  3
ObjectDBX Classes
 90
     1153
 91
        0
280
     0
281
     0
  0
CLASS
  1
LAYER_INDEX
  2
AcDbLayerIndex
  3
ObjectDBX Classes
 90
        0
 91
        0
280
     0
281
     0
  0
CLASS
  1
SPATIAL_INDEX
  2
AcDbSpatialIndex
  3
ObjectDBX Classes
 90
        0
 91
        0
280
     0
281
     0
  0
CLASS
  1
IDBUFFER
  2
AcDbIdBuffer
  3
ObjectDBX Classes
 90
        0
 91
        0
280
     0
281
     0
  0
CLASS
  1
ACDBSECTIONVIEWSTYLE
  2
AcDbSectionViewStyle
  3
ObjectDBX Classes
 90
     1025
 91
        1
280
     0
281
     0
  0
CLASS
  1
ACDBDETAILVIEWSTYLE
  2
AcDbDetailViewStyle
  3
ObjectDBX Classes
 90
     1025
 91
        1
280
     0
281
     0
  0
CLASS
  1
IMAGEDEF
  2
AcDbRasterImageDef
  3
ISM
 90
        0
 91
        5
280
     0
281
     0
  0
CLASS
  1
RASTERVARIABLES
  2
AcDbRasterVariables
  3
ISM
 90
        0
 91
        1
280
     0
281
     0
  0
CLASS
  1
IMAGEDEF_REACTOR
  2
AcDbRasterImageDefReactor
  3
ISM
 90
        1
 91
        1
280
     0
281
     0
  0
CLASS
  1
IMAGE
  2
AcDbRasterImage
  3
ISM
 90
     2175
 91
        1
280
     0
281
     1
  0
CLASS
  1
SORTENTSTABLE
  2
AcDbSortentsTable
  3
ObjectDBX Classes
 90
        0
 91
        2
280
     0
281
     0
  0
CLASS
  1
RAPIDRTRENDERSETTINGS
  2
AcDbRapidRTRenderSettings
  3
ObjectDBX Classes
 90
     1024
 91
        7
280
     0
281
     0
  0
CLASS
  1
SOLID_BACKGROUND
  2
AcDbSolidBackground
  3
SCENEOE
 90
     4095
 91
        0
280
     0
281
     0
  0
CLASS
  1
ACDB_MTEXTOBJECTCONTEXTDATA_CLASS
  2
AcDbMTextObjectContextData
  3
ObjectDBX Classes
 90
     1153
 91
        0
280
     0
281
     0
  0
CLASS
  1
GROUND_PLANE_BACKGROUND
  2
AcDbGroundPlaneBackground
  3
SCENEOE
 90
     4095
 91
        0
280
     0
281
     0
  0
ENDSEC
  0
SECTION
  2
TABLES
  0
TABLE
  2
VPORT
  5
8
330
0
100
AcDbSymbolTable
 70
     1
  0
VPORT
  5
94
330
8
100
AcDbSymbolTableRecord
100
AcDbViewportTableRecord
  2
*Active
 70
     0
 10
0.0
 20
0.0
 11
1.0
 21
1.0
 12
11.39538804360383
 22
3.420893804864412
 13
0.0
 23
0.0
 14
0.5
 24
0.5
 15
0.5
 25
0.5
 16
0.0
 26
0.0
 36
294.8164339099487
 17
38849.697265625
 27
38482.677734375
 37
0.0
 40
49.14574576430332
 41
2.351715686274509
 42
50.0
 43
0.0
 44
0.0
 50
0.0
 51
0.0
 71
     0
 72
  1000
 73
     1
 74
     3
 75
     0
 76
     1
 77
     0
 78
     2
281
     0
 65
     1
110
0.0
120
0.0
130
0.0
111
1.0
121
0.0
131
0.0
112
0.0
122
1.0
132
0.0
 79
     0
146
0.0
348
9F
 60
     3
 61
     5
292
     1
282
     1
141
0.0
142
0.0
 63
   250
421
  3355443
1001
ACAD_NAV_VCDISPLAY
1070
     3
  0
ENDTAB
  0
TABLE
  2
LTYPE
  5
5
330
0
100
AcDbSymbolTable
 70
     1
  0
LTYPE
  5
14
330
5
100
AcDbSymbolTableRecord
100
AcDbLinetypeTableRecord
  2
ByBlock
 70
     0
  3

 72
    65
 73
     0
 40
0.0
  0
LTYPE
  5
15
330
5
100
AcDbSymbolTableRecord
100
AcDbLinetypeTableRecord
  2
ByLayer
 70
     0
  3

 72
    65
 73
     0
 40
0.0
  0
LTYPE
  5
16
330
5
100
AcDbSymbolTableRecord
100
AcDbLinetypeTableRecord
  2
Continuous
 70
     0
  3
Solid line
 72
    65
 73
     0
 40
0.0
  0
ENDTAB
  0
TABLE
  2
LAYER
  5
2
102
{ACAD_XDICTIONARY
360
18E
102
}
330
0
100
AcDbSymbolTable
 70
     4
  0
LAYER
  5
10
102
{ACAD_XDICTIONARY
360
E6
102
}
330
2
100
AcDbSymbolTableRecord
100
AcDbLayerTableRecord
  2
0
 70
     0
 62
     7
  6
Continuous
370
    -3
390
F
347
98
348
0
  0
LAYER
  5
271
330
2
100
AcDbSymbolTableRecord
100
AcDbLayerTableRecord
  2
Paths
 70
     0
 62
    70
  6
Continuous
370
    -3
390
F
347
98
348
0
1001
AcAecLayerStandard
1000

1000

1001
AcCmTransparency
1071
        0
  0
LAYER
  5
274
330
2
100
AcDbSymbolTableRecord
100
AcDbLayerTableRecord
  2
Rooms
 70
     0
 62
    10
  6
Continuous
370
    -3
390
F
347
98
348
0
1001
AcAecLayerStandard
1000

1000

1001
AcCmTransparency
1071
        0
  0
LAYER
  5
275
330
2
100
AcDbSymbolTableRecord
100
AcDbLayerTableRecord
  2
Walls
 70
     0
 62
   140
  6
Continuous
370
    -3
390
F
347
98
348
0
1001
AcAecLayerStandard
1000

1000

1001
AcCmTransparency
1071
        0
  0
ENDTAB
  0
TABLE
  2
STYLE
  5
3
330
0
100
AcDbSymbolTable
 70
     2
  0
STYLE
  5
11
330
3
100
AcDbSymbolTableRecord
100
AcDbTextStyleTableRecord
  2
Standard
 70
     0
 40
100.0
 41
1.0
 50
0.0
 71
     0
 42
100.0
  3
arial.ttf
  4

1001
AcadAnnotative
1000
AnnotativeData
1002
{
1070
     1
1070
     1
1002
}
1001
ACAD
1000
Arial
1071
       34
  0
STYLE
  5
DC
330
3
100
AcDbSymbolTableRecord
100
AcDbTextStyleTableRecord
  2
Annotative
 70
     0
 40
0.0
 41
1.0
 50
0.0
 71
     0
 42
0.2
  3
arial.ttf
  4

1001
AcadAnnotative
1000
AnnotativeData
1002
{
1070
     1
1070
     1
1002
}
1001
ACAD
1000
Arial
1071
       34
  0
ENDTAB
  0
TABLE
  2
VIEW
  5
6
330
0
100
AcDbSymbolTable
 70
     3
  0
ENDTAB
  0
TABLE
  2
UCS
  5
7
330
0
100
AcDbSymbolTable
 70
     0
  0
ENDTAB
  0
TABLE
  2
APPID
  5
9
330
0
100
AcDbSymbolTable
 70
    12
  0
APPID
  5
12
330
9
100
AcDbSymbolTableRecord
100
AcDbRegAppTableRecord
  2
ACAD
 70
     0
  0
APPID
  5
DD
330
9
100
AcDbSymbolTableRecord
100
AcDbRegAppTableRecord
  2
AcadAnnoPO
 70
     0
  0
APPID
  5
DE
330
9
100
AcDbSymbolTableRecord
100
AcDbRegAppTableRecord
  2
AcadAnnotative
 70
     0
  0
APPID
  5
DF
330
9
100
AcDbSymbolTableRecord
100
AcDbRegAppTableRecord
  2
ACAD_DSTYLE_DIMJAG
 70
     0
  0
APPID
  5
E0
330
9
100
AcDbSymbolTableRecord
100
AcDbRegAppTableRecord
  2
ACAD_DSTYLE_DIMTALN
 70
     0
  0
APPID
  5
107
330
9
100
AcDbSymbolTableRecord
100
AcDbRegAppTableRecord
  2
ACAD_MLEADERVER
 70
     0
  0
APPID
  5
1A6
330
9
100
AcDbSymbolTableRecord
100
AcDbRegAppTableRecord
  2
ACAD_NAV_VCDISPLAY
 70
     0
  0
APPID
  5
272
330
9
100
AcDbSymbolTableRecord
100
AcDbRegAppTableRecord
  2
AcAecLayerStandard
 70
     0
  0
APPID
  5
273
330
9
100
AcDbSymbolTableRecord
100
AcDbRegAppTableRecord
  2
AcCmTransparency
 70
     0
  0
APPID
  5
277
330
9
100
AcDbSymbolTableRecord
100
AcDbRegAppTableRecord
  2
ACAD_EXEMPT_FROM_CAD_STANDARDS
 70
     0
  0
APPID
  5
353
330
9
100
AcDbSymbolTableRecord
100
AcDbRegAppTableRecord
  2
ACAD_PSEXT
 70
     0
  0
APPID
  5
370
330
9
100
AcDbSymbolTableRecord
100
AcDbRegAppTableRecord
  2
Acad_TC
 70
     0
  0
ENDTAB
  0
TABLE
  2
DIMSTYLE
  5
A
330
0
100
AcDbSymbolTable
 70
     2
100
AcDbDimStyleTable
 71
     2
340
27
340
E1
  0
DIMSTYLE
105
27
330
A
100
AcDbSymbolTableRecord
100
AcDbDimStyleTableRecord
  2
Standard
 70
     0
340
11
  0
DIMSTYLE
105
E1
330
A
100
AcDbSymbolTableRecord
100
AcDbDimStyleTableRecord
  2
Annotative
 70
     0
 40
0.0
340
11
1001
AcadAnnotative
1000
AnnotativeData
1002
{
1070
     1
1070
     1
1002
}
1001
ACAD_DSTYLE_DIMJAG
1070
   388
1040
1.5
1001
ACAD_DSTYLE_DIMTALN
1070
   392
1070
     0
  0
ENDTAB
  0
TABLE
  2
BLOCK_RECORD
  5
1
330
0
100
AcDbSymbolTable
 70
     2
  0
BLOCK_RECORD
  5
1F
102
{ACAD_XDICTIONARY
360
15D
102
}
330
1
100
AcDbSymbolTableRecord
100
AcDbBlockTableRecord
  2
*Model_Space
340
22
 70
     0
280
     1
281
     0
  0
BLOCK_RECORD
  5
58
330
1
100
AcDbSymbolTableRecord
100
AcDbBlockTableRecord
  2
*Paper_Space
340
59
 70
     0
280
     1
281
     0
  0
BLOCK_RECORD
  5
5D
330
1
100
AcDbSymbolTableRecord
100
AcDbBlockTableRecord
  2
*Paper_Space0
340
5E
 70
     0
280
     1
281
     0
  0
BLOCK_RECORD
  5
383
102
{ACAD_XDICTIONARY
360
385
102
}
330
1
100
AcDbSymbolTableRecord
100
AcDbBlockTableRecord
  2
A$Ca14dbb6b
340
0
 70
     6
280
     1
281
     0
  0
ENDTAB
  0
ENDSEC
  0
SECTION
  2
BLOCKS
  0
BLOCK
  5
20
330
1F
100
AcDbEntity
  8
0
100
AcDbBlockBegin
  2
*Model_Space
 70
     0
 10
0.0
 20
0.0
 30
0.0
  3
*Model_Space
  1

  0
ENDBLK
  5
21
330
1F
100
AcDbEntity
  8
0
100
AcDbBlockEnd
  0
BLOCK
  5
5A
330
58
100
AcDbEntity
 67
     1
  8
0
100
AcDbBlockBegin
  2
*Paper_Space
 70
     0
 10
0.0
 20
0.0
 30
0.0
  3
*Paper_Space
  1

  0
ENDBLK
  5
5B
330
58
100
AcDbEntity
 67
     1
  8
0
100
AcDbBlockEnd
  0
BLOCK
  5
5F
330
5D
100
AcDbEntity
 67
     1
  8
0
100
AcDbBlockBegin
  2
*Paper_Space0
 70
     0
 10
0.0
 20
0.0
 30
0.0
  3
*Paper_Space0
  1

  0
VIEWPORT
  5
362
102
{ACAD_XDICTIONARY
360
363
102
}
330
5D
100
AcDbEntity
 67
     1
  8
0
348
9F
100
AcDbViewport
 10
5.249999639556164
 20
4.01612352170023
 30
0.0
 40
21.22481499403165
 41
9.025247021954053
 68
     0
 69
     0
 12
5.249999639556164
 22
4.01612352170023
 13
0.0
 23
0.0
 14
0.5
 24
0.5
 15
0.5
 25
0.5
 16
0.0
 26
0.0
 36
1.0
 17
0.0
 27
0.0
 37
0.0
 42
50.0
 43
0.0
 44
0.0
 45
9.025247021954053
 50
0.0
 51
0.0
 72
  1000
 90
   819232
  1

281
     0
 71
     1
 74
     0
110
0.0
120
0.0
130
0.0
111
1.0
121
0.0
131
0.0
112
0.0
122
1.0
132
0.0
 79
     0
146
0.0
170
     0
 61
     5
348
9F
292
     1
282
     1
141
0.0
142
0.0
 63
   250
421
  3355443
  0
VIEWPORT
  5
366
102
{ACAD_XDICTIONARY
360
367
102
}
330
5D
100
AcDbEntity
 67
     1
  8
Rooms
348
9F
100
AcDbViewport
 10
5.24999976158142
 20
3.999999761581421
 30
0.0
 40
8.399999618530275
 41
6.399999618530272
 68
     0
 69
     0
 12
8498.118650391942
 22
15512.89689832721
 13
0.0
 23
0.0
 14
0.5
 24
0.5
 15
0.5
 25
0.5
 16
0.0
 26
0.0
 36
1.0
 17
0.0
 27
0.0
 37
0.0
 42
50.0
 43
0.0
 44
0.0
 45
29372.61147834867
 50
0.0
 51
0.0
 72
  1000
 90
   819808
  1

281
     0
 71
     1
 74
     0
110
0.0
120
0.0
130
0.0
111
1.0
121
0.0
131
0.0
112
0.0
122
1.0
132
0.0
 79
     0
146
0.0
170
     0
 61
     5
348
9F
292
     1
282
     1
141
0.0
142
0.0
 63
   250
421
  3355443
  0
ENDBLK
  5
60
330
5D
100
AcDbEntity
 67
     1
  8
0
100
AcDbBlockEnd
  0
BLOCK
  5
387
330
383
100
AcDbEntity
  8
0
100
AcDbBlockBegin
  2
A$Ca14dbb6b
 70
     0
 10
0.0
 20
0.0
 30
0.0
  3
A$Ca14dbb6b
  1

  0
MTEXT
  5
384
330
383
100
AcDbEntity
  8
Rooms
100
AcDbMText
 10
0.0
 20
102.1145975443396
 30
0.0
 40
100.0
 41
0.0
 46
0.0
 71
     1
 72
     5
  1
A109
 73
     1
 44
1.0
  0
ENDBLK
  5
388
330
383
100
AcDbEntity
  8
0
100
AcDbBlockEnd
  0
ENDSEC
  0
SECTION
  2
ENTITIES
  0
MTEXT
  5
689
330
1F
100
AcDbEntity
  8
Rooms
100
AcDbMText
 10
38828.05477721161
 20
38491.84220601704
 30
0.0
 40
0.1
 41
0.4333219645293316
 46
0.0
 71
     1
 72
     1
  1
   
  7
Annotative
 73
     1
 44
1.0
  0
IMAGE
  5
74A
330
1F
100
AcDbEntity
  8
Walls
160
               140
310
8C000000010000008400000006000000050000004DA21ABF92F4E2404A4E56167DC8E24000000000000000004DA21ABF92F4E240813EC3E4B4CDE2400000000000000000418D56D287FBE240813EC3E4B4CDE2400000000000000000418D56D287FBE2404A4E56167DC8E24000000000000000004DA21ABF92F4E2404A4E56
310
167DC8E2400000000000000000
100
AcDbRasterImage
 90
        0
 10
38820.58582812976
 20
38467.9089767007
 30
0.0
 11
0.0347866236918526
 21
0.0
 31
0.0
 12
0.0
 22
0.0347866236918526
 32
0.0
 13
1600.0
 23
1200.0
340
748
 70
     7
280
     0
281
    50
282
    50
283
     0
290
     0
360
749
 71
     1
 91
        2
 14
-0.5
 24
-0.5
 14
1599.5
 24
1199.5
  0
LWPOLYLINE
  5
74B
330
1F
100
AcDbEntity
  8
Walls
100
AcDbPolyline
 90
        8
 70
     0
 43
0.0
 10
38831.49742209716
 20
38489.99188923839
 10
38824.87889374246
 20
38489.99188923839
 10
38824.87889374246
 20
38503.50388896733
 10
38869.45797105682
 20
38503.50388896733
 10
38869.45797105682
 20
38476.14592031048
 10
38845.26864424428
 20
38476.14592031048
 10
38845.26864424428
 20
38494.68742895462
 10
38843.77704292013
 20
38494.68742895462
  0
LWPOLYLINE
  5
752
330
1F
100
AcDbEntity
  8
Walls
100
AcDbPolyline
 90
        4
 70
     0
 43
0.0
 10
38845.26864424428
 20
38476.14592031048
 10
38845.26864424428
 20
38473.96822627248
 10
38824.87889374246
 20
38473.96822627248
 10
38824.87889374246
 20
38489.99188923839
  0
LWPOLYLINE
  5
753
330
1F
100
AcDbEntity
  8
Walls
100
AcDbPolyline
 90
        5
 70
     0
 43
0.0
 10
38841.86542193788
 20
38481.75301266804
 10
38838.75768138876
 20
38481.75301266804
 10
38838.75768138876
 20
38480.02333699495
 10
38841.86542193788
 20
38480.02333699495
 10
38841.86542193788
 20
38480.65268799631
  0
LWPOLYLINE
  5
754
330
1F
100
AcDbEntity
  8
Walls
100
AcDbPolyline
 90
        2
 70
     0
 43
0.0
 10
38841.86542193788
 20
38480.02333699495
 10
38845.26864424427
 20
38480.02333699495
  0
LWPOLYLINE
  5
755
330
1F
100
AcDbEntity
  8
Walls
100
AcDbPolyline
 90
        3
 70
     0
 43
0.0
 10
38838.75768138876
 20
38480.02333699495
 10
38831.49742209715
 20
38480.02333699494
 10
38831.49742209716
 20
38489.99188923839
  0
LWPOLYLINE
  5
756
330
1F
100
AcDbEntity
  8
Walls
100
AcDbPolyline
 90
        4
 70
     0
 43
0.0
 10
38838.75768138876
 20
38481.75301266804
 10
38838.75768138876
 20
38493.51544216813
 10
38831.49742209716
 20
38493.51544216813
 10
38831.49742209716
 20
38489.99188923839
  0
LWPOLYLINE
  5
757
330
1F
100
AcDbEntity
  8
Walls
100
AcDbPolyline
 90
        3
 70
     0
 43
0.0
 10
38838.75768138876
 20
38493.51544216813
 10
38840.84848427148
 20
38493.51544216813
 10
38840.84848427148
 20
38484.27453814161
  0
LWPOLYLINE
  5
759
330
1F
100
AcDbEntity
  8
Walls
100
AcDbPolyline
 90
        2
 70
     0
 43
0.0
 10
38840.69620992994
 20
38494.68742895462
 10
38840.69620992994
 20
38498.09701583234
  0
LWPOLYLINE
  5
75A
330
1F
100
AcDbEntity
  8
Walls
100
AcDbPolyline
 90
        2
 70
     0
 43
0.0
 10
38843.92531248064
 20
38494.68742895462
 10
38843.92531248064
 20
38498.09701583234
  0
LWPOLYLINE
  5
75B
330
1F
100
AcDbEntity
  8
Walls
100
AcDbPolyline
 90
        3
 70
     0
 43
0.0
 10
38828.39170234404
 20
38489.99188923839
 10
38828.39170234404
 20
38493.74400043456
 10
38824.87889374246
 20
38493.74400043456
  0
LWPOLYLINE
  5
75C
330
1F
100
AcDbEntity
  8
Walls
100
AcDbPolyline
 90
        3
 70
     0
 43
0.0
 10
38824.87889374246
 20
38494.65776570361
 10
38827.19655763352
 20
38494.65776570361
 10
38827.19655763353
 20
38493.74400043457
  0
LWPOLYLINE
  5
75D
330
1F
100
AcDbEntity
  8
Walls
100
AcDbPolyline
 90
        5
 70
     0
 43
0.0
 10
38827.19655763352
 20
38494.65776570361
 10
38827.19655763352
 20
38495.59982677482
 10
38826.43576220809
 20
38495.59982677482
 10
38826.43576220809
 20
38496.01301141576
 10
38824.87889374246
 20
38496.01301141576
  0
LWPOLYLINE
  5
75E
330
1F
100
AcDbEntity
  8
Walls
100
AcDbPolyline
 90
        5
 70
     0
 43
0.0
 10
38826.43576220809
 20
38496.01301141576
 10
38826.43576220809
 20
38496.41595731846
 10
38827.30289186879
 20
38496.41595731846
 10
38827.30289186879
 20
38497.18600455476
 10
38824.87889374246
 20
38497.18600455476
  0
LWPOLYLINE
  5
75F
330
1F
100
AcDbEntity
  8
Walls
100
AcDbPolyline
 90
        3
 70
     0
 43
0.0
 10
38827.30289186879
 20
38497.18600455476
 10
38827.30289186879
 20
38499.75868128198
 10
38824.87889374247
 20
38499.75868128199
  0
LWPOLYLINE
  5
760
330
1F
100
AcDbEntity
  8
Walls
100
AcDbPolyline
 90
        3
 70
     0
 43
0.0
 10
38827.30289186879
 20
38499.75868128198
 10
38830.27643099948
 20
38499.75868128198
 10
38830.27643099949
 20
38503.50388896733
  0
LWPOLYLINE
  5
761
330
1F
100
AcDbEntity
  8
Walls
100
AcDbPolyline
 90
        3
 70
     0
 43
0.0
 10
38830.27643099948
 20
38499.75868128198
 10
38834.10092580674
 20
38499.75868128198
 10
38834.10092580674
 20
38503.50388896733
  0
LWPOLYLINE
  5
762
330
1F
100
AcDbEntity
  8
Walls
100
AcDbPolyline
 90
        3
 70
     0
 43
0.0
 10
38834.10092580674
 20
38499.75868128198
 10
38836.8282286588
 20
38499.75868128198
 10
38836.8282286588
 20
38503.50388896733
  0
LWPOLYLINE
  5
763
330
1F
100
AcDbEntity
  8
Walls
100
AcDbPolyline
 90
        3
 70
     0
 43
0.0
 10
38836.8282286588
 20
38499.75868128198
 10
38841.67269105713
 20
38499.75868128198
 10
38841.67269105713
 20
38503.50388896733
  0
LWPOLYLINE
  5
764
330
1F
100
AcDbEntity
  8
Walls
100
AcDbPolyline
 90
        3
 70
     0
 43
0.0
 10
38841.67269105713
 20
38499.75868128198
 10
38844.02194130994
 20
38499.75868128198
 10
38844.02194130994
 20
38503.50388896733
  0
LWPOLYLINE
  5
765
330
1F
100
AcDbEntity
  8
Walls
100
AcDbPolyline
 90
        3
 70
     0
 43
0.0
 10
38844.02194130994
 20
38499.75868128198
 10
38846.3632543533
 20
38499.75868128198
 10
38846.3632543533
 20
38503.50388896733
  0
LWPOLYLINE
  5
766
330
1F
100
AcDbEntity
  8
Walls
100
AcDbPolyline
 90
        3
 70
     0
 43
0.0
 10
38846.3632543533
 20
38499.75868128198
 10
38848.70456612732
 20
38499.75868128198
 10
38848.70456612731
 20
38503.50388896733
  0
LWPOLYLINE
  5
767
330
1F
100
AcDbEntity
  8
Walls
100
AcDbPolyline
 90
        3
 70
     0
 43
0.0
 10
38848.70456612732
 20
38499.75868128198
 10
38849.81531594819
 20
38499.75868128198
 10
38849.81531594819
 20
38503.50388896733
  0
LWPOLYLINE
  5
768
330
1F
100
AcDbEntity
  8
Walls
100
AcDbPolyline
 90
        3
 70
     0
 43
0.0
 10
38849.81531594819
 20
38499.75868128198
 10
38851.13696477374
 20
38499.75868128198
 10
38851.13696477375
 20
38503.50388896733
  0
LWPOLYLINE
  5
769
330
1F
100
AcDbEntity
  8
Walls
100
AcDbPolyline
 90
        3
 70
     0
 43
0.0
 10
38851.13696477374
 20
38499.75868128198
 10
38853.54304483696
 20
38499.75868128198
 10
38853.54304483696
 20
38503.50388896733
  0
LWPOLYLINE
  5
76A
330
1F
100
AcDbEntity
  8
Walls
100
AcDbPolyline
 90
        3
 70
     0
 43
0.0
 10
38853.54304483696
 20
38499.75868128198
 10
38856.01690153519
 20
38499.75868128198
 10
38856.01690153519
 20
38503.50388896733
  0
LWPOLYLINE
  5
76B
330
1F
100
AcDbEntity
  8
Walls
100
AcDbPolyline
 90
        3
 70
     0
 43
0.0
 10
38856.01690153519
 20
38499.75868128198
 10
38858.35520496339
 20
38499.75868128198
 10
38858.35520496339
 20
38503.50388896733
  0
LWPOLYLINE
  5
76C
330
1F
100
AcDbEntity
  8
Walls
100
AcDbPolyline
 90
        3
 70
     0
 43
0.0
 10
38858.35520496339
 20
38499.75868128198
 10
38864.11065667349
 20
38499.75868128198
 10
38864.11065667351
 20
38503.50388896732
  0
LWPOLYLINE
  5
76E
330
1F
100
AcDbEntity
  8
Walls
100
AcDbPolyline
 90
        3
 70
     0
 43
0.0
 10
38864.11065667349
 20
38499.75868128198
 10
38866.78504691145
 20
38499.75868128198
 10
38866.78504691145
 20
38503.50388896732
  0
LWPOLYLINE
  5
76F
330
1F
100
AcDbEntity
  8
Walls
100
AcDbPolyline
 90
        3
 70
     0
 43
0.0
 10
38866.78504691145
 20
38499.75868128198
 10
38868.00484228686
 20
38499.75868128198
 10
38868.00484228686
 20
38503.50388896732
  0
LWPOLYLINE
  5
770
330
1F
100
AcDbEntity
  8
Walls
100
AcDbPolyline
 90
        2
 70
     0
 43
0.0
 10
38868.00484228686
 20
38499.75868128198
 10
38869.45797105682
 20
38499.75868128198
  0
LWPOLYLINE
  5
771
330
1F
100
AcDbEntity
  8
Walls
100
AcDbPolyline
 90
        4
 70
     0
 43
0.0
 10
38831.38385386914
 20
38494.68742895462
 10
38831.38385386914
 20
38498.17763241802
 10
38837.64730348574
 20
38498.17763241802
 10
38837.64730348574
 20
38494.68742895462
  0
LWPOLYLINE
  5
772
330
1F
100
AcDbEntity
  8
Walls
100
AcDbPolyline
 90
        2
 70
     0
 43
0.0
 10
38833.8585838762
 20
38498.17763241802
 10
38833.8585838762
 20
38494.68742895462
  0
LWPOLYLINE
  5
773
330
1F
100
AcDbEntity
  8
Walls
100
AcDbPolyline
 90
        2
 70
     0
 43
0.0
 10
38837.64730348574
 20
38496.37224500457
 10
38833.8585838762
 20
38496.37224500457
  0
LWPOLYLINE
  5
775
330
1F
100
AcDbEntity
  8
Walls
100
AcDbPolyline
 90
        3
 70
     0
 43
0.0
 10
38845.26864424428
 20
38494.68742895462
 10
38854.78927938328
 20
38494.68742895462
 10
38854.78927938328
 20
38476.14592031048
  0
LWPOLYLINE
  5
776
330
1F
100
AcDbEntity
  8
Walls
100
AcDbPolyline
 90
        4
 70
     0
 43
0.0
 10
38854.78927938328
 20
38494.68742895462
 10
38861.52989834313
 20
38494.68742895462
 10
38861.52989834313
 20
38484.95781017994
 10
38854.78927938328
 20
38484.95781017995
  0
LWPOLYLINE
  5
777
330
1F
100
AcDbEntity
  8
Walls
100
AcDbPolyline
 90
        2
 70
     0
 43
0.0
 10
38861.52989834313
 20
38487.46863553859
 10
38854.78927938328
 20
38487.46863553859
  0
LWPOLYLINE
  5
778
330
1F
100
AcDbEntity
  8
Walls
100
AcDbPolyline
 90
        2
 70
     0
 43
0.0
 10
38854.78927938328
 20
38487.46863553859
 10
38861.52989834313
 20
38487.46863553859
  0
LWPOLYLINE
  5
77A
330
1F
100
AcDbEntity
  8
Walls
100
AcDbPolyline
 90
        3
 70
     0
 43
0.0
 10
38861.52989834313
 20
38484.95781017994
 10
38861.52989834313
 20
38484.95781017994
 10
38861.52989834313
 20
38487.46863553859
  0
LWPOLYLINE
  5
77B
330
1F
100
AcDbEntity
  8
Walls
100
AcDbPolyline
 90
        2
 70
     0
 43
0.0
 10
38861.52989834313
 20
38489.79486204017
 10
38854.78927938328
 20
38489.79486204018
  0
LWPOLYLINE
  5
77C
330
1F
100
AcDbEntity
  8
Walls
100
AcDbPolyline
 90
        5
 70
     0
 43
0.0
 10
38846.51146806266
 20
38493.42993365349
 10
38853.65671842055
 20
38493.42993365349
 10
38853.65671842055
 20
38481.56252283006
 10
38846.51146806266
 20
38481.56252283006
 10
38846.51146806266
 20
38493.42993365349
  0
LWPOLYLINE
  5
77D
330
1F
100
AcDbEntity
  8
Walls
100
AcDbPolyline
 90
        5
 70
     0
 43
0.0
 10
38868.29853934615
 20
38498.23246571334
 10
38868.29853934615
 20
38496.73192055735
 10
38862.93988083346
 20
38496.73192055735
 10
38862.93988083346
 20
38498.23246571334
 10
38868.29853934615
 20
38498.23246571334
  0
LWPOLYLINE
  5
77E
330
1F
100
AcDbEntity
  8
Walls
100
AcDbPolyline
 90
        2
 70
     0
 43
0.0
 10
38865.8841983907
 20
38498.23246571334
 10
38865.88419839071
 20
38496.73192055735
  0
LWPOLYLINE
  5
77F
330
1F
100
AcDbEntity
  8
Walls
100
AcDbPolyline
 90
       14
 70
     0
 43
0.0
 10
38865.97719689552
 20
38495.14681034221
 10
38865.97719689552
 20
38496.07037070079
 10
38868.29853934616
 20
38496.07037070079
 10
38868.29853934616
 20
38490.58555410397
 10
38865.97719689551
 20
38490.58555410397
 10
38863.0913973765
 20
38490.58555410397
 10
38863.0913973765
 20
38496.07037070079
 10
38865.44907734433
 20
38496.07037070079
 10
38865.44907734432
 20
38495.1468103422
 10
38865.44907734432
 20
38491.58450722512
 10
38866.37328687624
 20
38491.58450722512
 10
38866.37328687624
 20
38495.14681034221
 10
38865.97719689552
 20
38495.14681034221
 10
38865.97719689552
 20
38495.14681034221
  0
LWPOLYLINE
  5
780
330
1F
100
AcDbEntity
  8
Walls
100
AcDbPolyline
 90
        4
 70
     0
 43
0.0
 10
38868.29853934616
 20
38489.99802113741
 10
38863.0913973765
 20
38489.99802113741
 10
38863.0913973765
 20
38484.95781017994
 10
38868.29853934616
 20
38484.95781017994
  0
LWPOLYLINE
  5
781
330
1F
100
AcDbEntity
  8
Walls
100
AcDbPolyline
 90
        2
 70
     0
 43
0.0
 10
38868.29853934616
 20
38484.95781017994
 10
38868.29853934616
 20
38489.99802113741
  0
LWPOLYLINE
  5
782
330
1F
100
AcDbEntity
  8
Walls
100
AcDbPolyline
 90
        4
 70
     0
 43
0.0
 10
38853.5496327335
 20
38494.68742895462
 10
38853.5496327335
 20
38498.17075642466
 10
38847.76913432309
 20
38498.17075642466
 10
38847.76913432309
 20
38494.68742895462
  0
LWPOLYLINE
  5
783
330
1F
100
AcDbEntity
  8
Walls
100
AcDbPolyline
 90
        2
 70
     0
 43
0.0
 10
38852.35683123243
 20
38494.68742895462
 10
38852.35683123243
 20
38498.17075642466
  0
LWPOLYLINE
  5
784
330
1F
100
AcDbEntity
  8
Walls
100
AcDbPolyline
 90
        9
 70
     0
 43
0.0
 10
38856.55418194366
 20
38483.92027253774
 10
38860.3159343351
 20
38483.92027253774
 10
38860.3159343351
 20
38481.38190726448
 10
38856.61235345092
 20
38481.38190726448
 10
38856.61235345092
 20
38482.54451733902
 10
38857.2328482589
 20
38482.54451733902
 10
38857.2328482589
 20
38483.20332948997
 10
38856.55418194366
 20
38483.20332948997
 10
38856.55418194366
 20
38483.92027253774
  0
LWPOLYLINE
  5
785
330
1F
100
AcDbEntity
  8
Walls
100
AcDbPolyline
 90
        6
 70
     0
 43
0.0
 10
38868.29853934616
 20
38483.71085911693
 10
38868.29853934616
 20
38476.92431207351
 10
38856.73622748472
 20
38476.92431207351
 10
38856.73622748472
 20
38478.25683061714
 10
38859.09303414371
 20
38478.25683061714
 10
38859.09303414371
 20
38476.92431207351
  0
LWPOLYLINE
  5
786
330
1F
100
AcDbEntity
  8
Walls
100
AcDbPolyline
 90
        4
 70
     0
 43
0.0
 10
38859.09303414371
 20
38478.25683061714
 10
38859.09303414371
 20
38479.03155020436
 10
38856.61235345092
 20
38479.03155020437
 10
38856.61235345092
 20
38481.38190726448
  0
LWPOLYLINE
  5
787
330
1F
100
AcDbEntity
  8
Walls
100
AcDbPolyline
 90
        2
 70
     0
 43
0.0
 10
38859.09303414371
 20
38479.03155020436
 10
38859.09303414371
 20
38481.38190726448
  0
LWPOLYLINE
  5
788
330
1F
100
AcDbEntity
  8
Walls
100
AcDbPolyline
 90
        2
 70
     0
 43
0.0
 10
38859.09303414371
 20
38478.56671867666
 10
38868.29853934616
 20
38478.56671867666
  0
LWPOLYLINE
  5
789
330
1F
100
AcDbEntity
  8
Walls
100
AcDbPolyline
 90
        2
 70
     0
 43
0.0
 10
38860.3159343351
 20
38481.38190726448
 10
38868.29853934616
 20
38481.38190726448
  0
LWPOLYLINE
  5
78A
330
1F
100
AcDbEntity
  8
Walls
100
AcDbPolyline
 90
        2
 70
     0
 43
0.0
 10
38861.97702103917
 20
38483.71085911693
 10
38861.97702103917
 20
38481.38190726448
  0
LWPOLYLINE
  5
78B
330
1F
100
AcDbEntity
  8
Walls
100
AcDbPolyline
 90
        2
 70
     0
 43
0.0
 10
38868.29853934616
 20
38483.71085911693
 10
38868.29853934616
 20
38483.71085911693
  0
LWPOLYLINE
  5
78D
330
1F
100
AcDbEntity
  8
Walls
100
AcDbPolyline
 90
        2
 70
     0
 43
0.0
 10
38868.29853934616
 20
38483.71085911693
 10
38861.97702103917
 20
38483.71085911693
  0
LWPOLYLINE
  5
78E
330
1F
100
AcDbEntity
  8
Walls
100
AcDbPolyline
 90
        2
 70
     0
 43
0.0
 10
38842.43705841722
 20
38494.68742895462
 10
38831.38385386914
 20
38494.68742895462
  0
LWPOLYLINE
  5
78F
330
1F
100
AcDbEntity
  8
Walls
100
AcDbPolyline
 90
        2
 70
     0
 43
0.0
 10
38844.39723689354
 20
38492.73040802928
 10
38844.39723689354
 20
38486.8772973016
  0
LWPOLYLINE
  5
790
330
1F
100
AcDbEntity
  8
Walls
100
AcDbPolyline
 90
        2
 70
     0
 43
0.0
 10
38842.43427347598
 20
38486.8772973016
 10
38842.43427347598
 20
38492.73040802928
  0
LWPOLYLINE
  5
791
330
1F
100
AcDbEntity
  8
Paths
100
AcDbPolyline
 90
        2
 70
     0
 43
0.0
 10
38843.11025893621
 20
38495.37559267931
 10
38843.11025893621
 20
38492.03050333814
  0
MTEXT
  5
795
330
1F
100
AcDbEntity
  8
Rooms
100
AcDbMText
 10
38842.47364853391
 20
38496.29420214297
 30
0.0
 40
0.1
 41
1.246441449423032
 46
0.0
 71
     1
 72
     1
  1
Yürüyen merdiven 1
  7
Annotative
 73
     1
 44
1.0
  0
MTEXT
  5
796
330
1F
100
AcDbEntity
  8
Rooms
100
AcDbMText
 10
38842.82170652907
 20
38490.45109359025
 30
0.0
 40
0.1
 41
1.285354706684856
 46
0.0
 71
     1
 72
     1
  1
Yürüyen merdiven 2
  7
Annotative
 73
     1
 44
1.0
  0
LWPOLYLINE
  5
7A6
330
1F
100
AcDbEntity
  8
Walls
100
AcDbPolyline
 90
        2
 70
     0
 43
0.0
 10
38840.84848427148
 20
38484.89162275999
 10
38838.75768138876
 20
38484.89162275999
  0
MTEXT
  5
7AF
330
1F
100
AcDbEntity
  8
Rooms
100
AcDbMText
 10
38839.19158995223
 20
38483.824776329
 30
0.0
 40
0.1
 41
1.304549795361527
 46
0.0
 71
     1
 72
     1
  1
REVIR
  7
Annotative
 73
     1
 44
1.0
  0
MTEXT
  5
7B0
330
1F
100
AcDbEntity
  8
Rooms
100
AcDbMText
 10
38839.97299919606
 20
38480.83748529358
 30
0.0
 40
0.1
 41
0.5537926330150068
 46
0.0
 71
     1
 72
     1
  1
Kırtasiye
  7
Annotative
 73
     1
 44
1.0
  0
LWPOLYLINE
  5
7B1
330
1F
100
AcDbEntity
  8
Walls
100
AcDbPolyline
 90
        2
 70
     0
 43
0.0
 10
38840.84848427148
 20
38483.91411128752
 10
38840.84848427148
 20
38481.75301266804
  0
LWPOLYLINE
  5
7B2
330
1F
100
AcDbEntity
  8
Walls
100
AcDbPolyline
 90
        2
 70
     0
 43
0.0
 10
38841.86542193788
 20
38481.1361873396
 10
38841.86542193788
 20
38481.75301266804
  0
LWPOLYLINE
  5
7B3
330
1F
100
AcDbEntity
  8
Paths
100
AcDbPolyline
 90
        4
 70
     0
 43
0.0
 10
38843.11025893621
 20
38493.86830036013
 10
38841.54503508156
 20
38493.86830036013
 10
38841.54503508156
 20
38484.04224035442
 10
38840.40678894753
 20
38484.04224035442
  0
LWPOLYLINE
  5
7B4
330
1F
100
AcDbEntity
  8
Paths
100
AcDbPolyline
 90
        4
 70
     0
 43
0.0
 10
38841.54503508156
 20
38484.04224035442
 10
38843.00354989461
 20
38484.04224035442
 10
38843.00354989461
 20
38480.90026570738
 10
38841.25770099323
 20
38480.90026570738
  0
VIEWPORT
  5
350
102
{ACAD_XDICTIONARY
360
351
102
}
330
58
100
AcDbEntity
 67
     1
  8
0
348
9F
100
AcDbViewport
 10
5.249999639556164
 20
4.01612352170023
 30
0.0
 40
21.22481499403165
 41
9.025247021954053
 68
     1
 69
     1
 12
5.249999639556164
 22
4.01612352170023
 13
0.0
 23
0.0
 14
0.5
 24
0.5
 15
0.5
 25
0.5
 16
0.0
 26
0.0
 36
1.0
 17
0.0
 27
0.0
 37
0.0
 42
50.0
 43
0.0
 44
0.0
 45
9.025247021954053
 50
0.0
 51
0.0
 72
  1000
 90
   819232
  1

281
     0
 71
     1
 74
     0
110
0.0
120
0.0
130
0.0
111
1.0
121
0.0
131
0.0
112
0.0
122
1.0
132
0.0
 79
     0
146
0.0
170
     0
 61
     5
348
9F
292
     1
282
     1
141
0.0
142
0.0
 63
   250
421
  3355443
  0
VIEWPORT
  5
355
102
{ACAD_XDICTIONARY
360
356
102
}
330
58
100
AcDbEntity
 67
     1
  8
Rooms
348
9F
100
AcDbViewport
 10
5.24999976158142
 20
3.999999761581421
 30
0.0
 40
8.399999618530275
 41
6.399999618530272
 68
     2
 69
     2
 12
8498.118650391942
 22
15512.89689832721
 13
0.0
 23
0.0
 14
0.5
 24
0.5
 15
0.5
 25
0.5
 16
0.0
 26
0.0
 36
1.0
 17
0.0
 27
0.0
 37
0.0
 42
50.0
 43
0.0
 44
0.0
 45
29372.61147834867
 50
0.0
 51
0.0
 72
  1000
 90
   819808
  1

281
     0
 71
     1
 74
     0
110
0.0
120
0.0
130
0.0
111
1.0
121
0.0
131
0.0
112
0.0
122
1.0
132
0.0
 79
     0
146
0.0
170
     0
 61
     5
348
9F
292
     1
282
     1
141
0.0
142
0.0
 63
   250
421
  3355443
  0
ENDSEC
  0
SECTION
  2
OBJECTS
  0
DICTIONARY
  5
C
330
0
100
AcDbDictionary
281
     1
  3
ACAD_BACKGROUND
350
50F
  3
ACAD_CIP_PREVIOUS_PRODUCT_INFO
350
1A5
  3
ACAD_COLOR
350
73
  3
ACAD_DETAILVIEWSTYLE
350
1AB
  3
ACAD_GROUP
350
D
  3
ACAD_IMAGE_DICT
350
26C
  3
ACAD_IMAGE_VARS
350
26E
  3
ACAD_LAST_SAVED_VERSION_INFO
350
307
  3
ACAD_LAYOUT
350
1A
  3
ACAD_MATERIAL
350
72
  3
ACAD_MLEADERSTYLE
350
D7
  3
ACAD_MLINESTYLE
350
17
  3
ACAD_PLOTSETTINGS
350
19
  3
ACAD_PLOTSTYLENAME
350
E
  3
ACAD_RENDER_ACTIVE_RAPIDRT_SETTINGS
350
343
  3
ACAD_RENDER_RAPIDRT_SETTINGS
350
33C
  3
ACAD_SCALELIST
350
B6
  3
ACAD_SECTIONVIEWSTYLE
350
1A8
  3
ACAD_TABLESTYLE
350
86
  3
ACAD_VISUALSTYLE
350
99
  3
ACDB_RECOMPOSE_DATA
350
7DC
  3
AcDbVariableDictionary
350
66
  0
DICTIONARY
  5
18E
330
2
100
AcDbDictionary
280
     1
281
     1
  3
ACAD_LAYERSTATES
360
18F
  0
DICTIONARY
  5
E6
330
10
100
AcDbDictionary
280
     1
281
     1
  0
DICTIONARY
  5
15D
330
1F
100
AcDbDictionary
280
     1
281
     1
  3
ACAD_SORTENTS
360
290
  0
DICTIONARY
  5
385
330
383
100
AcDbDictionary
280
     1
281
     1
  3
ACAD_SORTENTS
360
386
  0
DICTIONARY
  5
363
330
362
100
AcDbDictionary
280
     1
281
     1
  3
ASDK_XREC_ANNOTATION_SCALE_INFO
360
364
  0
DICTIONARY
  5
367
330
366
100
AcDbDictionary
280
     1
281
     1
  3
ASDK_XREC_ANNOTATION_SCALE_INFO
360
368
  0
IMAGEDEF_REACTOR
  5
749
330
74A
100
AcDbRasterImageDefReactor
 90
        2
330
74A
  0
DICTIONARY
  5
351
330
350
100
AcDbDictionary
280
     1
281
     1
  3
ASDK_XREC_ANNOTATION_SCALE_INFO
360
352
  0
DICTIONARY
  5
356
330
355
100
AcDbDictionary
280
     1
281
     1
  3
ASDK_XREC_ANNOTATION_SCALE_INFO
360
357
  0
DICTIONARY
  5
50F
102
{ACAD_REACTORS
330
C
102
}
330
C
100
AcDbDictionary
281
     1
  0
XRECORD
  5
1A5
102
{ACAD_REACTORS
330
C
102
}
330
C
100
AcDbXrecord
280
     1
300
ACD
300
2027
300

  0
DICTIONARY
  5
73
102
{ACAD_REACTORS
330
C
102
}
330
C
100
AcDbDictionary
281
     1
  0
DICTIONARY
  5
1AB
102
{ACAD_REACTORS
330
C
102
}
330
C
100
AcDbDictionary
281
     1
  3
Imperial24
350
1AC
  0
DICTIONARY
  5
D
102
{ACAD_REACTORS
330
C
102
}
330
C
100
AcDbDictionary
281
     1
  0
DICTIONARY
  5
26C
102
{ACAD_REACTORS
330
C
102
}
330
C
100
AcDbDictionary
281
     1
  3
1
350
26D
  3
2
350
4E8
  3
IMG_3289
350
57D
  3
WhatsApp Image 2026-09-14 at 11.56.48 AM
350
6DA
  3
WhatsApp Image 2026-09-14 at 9.39.50 PM
350
748
  0
RASTERVARIABLES
  5
26E
102
{ACAD_REACTORS
330
C
102
}
330
C
100
AcDbRasterVariables
 90
        0
 70
     1
 71
     1
 72
     3
  0
XRECORD
  5
307
102
{ACAD_REACTORS
330
C
102
}
330
C
100
AcDbXrecord
280
     1
300
{77CB2B04-A336-524C-9DA8-A0A4E5B7CE5A}
301
{F1B68C8C-E94D-984A-9764-252389E13F1C}
302
{77CB2B04-A336-524C-9DA8-A0A4E5B7CE5A}
303
C:\Users\lenovo\campy\data\kaNEW_1.dxf
  0
DICTIONARY
  5
1A
102
{ACAD_REACTORS
330
C
102
}
330
C
100
AcDbDictionary
281
     1
  3
Layout1
350
59
  3
Layout2
350
5E
  3
Model
350
22
  0
DICTIONARY
  5
72
102
{ACAD_REACTORS
330
C
102
}
330
C
100
AcDbDictionary
281
     1
  3
ByBlock
350
97
  3
ByLayer
350
96
  3
Global
350
98
  0
DICTIONARY
  5
D7
102
{ACAD_REACTORS
330
C
102
}
330
C
100
AcDbDictionary
281
     1
  3
Annotative
350
E5
  3
Standard
350
D8
  0
DICTIONARY
  5
17
102
{ACAD_REACTORS
330
C
102
}
330
C
100
AcDbDictionary
281
     1
  3
Standard
350
18
  0
DICTIONARY
  5
19
102
{ACAD_REACTORS
330
C
102
}
330
C
100
AcDbDictionary
281
     1
  0
ACDBDICTIONARYWDFLT
  5
E
102
{ACAD_REACTORS
330
C
102
}
330
C
100
AcDbDictionary
281
     1
  3
Normal
350
F
100
AcDbDictionaryWithDefault
340
F
  0
ACAD_PROXY_OBJECT
  5
343
102
{ACAD_REACTORS
330
C
102
}
330
C
100
AcDbProxyObject
 90
      499
 91
      520
 71
    33
 97
      427
 70
     0
162
               534
311
419340194019001A401D401B4024690401C001C001B001A4019401CC008000D4008001C8019401B80190019401C801A401B8019C008001B0019401D8019401B001CC00
161
               201
310
40AE40E4150140502000000000000021000000000000000840CC
 94
        0
  0
DICTIONARY
  5
33C
102
{ACAD_REACTORS
330
C
102
}
330
C
100
AcDbDictionary
281
     1
  3
Coffee-Break Quality
350
340
  3
High
350
33F
  3
Low
350
33D
  3
Lunch Quality
350
341
  3
Medium
350
33E
  3
Overnight Quality
350
342
  0
DICTIONARY
  5
B6
102
{ACAD_REACTORS
330
C
102
}
330
C
100
AcDbDictionary
281
     1
  3
A0
350
B7
  3
A1
350
124
  3
A2
350
125
  3
A3
350
126
  3
A4
350
127
  3
A5
350
128
  3
A6
350
129
  3
A7
350
12A
  3
A8
350
12B
  3
A9
350
12C
  3
B0
350
12D
  3
B1
350
12E
  3
B2
350
12F
  3
B3
350
130
  3
B4
350
131
  3
B5
350
132
  3
B6
350
133
  3
B7
350
134
  3
B8
350
135
  3
B9
350
136
  3
C0
350
137
  3
C1
350
138
  3
C2
350
139
  3
C3
350
13A
  3
C4
350
13B
  3
C5
350
13C
  3
C6
350
13D
  3
C7
350
13E
  3
C8
350
13F
  3
C9
350
140
  3
D0
350
141
  3
D1
350
142
  3
D2
350
143
  0
DICTIONARY
  5
1A8
102
{ACAD_REACTORS
330
C
102
}
330
C
100
AcDbDictionary
281
     1
  3
Imperial24
350
1AA
  0
DICTIONARY
  5
86
102
{ACAD_REACTORS
330
C
102
}
330
C
100
AcDbDictionary
281
     1
  3
Standard
350
87
  0
DICTIONARY
  5
99
102
{ACAD_REACTORS
330
C
102
}
330
C
100
AcDbDictionary
281
     1
  3
2dWireframe
350
9F
  3
Basic
350
9E
  3
Brighten
350
A5
  3
ColorChange
350
A9
  3
Conceptual
350
A2
  3
Dim
350
A4
  3
EdgeColorOff
350
175
  3
Facepattern
350
A8
  3
Flat
350
9A
  3
FlatWithEdges
350
9B
  3
Gouraud
350
9C
  3
GouraudWithEdges
350
9D
  3
Hidden
350
A1
  3
JitterOff
350
173
  3
Linepattern
350
A7
  3
OverhangOff
350
174
  3
Realistic
350
A3
  3
Shaded
350
182
  3
Shaded with edges
350
181
  3
Shades of Gray
350
17E
  3
Sketchy
350
17F
  3
Thicken
350
A6
  3
Wireframe
350
A0
  3
X-Ray
350
180
  0
XRECORD
  5
7DC
102
{ACAD_REACTORS
330
C
102
}
330
C
100
AcDbXrecord
280
     1
 90
        1
330
87
  0
DICTIONARY
  5
66
102
{ACAD_REACTORS
330
C
102
}
330
C
100
AcDbDictionary
281
     1
  3
CANNOSCALE
350
F0
  3
CMLEADERSTYLE
350
EF
  3
CTABLESTYLE
350
89
  3
CVIEWDETAILSTYLE
350
1B7
  3
CVIEWSECTIONSTYLE
350
1B8
  3
DIMASSOC
350
67
  3
HIDETEXT
350
6B
  3
LAYEREVAL
350
14D
  3
LAYERNOTIFY
350
14E
  0
DICTIONARY
  5
18F
102
{ACAD_REACTORS
330
18E
102
}
330
18E
100
AcDbDictionary
281
     1
  0
SORTENTSTABLE
  5
290
102
{ACAD_REACTORS
330
15D
102
}
330
15D
100
AcDbSortentsTable
330
1F
331
689
  5
68B
331
752
  5
753
331
753
  5
754
331
754
  5
756
331
755
  5
757
331
756
  5
759
331
757
  5
75A
331
759
  5
75C
331
75A
  5
75D
331
75B
  5
75E
331
75C
  5
75F
331
75D
  5
760
331
75E
  5
761
331
75F
  5
762
331
760
  5
763
331
761
  5
764
331
762
  5
765
331
763
  5
766
331
764
  5
767
331
765
  5
768
331
766
  5
769
331
767
  5
76A
331
768
  5
76B
331
769
  5
76C
331
76A
  5
76E
331
76B
  5
76F
331
76C
  5
770
331
76E
  5
771
331
76F
  5
772
331
770
  5
773
331
771
  5
775
331
772
  5
776
331
773
  5
777
331
775
  5
778
331
776
  5
77A
331
777
  5
77B
331
778
  5
77C
331
77A
  5
77D
331
77B
  5
77E
331
77C
  5
77F
331
77D
  5
780
331
77E
  5
781
331
77F
  5
782
331
780
  5
783
331
781
  5
784
331
782
  5
785
331
783
  5
786
331
784
  5
787
331
785
  5
788
331
786
  5
789
331
787
  5
78A
331
788
  5
78B
331
789
  5
78D
331
78A
  5
78E
331
78B
  5
78F
331
78D
  5
790
331
78E
  5
752
331
78F
  5
791
331
790
  5
795
331
791
  5
796
331
795
  5
7A6
331
796
  5
7AF
331
7A6
  5
7B0
331
7AF
  5
7B1
331
7B0
  5
7B2
331
7B1
  5
75B
331
7B2
  5
755
  0
SORTENTSTABLE
  5
386
102
{ACAD_REACTORS
330
385
102
}
330
385
100
AcDbSortentsTable
330
383
  0
XRECORD
  5
364
102
{ACAD_REACTORS
330
363
102
}
330
363
100
AcDbXrecord
280
     1
 90
        1
340
B7
  0
XRECORD
  5
368
102
{ACAD_REACTORS
330
367
102
}
330
367
100
AcDbXrecord
280
     1
 90
        1
340
B7
  0
XRECORD
  5
352
102
{ACAD_REACTORS
330
351
102
}
330
351
100
AcDbXrecord
280
     1
 90
        1
340
B7
  0
XRECORD
  5
357
102
{ACAD_REACTORS
330
356
102
}
330
356
100
AcDbXrecord
280
     1
 90
        1
340
B7
  0
ACDBDETAILVIEWSTYLE
  5
1AC
102
{ACAD_REACTORS
330
1AB
102
}
330
1AB
100
AcDbModelDocViewStyle
 70
     0
  3
Imperial24
290
     0
300
Imperial24
 90
        0
100
AcDbDetailViewStyle
 70
     0
 71
     0
 90
        3
 71
     1
340
11
 62
   256
 40
0.24
340
0
 62
   256
 40
0.24
300

 40
0.36
280
     3
 71
     2
340
16
 90
       25
 62
   256
 71
     3
340
11
 62
   256
 40
0.24
 90
        1
 40
0.75
 90
        1
300
%<\AcVar ViewType \f "%tc1">% %<\AcVar ViewDetailId>%\PSCALE %<\AcVar ViewScale \f "%sn">%
 71
     4
340
16
 90
       25
 62
   256
340
16
 90
       25
 62
   256
280
     0
  0
IMAGEDEF
  5
26D
102
{ACAD_REACTORS
330
26C
102
}
330
26C
100
AcDbRasterImageDef
 90
        0
  1
C:\Users\lenovo\Downloads\1.jpg
 10
4032.0
 20
3024.0
 11
0.3527777777777778
 21
0.3527777777777778
280
     1
281
     5
  0
IMAGEDEF
  5
4E8
102
{ACAD_REACTORS
330
26C
102
}
330
26C
100
AcDbRasterImageDef
 90
        0
  1
..\..\Downloads\2.jpg
 10
4032.0
 20
3024.0
 11
0.3527777777777778
 21
0.3527777777777778
280
     1
281
     5
  0
IMAGEDEF
  5
57D
102
{ACAD_REACTORS
330
26C
102
}
330
26C
100
AcDbRasterImageDef
 90
        0
  1
..\..\Downloads\IMG_3289.jpg
 10
4032.0
 20
3024.0
 11
0.3527777777777778
 21
0.3527777777777778
280
     1
281
     5
  0
IMAGEDEF
  5
6DA
102
{ACAD_REACTORS
330
26C
102
}
330
26C
100
AcDbRasterImageDef
 90
        0
  1
..\..\Desktop\WhatsApp Image 2026-09-14 at 11.56.48 AM.jpeg
 10
1600.0
 20
1200.0
 11
0.000625
 21
0.000625
280
     1
281
     0
  0
IMAGEDEF
  5
748
102
{ACAD_REACTORS
330
26C
330
749
102
}
330
26C
100
AcDbRasterImageDef
 90
        0
  1
..\..\Desktop\WhatsApp Image 2026-09-14 at 9.39.50 PM.jpeg
 10
1600.0
 20
1200.0
 11
0.000625
 21
0.000625
280
     1
281
     0
  0
LAYOUT
  5
59
102
{ACAD_REACTORS
330
1A
102
}
330
1A
100
AcDbPlotSettings
  1

  2
none_device
  4
Letter_(8.50_x_11.00_Inches)
  6

 40
6.349999904632567
 41
6.349999904632567
 42
6.350006103515625
 43
6.350006103515625
 44
215.8999938964844
 45
279.3999938964844
 46
0.0
 47
0.0
 48
0.0
 49
0.0
140
0.0
141
0.0
142
1.0
143
1.0
 70
   688
 72
     0
 73
     1
 74
     5
  7

 75
    16
147
1.0
 76
     0
 77
     2
 78
   300
148
0.0
149
0.0
100
AcDbLayout
  1
Layout1
 70
     1
 71
     1
 10
-0.2500002402958907
 20
-0.2499999962453767
 11
10.74999951940822
 21
8.249999763458731
 12
0.0
 22
0.0
 32
0.0
 14
1.049999952316282
 24
0.7999999523162851
 34
0.0
 15
9.449999570846557
 25
7.199999570846557
 35
0.0
146
0.0
 13
0.0
 23
0.0
 33
0.0
 16
1.0
 26
0.0
 36
0.0
 17
0.0
 27
1.0
 37
0.0
 76
     0
330
58
331
350
1001
ACAD_PSEXT
1000
None
1000
None
1000
Not applicable
1000
The layout will not be plotted unless a new plotter configuration name is selected.
1070
     0
  0
LAYOUT
  5
5E
102
{ACAD_REACTORS
330
1A
102
}
330
1A
100
AcDbPlotSettings
  1

  2
none_device
  4
Letter_(8.50_x_11.00_Inches)
  6

 40
6.349999904632567
 41
6.349999904632567
 42
6.350006103515625
 43
6.350006103515625
 44
215.8999938964844
 45
279.3999938964844
 46
0.0
 47
0.0
 48
0.0
 49
0.0
140
0.0
141
0.0
142
1.0
143
1.0
 70
   688
 72
     0
 73
     1
 74
     5
  7

 75
    16
147
1.0
 76
     0
 77
     2
 78
   300
148
0.0
149
0.0
100
AcDbLayout
  1
Layout2
 70
     1
 71
     2
 10
-0.2500002402958907
 20
-0.2499999962453767
 11
10.74999951940822
 21
8.249999763458731
 12
0.0
 22
0.0
 32
0.0
 14
1.049999952316282
 24
0.7999999523162851
 34
0.0
 15
9.449999570846557
 25
7.199999570846557
 35
0.0
146
0.0
 13
0.0
 23
0.0
 33
0.0
 16
1.0
 26
0.0
 36
0.0
 17
0.0
 27
1.0
 37
0.0
 76
     0
330
5D
331
362
1001
ACAD_PSEXT
1000
None
1000
None
1000
Not applicable
1000
The layout will not be plotted unless a new plotter configuration name is selected.
1070
     0
  0
LAYOUT
  5
22
102
{ACAD_XDICTIONARY
360
194
102
}
102
{ACAD_REACTORS
330
1A
102
}
330
1A
100
AcDbPlotSettings
  1

  2
none_device
  4
ANSI_A_(8.50_x_11.00_Inches)
  6

 40
6.349999904632567
 41
19.04999923706055
 42
6.350006103515625
 43
19.04998779296875
 44
215.8999938964844
 45
279.3999938964844
 46
0.0
 47
0.0
 48
0.0
 49
0.0
140
0.0
141
0.0
142
1.0
143
2.584895464708373
 70
 11952
 72
     0
 73
     1
 74
     0
  7

 75
     0
147
0.3868628397755418
 76
     0
 77
     2
 78
   300
148
0.0
149
0.0
100
AcDbLayout
  1
Model
 70
     1
 71
     0
 10
0.0
 20
0.0
 11
12.0
 21
9.0
 12
0.0
 22
0.0
 32
0.0
 14
0.0
 24
0.0
 34
0.0
 15
0.0
 25
0.0
 35
0.0
146
0.0
 13
0.0
 23
0.0
 33
0.0
 16
1.0
 26
0.0
 36
0.0
 17
0.0
 27
1.0
 37
0.0
 76
     0
330
1F
331
94
  0
MATERIAL
  5
97
102
{ACAD_XDICTIONARY
360
188
102
}
102
{ACAD_REACTORS
330
72
102
}
330
72
100
AcDbMaterial
  1
ByBlock
 94
       63
  0
MATERIAL
  5
96
102
{ACAD_XDICTIONARY
360
186
102
}
102
{ACAD_REACTORS
330
72
102
}
330
72
100
AcDbMaterial
  1
ByLayer
 94
       63
  0
MATERIAL
  5
98
102
{ACAD_XDICTIONARY
360
110
102
}
102
{ACAD_REACTORS
330
72
102
}
330
72
100
AcDbMaterial
  1
Global
 43
0.0208000000566244
 43
0.0
 43
0.0
 43
0.0
 43
0.0
 43
0.0208000000566244
 43
0.0
 43
0.0
 43
0.0
 43
0.0
 43
1.0
 43
0.0
 43
0.0
 43
0.0
 43
0.0
 43
1.0
 49
0.0208000000566244
 49
0.0
 49
0.0
 49
0.0
 49
0.0
 49
0.0208000000566244
 49
0.0
 49
0.0
 49
0.0
 49
0.0
 49
1.0
 49
0.0
 49
0.0
 49
0.0
 49
0.0
 49
1.0
142
0.0208000000566244
142
0.0
142
0.0
142
0.0
142
0.0
142
0.0208000000566244
142
0.0
142
0.0
142
0.0
142
0.0
142
1.0
142
0.0
142
0.0
142
0.0
142
0.0
142
1.0
144
0.0208000000566244
144
0.0
144
0.0
144
0.0
144
0.0
144
0.0208000000566244
144
0.0
144
0.0
144
0.0
144
0.0
144
1.0
144
0.0
144
0.0
144
0.0
144
0.0
144
1.0
 94
       63
1001
ACAD
1070
    -1
1070
     3
1070
     0
1000

1071
        0
1070
     0
  0
MLEADERSTYLE
  5
E5
102
{ACAD_REACTORS
330
D7
102
}
330
D7
100
AcDbMLeaderStyle
179
     2
170
     2
171
     1
172
     0
 90
        2
 40
0.0
 41
0.0
173
     1
 91
-1056964608
340
14
 92
       -2
290
     1
 42
0.09
291
     1
 43
0.36
  3
Standard
 44
0.18
300

342
11
174
     1
178
     1
175
     1
176
     0
 93
-1056964608
 45
0.18
292
     0
297
     0
 46
0.18
 94
-1056964608
 47
1.0
 49
1.0
140
1.0
293
     1
141
0.0
294
     1
177
     0
142
1.0
295
     0
296
     1
143
0.125
271
     0
272
     9
273
     9
298
     0
  0
MLEADERSTYLE
  5
D8
102
{ACAD_REACTORS
330
D7
102
}
330
D7
100
AcDbMLeaderStyle
179
     2
170
     2
171
     1
172
     0
 90
        2
 40
0.0
 41
0.0
173
     1
 91
-1056964608
340
14
 92
       -2
290
     1
 42
0.09
291
     1
 43
0.36
  3
Standard
 44
0.18
300

342
11
174
     1
178
     1
175
     1
176
     0
 93
-1056964608
 45
0.18
292
     0
297
     0
 46
0.18
 94
-1056964608
 47
1.0
 49
1.0
140
1.0
293
     1
141
0.0
294
     1
177
     0
142
1.0
295
     0
296
     0
143
0.125
271
     0
272
     9
273
     9
298
     0
  0
MLINESTYLE
  5
18
102
{ACAD_REACTORS
330
17
102
}
330
17
100
AcDbMlineStyle
  2
STANDARD
 70
     0
  3

 62
   256
 51
90.0
 52
90.0
 71
     2
 49
0.5
 62
   256
  6
BYLAYER
 49
-0.5
 62
   256
  6
BYLAYER
  0
ACDBPLACEHOLDER
  5
F
102
{ACAD_REACTORS
330
E
102
}
330
E
  0
ACAD_PROXY_OBJECT
  5
340
102
{ACAD_REACTORS
330
33C
102
}
330
33C
100
AcDbProxyObject
 90
      499
 91
      520
 71
    33
 97
      427
 70
     0
162
               694
311
4510C01BC019801980194019400B4010801C80194018401AC0080014401D4018401B001A401D001E40245948019401B80190019401C801CC0080019801BC01C8008000C400C0008001B401A401B801D401D0019401CC00
161
               217
310
40AD0340D014050A40502000000000000021000000000000000840CC
 94
        0
  0
ACAD_PROXY_OBJECT
  5
33F
102
{ACAD_REACTORS
330
33C
102
}
330
33C
100
AcDbProxyObject
 90
      499
 91
      520
 71
    33
 97
      427
 70
     0
162
               518
311
4112001A4019C01A00246D0401C001C001B001A4019401CC008000C400C0008001C8019401B80190019401C801A401B8019C008001B0019401D8019401B001CC00
161
               209
310
40AD0240E4290140902000000000000021000000000000000840CC
 94
        0
  0
ACAD_PROXY_OBJECT
  5
33D
102
{ACAD_REACTORS
330
33C
102
}
330
33C
100
AcDbProxyObject
 90
      499
 91
      520
 71
    33
 97
      427
 70
     0
162
               470
311
40D3001BC01DC024650401C001C001B001A4019401CC008000C4008001C8019401B80190019401C801A401B8019C008001B0019401D8019401B000
161
               193
310
40AE40E40501902000000000000021000000000000000840CC
 94
        0
  0
ACAD_PROXY_OBJECT
  5
341
102
{ACAD_REACTORS
330
33C
102
}
330
33C
100
AcDbProxyObject
 90
      499
 91
      520
 71
    33
 97
      427
 70
     0
162
               582
311
4353001D401B8018C01A00080014401D4018401B001A401D001E40245948019401B80190019401C801CC0080019801BC01C8008000D800C0008001B401A401B801D401D0019401CC00
161
               217
310
40AD0440D014053C40902000000000000021000000000000000840CC
 94
        0
  0
ACAD_PROXY_OBJECT
  5
33E
102
{ACAD_REACTORS
330
33C
102
}
330
33C
100
AcDbProxyObject
 90
      499
 91
      520
 71
    33
 97
      427
 70
     0
162
               534
311
419340194019001A401D401B4024690401C001C001B001A4019401CC008000D4008001C8019401B80190019401C801A401B8019C008001B0019401D8019401B001CC00
161
               209
310
40AD0140E4150140502000000000000021000000000000000840CC
 94
        0
  0
ACAD_PROXY_OBJECT
  5
342
102
{ACAD_REACTORS
330
33C
102
}
330
33C
100
AcDbProxyObject
 90
      499
 91
      520
 71
    33
 97
      427
 70
     0
162
               614
311
4453C01D8019401C801B801A4019C01A001D00080014401D4018401B001A401D001E40245148019401B80190019401C801CC0080019801BC01C8008000C400C8008001A001BC01D401C801CC00
161
               241
310
40AD0540D01404D002000040902000000000000021000000000000000840CC
 94
        0
  0
SCALE
  5
B7
102
{ACAD_REACTORS
330
B6
102
}
330
B6
100
AcDbScale
 70
     0
300
1:1
140
1.0
141
1.0
290
     1
  0
SCALE
  5
124
102
{ACAD_REACTORS
330
B6
102
}
330
B6
100
AcDbScale
 70
     0
300
1:2
140
1.0
141
2.0
290
     0
  0
SCALE
  5
125
102
{ACAD_REACTORS
330
B6
102
}
330
B6
100
AcDbScale
 70
     0
300
1:4
140
1.0
141
4.0
290
     0
  0
SCALE
  5
126
102
{ACAD_REACTORS
330
B6
102
}
330
B6
100
AcDbScale
 70
     0
300
1:5
140
1.0
141
5.0
290
     0
  0
SCALE
  5
127
102
{ACAD_REACTORS
330
B6
102
}
330
B6
100
AcDbScale
 70
     0
300
1:8
140
1.0
141
8.0
290
     0
  0
SCALE
  5
128
102
{ACAD_REACTORS
330
B6
102
}
330
B6
100
AcDbScale
 70
     0
300
1:10
140
1.0
141
10.0
290
     0
  0
SCALE
  5
129
102
{ACAD_REACTORS
330
B6
102
}
330
B6
100
AcDbScale
 70
     0
300
1:16
140
1.0
141
16.0
290
     0
  0
SCALE
  5
12A
102
{ACAD_REACTORS
330
B6
102
}
330
B6
100
AcDbScale
 70
     0
300
1:20
140
1.0
141
20.0
290
     0
  0
SCALE
  5
12B
102
{ACAD_REACTORS
330
B6
102
}
330
B6
100
AcDbScale
 70
     0
300
1:30
140
1.0
141
30.0
290
     0
  0
SCALE
  5
12C
102
{ACAD_REACTORS
330
B6
102
}
330
B6
100
AcDbScale
 70
     0
300
1:40
140
1.0
141
40.0
290
     0
  0
SCALE
  5
12D
102
{ACAD_REACTORS
330
B6
102
}
330
B6
100
AcDbScale
 70
     0
300
1:50
140
1.0
141
50.0
290
     0
  0
SCALE
  5
12E
102
{ACAD_REACTORS
330
B6
102
}
330
B6
100
AcDbScale
 70
     0
300
1:100
140
1.0
141
100.0
290
     0
  0
SCALE
  5
12F
102
{ACAD_REACTORS
330
B6
102
}
330
B6
100
AcDbScale
 70
     0
300
2:1
140
2.0
141
1.0
290
     0
  0
SCALE
  5
130
102
{ACAD_REACTORS
330
B6
102
}
330
B6
100
AcDbScale
 70
     0
300
4:1
140
4.0
141
1.0
290
     0
  0
SCALE
  5
131
102
{ACAD_REACTORS
330
B6
102
}
330
B6
100
AcDbScale
 70
     0
300
8:1
140
8.0
141
1.0
290
     0
  0
SCALE
  5
132
102
{ACAD_REACTORS
330
B6
102
}
330
B6
100
AcDbScale
 70
     0
300
10:1
140
10.0
141
1.0
290
     0
  0
SCALE
  5
133
102
{ACAD_REACTORS
330
B6
102
}
330
B6
100
AcDbScale
 70
     0
300
100:1
140
100.0
141
1.0
290
     0
  0
SCALE
  5
134
102
{ACAD_REACTORS
330
B6
102
}
330
B6
100
AcDbScale
 70
     0
300
1/128" = 1'-0"
140
0.0078125
141
12.0
290
     0
  0
SCALE
  5
135
102
{ACAD_REACTORS
330
B6
102
}
330
B6
100
AcDbScale
 70
     0
300
1/64" = 1'-0"
140
0.015625
141
12.0
290
     0
  0
SCALE
  5
136
102
{ACAD_REACTORS
330
B6
102
}
330
B6
100
AcDbScale
 70
     0
300
1/32" = 1'-0"
140
0.03125
141
12.0
290
     0
  0
SCALE
  5
137
102
{ACAD_REACTORS
330
B6
102
}
330
B6
100
AcDbScale
 70
     0
300
1/16" = 1'-0"
140
0.0625
141
12.0
290
     0
  0
SCALE
  5
138
102
{ACAD_REACTORS
330
B6
102
}
330
B6
100
AcDbScale
 70
     0
300
3/32" = 1'-0"
140
0.09375
141
12.0
290
     0
  0
SCALE
  5
139
102
{ACAD_REACTORS
330
B6
102
}
330
B6
100
AcDbScale
 70
     0
300
1/8" = 1'-0"
140
0.125
141
12.0
290
     0
  0
SCALE
  5
13A
102
{ACAD_REACTORS
330
B6
102
}
330
B6
100
AcDbScale
 70
     0
300
3/16" = 1'-0"
140
0.1875
141
12.0
290
     0
  0
SCALE
  5
13B
102
{ACAD_REACTORS
330
B6
102
}
330
B6
100
AcDbScale
 70
     0
300
1/4" = 1'-0"
140
0.25
141
12.0
290
     0
  0
SCALE
  5
13C
102
{ACAD_REACTORS
330
B6
102
}
330
B6
100
AcDbScale
 70
     0
300
3/8" = 1'-0"
140
0.375
141
12.0
290
     0
  0
SCALE
  5
13D
102
{ACAD_REACTORS
330
B6
102
}
330
B6
100
AcDbScale
 70
     0
300
1/2" = 1'-0"
140
0.5
141
12.0
290
     0
  0
SCALE
  5
13E
102
{ACAD_REACTORS
330
B6
102
}
330
B6
100
AcDbScale
 70
     0
300
3/4" = 1'-0"
140
0.75
141
12.0
290
     0
  0
SCALE
  5
13F
102
{ACAD_REACTORS
330
B6
102
}
330
B6
100
AcDbScale
 70
     0
300
1" = 1'-0"
140
1.0
141
12.0
290
     0
  0
SCALE
  5
140
102
{ACAD_REACTORS
330
B6
102
}
330
B6
100
AcDbScale
 70
     0
300
1-1/2" = 1'-0"
140
1.5
141
12.0
290
     0
  0
SCALE
  5
141
102
{ACAD_REACTORS
330
B6
102
}
330
B6
100
AcDbScale
 70
     0
300
3" = 1'-0"
140
3.0
141
12.0
290
     0
  0
SCALE
  5
142
102
{ACAD_REACTORS
330
B6
102
}
330
B6
100
AcDbScale
 70
     0
300
6" = 1'-0"
140
6.0
141
12.0
290
     0
  0
SCALE
  5
143
102
{ACAD_REACTORS
330
B6
102
}
330
B6
100
AcDbScale
 70
     0
300
1'-0" = 1'-0"
140
12.0
141
12.0
290
     0
  0
ACDBSECTIONVIEWSTYLE
  5
1AA
102
{ACAD_REACTORS
330
1A8
102
}
330
1A8
100
AcDbModelDocViewStyle
 70
     0
  3
Imperial24
290
     0
300
Imperial24
 90
        0
100
AcDbSectionViewStyle
 70
     0
 71
     0
 90
       78
 71
     1
340
11
 62
   256
 40
0.24
340
0
340
0
 62
   256
 40
0.24
300
I, O, Q, S, X, Z
 40
0.48
 90
        3
 40
0.18
 90
        1
 71
     2
340
16
 90
       25
 62
   256
340
16
 90
       50
 62
   256
 40
0.24
 40
0.0
 40
0.24
 71
     3
340
11
 62
   256
 40
0.24
 90
        1
 40
0.75
 90
        1
300
%<\AcVar ViewType \f "%tc1">% %<\AcVar ViewSectionStartId>%-%<\AcVar ViewSectionEndId>%\PSCALE %<\AcVar ViewScale \f "%sn">%
 71
     4
 62
   256
 62
   257
300
ANSI31
 40
1.0
 90
        0
290
     0
290
     0
 90
        6
 40
0.0
 40
1.570796326794896
 40
0.2617993877991494
 40
1.308996938995747
 40
-0.2617993877991494
 40
1.832595714594044
  0
TABLESTYLE
  5
87
102
{ACAD_XDICTIONARY
360
104
102
}
102
{ACAD_REACTORS
330
86
102
}
330
86
100
AcDbTableStyle
280
     0
  3
Standard
 70
     0
 71
     0
 40
0.06
 41
0.06
280
     0
281
     0
  7
Standard
140
0.18
170
     2
 62
     0
 63
     7
283
     0
 90
      512
 91
        0
  1

274
    -2
284
     1
 64
     0
275
    -2
285
     1
 65
     0
276
    -2
286
     1
 66
     0
277
    -2
287
     1
 67
     0
278
    -2
288
     1
 68
     0
279
    -2
289
     1
 69
     0
  7
Standard
140
0.25
170
     5
 62
     0
 63
     7
283
     0
 90
      512
 91
        0
  1

274
    -2
284
     1
 64
     0
275
    -2
285
     1
 65
     0
276
    -2
286
     1
 66
     0
277
    -2
287
     1
 67
     0
278
    -2
288
     1
 68
     0
279
    -2
289
     1
 69
     0
  7
Standard
140
0.18
170
     5
 62
     0
 63
     7
283
     0
 90
      512
 91
        0
  1

274
    -2
284
     1
 64
     0
275
    -2
285
     1
 65
     0
276
    -2
286
     1
 66
     0
277
    -2
287
     1
 67
     0
278
    -2
288
     1
 68
     0
279
    -2
289
     1
 69
     0
  0
VISUALSTYLE
  5
9F
102
{ACAD_REACTORS
330
99
102
}
330
99
100
AcDbVisualStyle
  2
2dWireframe
 70
     4
177
     3
291
     0
 70
    58
 90
        0
176
     1
 90
        2
176
     1
 90
        1
176
     1
 90
        0
176
     1
 40
0.6
176
     1
 40
30.0
176
     1
 62
     7
420
 16777215
176
     1
 90
        1
176
     1
 90
        4
176
     1
 62
     7
176
     1
 62
   257
176
     1
 90
        1
176
     1
 90
        1
176
     1
 40
1.0
176
     1
 90
        0
176
     1
 62
   257
176
     1
 40
1.0
176
     1
 90
        1
176
     1
 90
        6
176
     1
 90
        2
176
     1
 62
     7
176
     1
 90
        5
176
     1
 90
        0
176
     1
 90
        0
176
     1
290
     0
176
     1
 90
        1
176
     1
 40
0.0
176
     1
 90
        0
176
     1
290
     1
176
     1
290
     1
176
     1
290
     0
176
     1
290
     0
176
     1
290
     0
176
     1
290
     0
176
     1
290
     0
176
     1
290
     0
176
     1
290
     0
176
     1
 90
       50
176
     1
 40
0.0
176
     1
 40
1.0
176
     1
 90
        0
176
     1
 62
    18
176
     1
 90
       50
176
     1
 90
        3
176
     1
 62
     5
420
      255
176
     1
290
     0
176
     1
 90
       50
176
     1
 90
       50
176
     1
 90
       50
176
     1
290
     0
176
     1
 90
       50
176
     1
 62
   256
176
     0
 40
1.0
176
     0
 90
        2
176
     1
  1
strokes_ogs.tif
176
     1
290
     0
176
     1
 40
1.0
176
     1
 40
1.0
176
     1
  0
VISUALSTYLE
  5
9E
102
{ACAD_REACTORS
330
99
102
}
330
99
100
AcDbVisualStyle
  2
Basic
 70
     7
177
     3
291
     1
 70
    58
 90
        1
176
     1
 90
        0
176
     1
 90
        1
176
     1
 90
        0
176
     1
 40
0.6
176
     1
 40
30.0
176
     1
 62
     7
420
 16777215
176
     1
 90
        0
176
     1
 90
        4
176
     1
 62
     7
176
     1
 62
   257
176
     1
 90
        1
176
     1
 90
        1
176
     1
 40
1.0
176
     1
 90
        8
176
     1
 62
     7
176
     1
 40
1.0
176
     1
 90
        1
176
     1
 90
        6
176
     1
 90
        2
176
     1
 62
     7
176
     1
 90
        5
176
     1
 90
        0
176
     1
 90
        0
176
     1
290
     0
176
     1
 90
        1
176
     1
 40
0.0
176
     1
 90
        0
176
     1
290
     0
176
     1
290
     1
176
     1
290
     1
176
     1
290
     0
176
     1
290
     0
176
     1
290
     0
176
     1
290
     0
176
     1
290
     0
176
     1
290
     0
176
     1
 90
       50
176
     1
 40
0.0
176
     1
 40
1.0
176
     1
 90
        0
176
     1
 62
    18
176
     1
 90
       50
176
     1
 90
        3
176
     1
 62
     5
420
      255
176
     1
290
     0
176
     1
 90
       50
176
     1
 90
       50
176
     1
 90
       50
176
     1
290
     0
176
     1
 90
       50
176
     1
 62
   256
176
     0
 40
1.0
176
     0
 90
        2
176
     1
  1
strokes_ogs.tif
176
     1
290
     0
176
     1
 40
1.0
176
     1
 40
1.0
176
     1
  0
VISUALSTYLE
  5
A5
102
{ACAD_REACTORS
330
99
102
}
330
99
100
AcDbVisualStyle
  2
Brighten
 70
    12
177
     3
291
     1
 70
    58
 90
        2
176
     1
 90
        2
176
     1
 90
        1
176
     1
 90
        0
176
     1
 40
0.6
176
     1
 40
30.0
176
     1
 62
     7
420
 16777215
176
     1
 90
        1
176
     1
 90
        4
176
     1
 62
     7
176
     1
 62
   257
176
     1
 90
        1
176
     1
 90
        1
176
     1
 40
1.0
176
     1
 90
        8
176
     1
 62
     7
176
     1
 40
1.0
176
     1
 90
        1
176
     1
 90
        6
176
     1
 90
        2
176
     1
 62
     7
176
     1
 90
        5
176
     1
 90
        0
176
     1
 90
        0
176
     1
290
     0
176
     1
 90
        1
176
     1
 40
50.0
176
     1
 90
        0
176
     1
290
     0
176
     1
290
     1
176
     1
290
     1
176
     1
290
     0
176
     1
290
     0
176
     1
290
     0
176
     1
290
     0
176
     1
290
     0
176
     1
290
     0
176
     1
 90
       50
176
     1
 40
0.0
176
     1
 40
1.0
176
     1
 90
        0
176
     1
 62
    18
176
     1
 90
       50
176
     1
 90
        3
176
     1
 62
     5
420
      255
176
     1
290
     0
176
     1
 90
       50
176
     1
 90
       50
176
     1
 90
       50
176
     1
290
     0
176
     1
 90
       50
176
     1
 62
   256
176
     0
 40
1.0
176
     0
 90
        2
176
     1
  1
strokes_ogs.tif
176
     1
290
     0
176
     1
 40
1.0
176
     1
 40
1.0
176
     1
  0
VISUALSTYLE
  5
A9
102
{ACAD_REACTORS
330
99
102
}
330
99
100
AcDbVisualStyle
  2
ColorChange
 70
    16
177
     3
291
     1
 70
    58
 90
        2
176
     1
 90
        2
176
     1
 90
        3
176
     1
 90
        0
176
     1
 40
0.6
176
     1
 40
30.0
176
     1
 62
     8
420
  8421504
176
     1
 90
        1
176
     1
 90
        4
176
     1
 62
     7
176
     1
 62
   257
176
     1
 90
        1
176
     1
 90
        1
176
     1
 40
1.0
176
     1
 90
        8
176
     1
 62
     8
420
  8421504
176
     1
 40
1.0
176
     1
 90
        1
176
     1
 90
        6
176
     1
 90
        2
176
     1
 62
     7
176
     1
 90
        5
176
     1
 90
        0
176
     1
 90
        0
176
     1
290
     0
176
     1
 90
        1
176
     1
 40
0.0
176
     1
 90
        0
176
     1
290
     0
176
     1
290
     1
176
     1
290
     1
176
     1
290
     0
176
     1
290
     0
176
     1
290
     0
176
     1
290
     0
176
     1
290
     0
176
     1
290
     0
176
     1
 90
       50
176
     1
 40
0.0
176
     1
 40
1.0
176
     1
 90
        0
176
     1
 62
    18
176
     1
 90
       50
176
     1
 90
        3
176
     1
 62
     5
420
      255
176
     1
290
     0
176
     1
 90
       50
176
     1
 90
       50
176
     1
 90
       50
176
     1
290
     0
176
     1
 90
       50
176
     1
 62
   256
176
     0
 40
1.0
176
     0
 90
        2
176
     1
  1
strokes_ogs.tif
176
     1
290
     0
176
     1
 40
1.0
176
     1
 40
1.0
176
     1
  0
VISUALSTYLE
  5
A2
102
{ACAD_REACTORS
330
99
102
}
330
99
100
AcDbVisualStyle
  2
Conceptual
 70
     9
177
     3
291
     0
 70
    58
 90
        3
176
     1
 90
        2
176
     1
 90
        1
176
     1
 90
        0
176
     1
 40
0.6
176
     1
 40
30.0
176
     1
 62
     7
420
 16777215
176
     1
 90
        2
176
     1
 90
        2
176
     1
 62
     7
176
     1
 62
   257
176
     1
 90
        1
176
     1
 90
        1
176
     1
 40
40.0
176
     1
 90
        8
176
     1
 62
     7
176
     1
 40
1.0
176
     1
 90
        1
176
     1
 90
        6
176
     1
 90
        2
176
     1
 62
     7
176
     1
 90
        3
176
     1
 90
        0
176
     1
 90
        0
176
     1
290
     0
176
     1
 90
        1
176
     1
 40
0.0
176
     1
 90
        0
176
     1
290
     0
176
     1
290
     1
176
     1
290
     1
176
     1
290
     0
176
     1
290
     0
176
     1
290
     0
176
     1
290
     0
176
     1
290
     0
176
     1
290
     0
176
     1
 90
       50
176
     1
 40
0.0
176
     1
 40
1.0
176
     1
 90
        0
176
     1
 62
    18
176
     1
 90
       50
176
     1
 90
        3
176
     1
 62
     5
420
      255
176
     1
290
     0
176
     1
 90
       50
176
     1
 90
       50
176
     1
 90
       50
176
     1
290
     0
176
     1
 90
       50
176
     1
 62
   256
176
     0
 40
1.0
176
     0
 90
        2
176
     1
  1
strokes_ogs.tif
176
     1
290
     0
176
     1
 40
1.0
176
     1
 40
1.0
176
     1
  0
VISUALSTYLE
  5
A4
102
{ACAD_REACTORS
330
99
102
}
330
99
100
AcDbVisualStyle
  2
Dim
 70
    11
177
     3
291
     1
 70
    58
 90
        2
176
     1
 90
        2
176
     1
 90
        1
176
     1
 90
        0
176
     1
 40
0.6
176
     1
 40
30.0
176
     1
 62
     7
420
 16777215
176
     1
 90
        1
176
     1
 90
        4
176
     1
 62
     7
176
     1
 62
   257
176
     1
 90
        1
176
     1
 90
        1
176
     1
 40
1.0
176
     1
 90
        8
176
     1
 62
     7
176
     1
 40
1.0
176
     1
 90
        1
176
     1
 90
        6
176
     1
 90
        2
176
     1
 62
     7
176
     1
 90
        5
176
     1
 90
        0
176
     1
 90
        0
176
     1
290
     0
176
     1
 90
        1
176
     1
 40
-50.0
176
     1
 90
        0
176
     1
290
     0
176
     1
290
     1
176
     1
290
     1
176
     1
290
     0
176
     1
290
     0
176
     1
290
     0
176
     1
290
     0
176
     1
290
     0
176
     1
290
     0
176
     1
 90
       50
176
     1
 40
0.0
176
     1
 40
1.0
176
     1
 90
        0
176
     1
 62
    18
176
     1
 90
       50
176
     1
 90
        3
176
     1
 62
     5
420
      255
176
     1
290
     0
176
     1
 90
       50
176
     1
 90
       50
176
     1
 90
       50
176
     1
290
     0
176
     1
 90
       50
176
     1
 62
   256
176
     0
 40
1.0
176
     0
 90
        2
176
     1
  1
strokes_ogs.tif
176
     1
290
     0
176
     1
 40
1.0
176
     1
 40
1.0
176
     1
  0
VISUALSTYLE
  5
175
102
{ACAD_REACTORS
330
99
102
}
330
99
100
AcDbVisualStyle
  2
EdgeColorOff
 70
    22
177
     3
291
     1
 70
    58
 90
        2
176
     0
 90
        2
176
     0
 90
        0
176
     0
 90
        0
176
     0
 40
0.6
176
     0
 40
30.0
176
     0
 62
     7
420
 16777215
176
     0
 90
        1
176
     0
 90
        4
176
     0
 62
     7
176
     0
 62
   257
176
     0
 90
        1
176
     0
 90
        1
176
     0
 40
1.0
176
     0
 90
        8
176
     2
 62
     7
176
     0
 40
1.0
176
     0
 90
        1
176
     0
 90
        6
176
     0
 90
        2
176
     0
 62
     7
176
     0
 90
        5
176
     0
 90
        0
176
     0
 90
        0
176
     0
290
     0
176
     0
 90
        1
176
     0
 40
0.0
176
     0
 90
        0
176
     0
290
     0
176
     1
290
     1
176
     1
290
     1
176
     1
290
     0
176
     1
290
     0
176
     1
290
     0
176
     1
290
     0
176
     1
290
     0
176
     1
290
     0
176
     1
 90
       50
176
     1
 40
0.0
176
     1
 40
1.0
176
     1
 90
        0
176
     1
 62
    18
176
     1
 90
       50
176
     1
 90
        3
176
     1
 62
     5
420
      255
176
     1
290
     0
176
     1
 90
       50
176
     1
 90
       50
176
     1
 90
       50
176
     1
290
     0
176
     1
 90
       50
176
     1
 62
   256
176
     0
 40
1.0
176
     0
 90
        2
176
     1
  1
strokes_ogs.tif
176
     1
290
     0
176
     1
 40
1.0
176
     1
 40
1.0
176
     1
  0
VISUALSTYLE
  5
A8
102
{ACAD_REACTORS
330
99
102
}
330
99
100
AcDbVisualStyle
  2
Facepattern
 70
    15
177
     3
291
     1
 70
    58
 90
        2
176
     1
 90
        2
176
     1
 90
        1
176
     1
 90
        0
176
     1
 40
0.6
176
     1
 40
30.0
176
     1
 62
     7
420
 16777215
176
     1
 90
        1
176
     1
 90
        4
176
     1
 62
     7
176
     1
 62
   257
176
     1
 90
        1
176
     1
 90
        1
176
     1
 40
1.0
176
     1
 90
        8
176
     1
 62
     7
176
     1
 40
1.0
176
     1
 90
        1
176
     1
 90
        6
176
     1
 90
        2
176
     1
 62
     7
176
     1
 90
        5
176
     1
 90
        0
176
     1
 90
        0
176
     1
290
     0
176
     1
 90
        1
176
     1
 40
0.0
176
     1
 90
        0
176
     1
290
     0
176
     1
290
     1
176
     1
290
     1
176
     1
290
     0
176
     1
290
     0
176
     1
290
     0
176
     1
290
     0
176
     1
290
     0
176
     1
290
     0
176
     1
 90
       50
176
     1
 40
0.0
176
     1
 40
1.0
176
     1
 90
        0
176
     1
 62
    18
176
     1
 90
       50
176
     1
 90
        3
176
     1
 62
     5
420
      255
176
     1
290
     0
176
     1
 90
       50
176
     1
 90
       50
176
     1
 90
       50
176
     1
290
     0
176
     1
 90
       50
176
     1
 62
   256
176
     0
 40
1.0
176
     0
 90
        2
176
     1
  1
strokes_ogs.tif
176
     1
290
     0
176
     1
 40
1.0
176
     1
 40
1.0
176
     1
  0
VISUALSTYLE
  5
9A
102
{ACAD_REACTORS
330
99
102
}
330
99
100
AcDbVisualStyle
  2
Flat
 70
     0
177
     3
291
     1
 70
    58
 90
        2
176
     1
 90
        1
176
     1
 90
        1
176
     1
 90
        2
176
     1
 40
0.6
176
     1
 40
30.0
176
     1
 62
     7
420
 16777215
176
     1
 90
        0
176
     1
 90
        0
176
     1
 62
     7
176
     1
 62
   257
176
     1
 90
        1
176
     1
 90
        1
176
     1
 40
1.0
176
     1
 90
        8
176
     1
 62
     7
176
     1
 40
1.0
176
     1
 90
        1
176
     1
 90
        6
176
     1
 90
        2
176
     1
 62
     7
176
     1
 90
        5
176
     1
 90
        0
176
     1
 90
        0
176
     1
290
     0
176
     1
 90
       13
176
     1
 40
0.0
176
     1
 90
        0
176
     1
290
     0
176
     1
290
     1
176
     1
290
     1
176
     1
290
     0
176
     1
290
     0
176
     1
290
     0
176
     1
290
     0
176
     1
290
     0
176
     1
290
     0
176
     1
 90
       50
176
     1
 40
0.0
176
     1
 40
1.0
176
     1
 90
        0
176
     1
 62
    18
176
     1
 90
       50
176
     1
 90
        3
176
     1
 62
     5
420
      255
176
     1
290
     0
176
     1
 90
       50
176
     1
 90
       50
176
     1
 90
       50
176
     1
290
     0
176
     1
 90
       50
176
     1
 62
   256
176
     0
 40
1.0
176
     0
 90
        2
176
     1
  1
strokes_ogs.tif
176
     1
290
     0
176
     1
 40
1.0
176
     1
 40
1.0
176
     1
  0
VISUALSTYLE
  5
9B
102
{ACAD_REACTORS
330
99
102
}
330
99
100
AcDbVisualStyle
  2
FlatWithEdges
 70
     1
177
     3
291
     1
 70
    58
 90
        2
176
     1
 90
        1
176
     1
 90
        1
176
     1
 90
        2
176
     1
 40
0.6
176
     1
 40
30.0
176
     1
 62
     7
420
 16777215
176
     1
 90
        1
176
     1
 90
        0
176
     1
 62
     7
176
     1
 62
   257
176
     1
 90
        1
176
     1
 90
        1
176
     1
 40
1.0
176
     1
 90
        0
176
     1
 62
   257
176
     1
 40
1.0
176
     1
 90
        1
176
     1
 90
        6
176
     1
 90
        2
176
     1
 62
     7
176
     1
 90
        5
176
     1
 90
        0
176
     1
 90
        0
176
     1
290
     0
176
     1
 90
       13
176
     1
 40
0.0
176
     1
 90
        0
176
     1
290
     0
176
     1
290
     1
176
     1
290
     1
176
     1
290
     0
176
     1
290
     0
176
     1
290
     0
176
     1
290
     0
176
     1
290
     0
176
     1
290
     0
176
     1
 90
       50
176
     1
 40
0.0
176
     1
 40
1.0
176
     1
 90
        0
176
     1
 62
    18
176
     1
 90
       50
176
     1
 90
        3
176
     1
 62
     5
420
      255
176
     1
290
     0
176
     1
 90
       50
176
     1
 90
       50
176
     1
 90
       50
176
     1
290
     0
176
     1
 90
       50
176
     1
 62
   256
176
     0
 40
1.0
176
     0
 90
        2
176
     1
  1
strokes_ogs.tif
176
     1
290
     0
176
     1
 40
1.0
176
     1
 40
1.0
176
     1
  0
VISUALSTYLE
  5
9C
102
{ACAD_REACTORS
330
99
102
}
330
99
100
AcDbVisualStyle
  2
Gouraud
 70
     2
177
     3
291
     1
 70
    58
 90
        2
176
     1
 90
        2
176
     1
 90
        1
176
     1
 90
        2
176
     1
 40
0.6
176
     1
 40
30.0
176
     1
 62
     7
420
 16777215
176
     1
 90
        0
176
     1
 90
        0
176
     1
 62
     7
176
     1
 62
   257
176
     1
 90
        1
176
     1
 90
        1
176
     1
 40
1.0
176
     1
 90
        0
176
     1
 62
     7
176
     1
 40
1.0
176
     1
 90
        1
176
     1
 90
        6
176
     1
 90
        2
176
     1
 62
     7
176
     1
 90
        5
176
     1
 90
        0
176
     1
 90
        0
176
     1
290
     0
176
     1
 90
       13
176
     1
 40
0.0
176
     1
 90
        0
176
     1
290
     0
176
     1
290
     1
176
     1
290
     1
176
     1
290
     0
176
     1
290
     0
176
     1
290
     0
176
     1
290
     0
176
     1
290
     0
176
     1
290
     0
176
     1
 90
       50
176
     1
 40
0.0
176
     1
 40
1.0
176
     1
 90
        0
176
     1
 62
    18
176
     1
 90
       50
176
     1
 90
        3
176
     1
 62
     5
420
      255
176
     1
290
     0
176
     1
 90
       50
176
     1
 90
       50
176
     1
 90
       50
176
     1
290
     0
176
     1
 90
       50
176
     1
 62
   256
176
     0
 40
1.0
176
     0
 90
        2
176
     1
  1
strokes_ogs.tif
176
     1
290
     0
176
     1
 40
1.0
176
     1
 40
1.0
176
     1
  0
VISUALSTYLE
  5
9D
102
{ACAD_REACTORS
330
99
102
}
330
99
100
AcDbVisualStyle
  2
GouraudWithEdges
 70
     3
177
     3
291
     1
 70
    58
 90
        2
176
     1
 90
        2
176
     1
 90
        1
176
     1
 90
        2
176
     1
 40
0.6
176
     1
 40
30.0
176
     1
 62
     7
420
 16777215
176
     1
 90
        1
176
     1
 90
        0
176
     1
 62
     7
176
     1
 62
   257
176
     1
 90
        1
176
     1
 90
        1
176
     1
 40
1.0
176
     1
 90
        0
176
     1
 62
   257
176
     1
 40
1.0
176
     1
 90
        1
176
     1
 90
        6
176
     1
 90
        2
176
     1
 62
     7
176
     1
 90
        5
176
     1
 90
        0
176
     1
 90
        0
176
     1
290
     0
176
     1
 90
       13
176
     1
 40
0.0
176
     1
 90
        0
176
     1
290
     0
176
     1
290
     1
176
     1
290
     1
176
     1
290
     0
176
     1
290
     0
176
     1
290
     0
176
     1
290
     0
176
     1
290
     0
176
     1
290
     0
176
     1
 90
       50
176
     1
 40
0.0
176
     1
 40
1.0
176
     1
 90
        0
176
     1
 62
    18
176
     1
 90
       50
176
     1
 90
        3
176
     1
 62
     5
420
      255
176
     1
290
     0
176
     1
 90
       50
176
     1
 90
       50
176
     1
 90
       50
176
     1
290
     0
176
     1
 90
       50
176
     1
 62
   256
176
     0
 40
1.0
176
     0
 90
        2
176
     1
  1
strokes_ogs.tif
176
     1
290
     0
176
     1
 40
1.0
176
     1
 40
1.0
176
     1
  0
VISUALSTYLE
  5
A1
102
{ACAD_REACTORS
330
99
102
}
330
99
100
AcDbVisualStyle
  2
Hidden
 70
     6
177
     3
291
     0
 70
    58
 90
        1
176
     1
 90
        2
176
     1
 90
        2
176
     1
 90
        0
176
     1
 40
0.6
176
     1
 40
30.0
176
     1
 62
     7
420
 16777215
176
     1
 90
        2
176
     1
 90
        2
176
     1
 62
     7
176
     1
 62
   257
176
     1
 90
        2
176
     1
 90
        1
176
     1
 40
40.0
176
     1
 90
        0
176
     1
 62
   257
176
     1
 40
1.0
176
     1
 90
        1
176
     1
 90
        6
176
     1
 90
        2
176
     1
 62
     7
176
     1
 90
        3
176
     1
 90
        0
176
     1
 90
        0
176
     1
290
     0
176
     1
 90
        1
176
     1
 40
0.0
176
     1
 90
        0
176
     1
290
     0
176
     1
290
     1
176
     1
290
     1
176
     1
290
     0
176
     1
290
     0
176
     1
290
     0
176
     1
290
     0
176
     1
290
     0
176
     1
290
     0
176
     1
 90
       50
176
     1
 40
0.0
176
     1
 40
1.0
176
     1
 90
        0
176
     1
 62
    18
176
     1
 90
       50
176
     1
 90
        3
176
     1
 62
     5
420
      255
176
     1
290
     0
176
     1
 90
       50
176
     1
 90
       50
176
     1
 90
       50
176
     1
290
     0
176
     1
 90
       50
176
     1
 62
   256
176
     0
 40
1.0
176
     0
 90
        2
176
     1
  1
strokes_ogs.tif
176
     1
290
     0
176
     1
 40
1.0
176
     1
 40
1.0
176
     1
  0
VISUALSTYLE
  5
173
102
{ACAD_REACTORS
330
99
102
}
330
99
100
AcDbVisualStyle
  2
JitterOff
 70
    20
177
     3
291
     1
 70
    58
 90
        2
176
     0
 90
        2
176
     0
 90
        0
176
     0
 90
        0
176
     0
 40
0.6
176
     0
 40
30.0
176
     0
 62
     7
420
 16777215
176
     0
 90
        1
176
     0
 90
        4
176
     0
 62
     7
176
     0
 62
   257
176
     0
 90
        1
176
     0
 90
        1
176
     0
 40
1.0
176
     0
 90
       10
176
     2
 62
     7
176
     0
 40
1.0
176
     0
 90
        1
176
     0
 90
        6
176
     0
 90
        2
176
     0
 62
     7
176
     0
 90
        5
176
     0
 90
        0
176
     0
 90
        0
176
     0
290
     0
176
     0
 90
        1
176
     0
 40
0.0
176
     0
 90
        0
176
     0
290
     0
176
     1
290
     1
176
     1
290
     1
176
     1
290
     0
176
     1
290
     0
176
     1
290
     0
176
     1
290
     0
176
     1
290
     0
176
     1
290
     0
176
     1
 90
       50
176
     1
 40
0.0
176
     1
 40
1.0
176
     1
 90
        0
176
     1
 62
    18
176
     1
 90
       50
176
     1
 90
        3
176
     1
 62
     5
420
      255
176
     1
290
     0
176
     1
 90
       50
176
     1
 90
       50
176
     1
 90
       50
176
     1
290
     0
176
     1
 90
       50
176
     1
 62
   256
176
     0
 40
1.0
176
     0
 90
        2
176
     1
  1
strokes_ogs.tif
176
     1
290
     0
176
     1
 40
1.0
176
     1
 40
1.0
176
     1
  0
VISUALSTYLE
  5
A7
102
{ACAD_REACTORS
330
99
102
}
330
99
100
AcDbVisualStyle
  2
Linepattern
 70
    14
177
     3
291
     1
 70
    58
 90
        2
176
     1
 90
        2
176
     1
 90
        1
176
     1
 90
        0
176
     1
 40
0.6
176
     1
 40
30.0
176
     1
 62
     7
420
 16777215
176
     1
 90
        1
176
     1
 90
        4
176
     1
 62
     7
176
     1
 62
   257
176
     1
 90
        7
176
     1
 90
        7
176
     1
 40
1.0
176
     1
 90
        8
176
     1
 62
     7
176
     1
 40
1.0
176
     1
 90
        1
176
     1
 90
        6
176
     1
 90
        2
176
     1
 62
     7
176
     1
 90
        5
176
     1
 90
        0
176
     1
 90
        0
176
     1
290
     0
176
     1
 90
        1
176
     1
 40
0.0
176
     1
 90
        0
176
     1
290
     0
176
     1
290
     1
176
     1
290
     1
176
     1
290
     0
176
     1
290
     0
176
     1
290
     0
176
     1
290
     0
176
     1
290
     0
176
     1
290
     0
176
     1
 90
       50
176
     1
 40
0.0
176
     1
 40
1.0
176
     1
 90
        0
176
     1
 62
    18
176
     1
 90
       50
176
     1
 90
        3
176
     1
 62
     5
420
      255
176
     1
290
     0
176
     1
 90
       50
176
     1
 90
       50
176
     1
 90
       50
176
     1
290
     0
176
     1
 90
       50
176
     1
 62
   256
176
     0
 40
1.0
176
     0
 90
        2
176
     1
  1
strokes_ogs.tif
176
     1
290
     0
176
     1
 40
1.0
176
     1
 40
1.0
176
     1
  0
VISUALSTYLE
  5
174
102
{ACAD_REACTORS
330
99
102
}
330
99
100
AcDbVisualStyle
  2
OverhangOff
 70
    21
177
     3
291
     1
 70
    58
 90
        2
176
     0
 90
        2
176
     0
 90
        0
176
     0
 90
        0
176
     0
 40
0.6
176
     0
 40
30.0
176
     0
 62
     7
420
 16777215
176
     0
 90
        1
176
     0
 90
        4
176
     0
 62
     7
176
     0
 62
   257
176
     0
 90
        1
176
     0
 90
        1
176
     0
 40
1.0
176
     0
 90
        9
176
     2
 62
     7
176
     0
 40
1.0
176
     0
 90
        1
176
     0
 90
        6
176
     0
 90
        2
176
     0
 62
     7
176
     0
 90
        5
176
     0
 90
        0
176
     0
 90
        0
176
     0
290
     0
176
     0
 90
        1
176
     0
 40
0.0
176
     0
 90
        0
176
     0
290
     0
176
     1
290
     1
176
     1
290
     1
176
     1
290
     0
176
     1
290
     0
176
     1
290
     0
176
     1
290
     0
176
     1
290
     0
176
     1
290
     0
176
     1
 90
       50
176
     1
 40
0.0
176
     1
 40
1.0
176
     1
 90
        0
176
     1
 62
    18
176
     1
 90
       50
176
     1
 90
        3
176
     1
 62
     5
420
      255
176
     1
290
     0
176
     1
 90
       50
176
     1
 90
       50
176
     1
 90
       50
176
     1
290
     0
176
     1
 90
       50
176
     1
 62
   256
176
     0
 40
1.0
176
     0
 90
        2
176
     1
  1
strokes_ogs.tif
176
     1
290
     0
176
     1
 40
1.0
176
     1
 40
1.0
176
     1
  0
VISUALSTYLE
  5
A3
102
{ACAD_REACTORS
330
99
102
}
330
99
100
AcDbVisualStyle
  2
Realistic
 70
     8
177
     3
291
     0
 70
    58
 90
        2
176
     1
 90
        3
176
     1
 90
        0
176
     1
 90
        2
176
     1
 40
0.6
176
     1
 40
30.0
176
     1
 62
     7
420
 16777215
176
     1
 90
        0
176
     1
 90
        0
176
     1
 62
     7
176
     1
 62
   257
176
     1
 90
        1
176
     1
 90
        1
176
     1
 40
1.0
176
     1
 90
        8
176
     1
 62
   257
176
     1
 40
1.0
176
     1
 90
        1
176
     1
 90
        6
176
     1
 90
        2
176
     1
 62
     7
176
     1
 90
        3
176
     1
 90
        0
176
     1
 90
        0
176
     1
290
     0
176
     1
 90
       13
176
     1
 40
0.0
176
     1
 90
        0
176
     1
290
     0
176
     1
290
     1
176
     1
290
     1
176
     1
290
     0
176
     1
290
     0
176
     1
290
     0
176
     1
290
     0
176
     1
290
     0
176
     1
290
     0
176
     1
 90
       50
176
     1
 40
0.0
176
     1
 40
1.0
176
     1
 90
        0
176
     1
 62
    18
176
     1
 90
       50
176
     1
 90
        3
176
     1
 62
     5
420
      255
176
     1
290
     0
176
     1
 90
       50
176
     1
 90
       50
176
     1
 90
       50
176
     1
290
     0
176
     1
 90
       50
176
     1
 62
   256
176
     0
 40
1.0
176
     0
 90
        2
176
     1
  1
strokes_ogs.tif
176
     1
290
     0
176
     1
 40
1.0
176
     1
 40
1.0
176
     1
  0
VISUALSTYLE
  5
182
102
{ACAD_REACTORS
330
99
102
}
330
99
100
AcDbVisualStyle
  2
Shaded
 70
    27
177
     3
291
     0
 70
    58
 90
        2
176
     1
 90
        2
176
     1
 90
        1
176
     1
 90
        2
176
     1
 40
0.6
176
     1
 40
30.0
176
     1
 62
     7
420
 16777215
176
     1
 90
        0
176
     1
 90
        4
176
     1
 62
     7
176
     1
 62
   257
176
     1
 90
        1
176
     1
 90
        1
176
     1
 40
1.0
176
     1
 90
        8
176
     1
 62
   257
176
     1
 40
1.0
176
     1
 90
        1
176
     1
 90
        6
176
     1
 90
        2
176
     1
 62
     8
420
  7895160
176
     1
 90
        3
176
     1
 90
        0
176
     1
 90
        0
176
     1
290
     0
176
     1
 90
        5
176
     1
 40
0.0
176
     1
 90
        0
176
     1
290
     0
176
     1
290
     1
176
     1
290
     1
176
     1
290
     0
176
     1
290
     0
176
     1
290
     0
176
     1
290
     0
176
     1
290
     0
176
     1
290
     0
176
     1
 90
       50
176
     1
 40
0.0
176
     1
 40
1.0
176
     1
 90
        0
176
     1
 62
    18
176
     1
 90
       50
176
     1
 90
        3
176
     1
 62
     5
420
      255
176
     1
290
     0
176
     1
 90
       50
176
     1
 90
       50
176
     1
 90
       50
176
     1
290
     0
176
     1
 90
       50
176
     1
 62
   256
176
     0
 40
1.0
176
     0
 90
        2
176
     1
  1
strokes_ogs.tif
176
     1
290
     0
176
     1
 40
1.0
176
     1
 40
1.0
176
     1
  0
VISUALSTYLE
  5
181
102
{ACAD_REACTORS
330
99
102
}
330
99
100
AcDbVisualStyle
  2
Shaded with edges
 70
    26
177
     3
291
     0
 70
    58
 90
        2
176
     1
 90
        2
176
     1
 90
        1
176
     1
 90
        2
176
     1
 40
0.6
176
     1
 40
30.0
176
     1
 62
     7
420
 16777215
176
     1
 90
        1
176
     1
 90
        2
176
     1
 62
     7
176
     1
 62
   257
176
     1
 90
        2
176
     1
 90
        1
176
     1
 40
1.0
176
     1
 90
        8
176
     1
 62
   257
176
     1
 40
1.0
176
     1
 90
        1
176
     1
 90
        6
176
     1
 90
        2
176
     1
 62
     7
176
     1
 90
        3
176
     1
 90
        0
176
     1
 90
        0
176
     1
290
     0
176
     1
 90
        5
176
     1
 40
0.0
176
     1
 90
        0
176
     1
290
     0
176
     1
290
     1
176
     1
290
     1
176
     1
290
     0
176
     1
290
     0
176
     1
290
     0
176
     1
290
     0
176
     1
290
     0
176
     1
290
     0
176
     1
 90
       50
176
     1
 40
0.0
176
     1
 40
1.0
176
     1
 90
        0
176
     1
 62
    18
176
     1
 90
       50
176
     1
 90
        3
176
     1
 62
     5
420
      255
176
     1
290
     0
176
     1
 90
       50
176
     1
 90
       50
176
     1
 90
       50
176
     1
290
     0
176
     1
 90
       50
176
     1
 62
   256
176
     0
 40
1.0
176
     0
 90
        2
176
     1
  1
strokes_ogs.tif
176
     1
290
     0
176
     1
 40
1.0
176
     1
 40
1.0
176
     1
  0
VISUALSTYLE
  5
17E
102
{ACAD_REACTORS
330
99
102
}
330
99
100
AcDbVisualStyle
  2
Shades of Gray
 70
    23
177
     3
291
     0
 70
    58
 90
        2
176
     1
 90
        2
176
     1
 90
        3
176
     1
 90
        0
176
     1
 40
0.6
176
     1
 40
30.0
176
     1
 62
     7
420
 16777215
176
     1
 90
        2
176
     1
 90
        2
176
     1
 62
     7
176
     1
 62
     7
176
     1
 90
        1
176
     1
 90
        1
176
     1
 40
40.0
176
     1
 90
        8
176
     1
 62
     7
176
     1
 40
1.0
176
     1
 90
        1
176
     1
 90
        6
176
     1
 90
        2
176
     1
 62
     7
176
     1
 90
        3
176
     1
 90
        0
176
     1
 90
        0
176
     1
290
     0
176
     1
 90
        1
176
     1
 40
0.0
176
     1
 90
        0
176
     1
290
     0
176
     1
290
     1
176
     1
290
     1
176
     1
290
     0
176
     1
290
     0
176
     1
290
     0
176
     1
290
     0
176
     1
290
     0
176
     1
290
     0
176
     1
 90
       50
176
     1
 40
0.0
176
     1
 40
1.0
176
     1
 90
        0
176
     1
 62
    18
176
     1
 90
       50
176
     1
 90
        3
176
     1
 62
     5
420
      255
176
     1
290
     0
176
     1
 90
       50
176
     1
 90
       50
176
     1
 90
       50
176
     1
290
     0
176
     1
 90
       50
176
     1
 62
   256
176
     0
 40
1.0
176
     0
 90
        2
176
     1
  1
strokes_ogs.tif
176
     1
290
     0
176
     1
 40
1.0
176
     1
 40
1.0
176
     1
  0
VISUALSTYLE
  5
17F
102
{ACAD_REACTORS
330
99
102
}
330
99
100
AcDbVisualStyle
  2
Sketchy
 70
    24
177
     3
291
     0
 70
    58
 90
        1
176
     1
 90
        2
176
     1
 90
        2
176
     1
 90
        0
176
     1
 40
0.6
176
     1
 40
30.0
176
     1
 62
     7
420
 16777215
176
     1
 90
        2
176
     1
 90
        2
176
     1
 62
     7
176
     1
 62
     7
176
     1
 90
        1
176
     1
 90
        1
176
     1
 40
40.0
176
     1
 90
       11
176
     1
 62
     7
176
     1
 40
1.0
176
     1
 90
        1
176
     1
 90
        6
176
     1
 90
        2
176
     1
 62
     7
176
     1
 90
        6
176
     1
 90
        0
176
     1
 90
        0
176
     1
290
     0
176
     1
 90
        1
176
     1
 40
0.0
176
     1
 90
        0
176
     1
290
     0
176
     1
290
     1
176
     1
290
     1
176
     1
290
     0
176
     1
290
     0
176
     1
290
     0
176
     1
290
     0
176
     1
290
     0
176
     1
290
     0
176
     1
 90
       50
176
     1
 40
0.0
176
     1
 40
1.0
176
     1
 90
        0
176
     1
 62
    18
176
     1
 90
       50
176
     1
 90
        3
176
     1
 62
     5
420
      255
176
     1
290
     0
176
     1
 90
       50
176
     1
 90
       50
176
     1
 90
       50
176
     1
290
     0
176
     1
 90
       50
176
     1
 62
   256
176
     0
 40
1.0
176
     0
 90
        2
176
     1
  1
strokes_ogs.tif
176
     1
290
     0
176
     1
 40
1.0
176
     1
 40
1.0
176
     1
  0
VISUALSTYLE
  5
A6
102
{ACAD_REACTORS
330
99
102
}
330
99
100
AcDbVisualStyle
  2
Thicken
 70
    13
177
     3
291
     1
 70
    58
 90
        2
176
     1
 90
        2
176
     1
 90
        1
176
     1
 90
        0
176
     1
 40
0.6
176
     1
 40
30.0
176
     1
 62
     7
420
 16777215
176
     1
 90
        1
176
     1
 90
        4
176
     1
 62
     7
176
     1
 62
   257
176
     1
 90
        1
176
     1
 90
        1
176
     1
 40
1.0
176
     1
 90
       12
176
     1
 62
     7
176
     1
 40
1.0
176
     1
 90
        1
176
     1
 90
        6
176
     1
 90
        2
176
     1
 62
     7
176
     1
 90
        5
176
     1
 90
        0
176
     1
 90
        0
176
     1
290
     0
176
     1
 90
        1
176
     1
 40
0.0
176
     1
 90
        0
176
     1
290
     0
176
     1
290
     1
176
     1
290
     1
176
     1
290
     0
176
     1
290
     0
176
     1
290
     0
176
     1
290
     0
176
     1
290
     0
176
     1
290
     0
176
     1
 90
       50
176
     1
 40
0.0
176
     1
 40
1.0
176
     1
 90
        0
176
     1
 62
    18
176
     1
 90
       50
176
     1
 90
        3
176
     1
 62
     5
420
      255
176
     1
290
     0
176
     1
 90
       50
176
     1
 90
       50
176
     1
 90
       50
176
     1
290
     0
176
     1
 90
       50
176
     1
 62
   256
176
     0
 40
1.0
176
     0
 90
        2
176
     1
  1
strokes_ogs.tif
176
     1
290
     0
176
     1
 40
1.0
176
     1
 40
1.0
176
     1
  0
VISUALSTYLE
  5
A0
102
{ACAD_REACTORS
330
99
102
}
330
99
100
AcDbVisualStyle
  2
Wireframe
 70
     5
177
     3
291
     0
 70
    58
 90
        0
176
     1
 90
        2
176
     1
 90
        0
176
     1
 90
        0
176
     1
 40
0.6
176
     1
 40
30.0
176
     1
 62
     7
420
 16777215
176
     1
 90
        1
176
     1
 90
        4
176
     1
 62
     7
176
     1
 62
   257
176
     1
 90
        1
176
     1
 90
        1
176
     1
 40
1.0
176
     1
 90
        0
176
     1
 62
   257
176
     1
 40
1.0
176
     1
 90
        1
176
     1
 90
        6
176
     1
 90
        2
176
     1
 62
     7
176
     1
 90
        3
176
     1
 90
        0
176
     1
 90
        0
176
     1
290
     0
176
     1
 90
        1
176
     1
 40
0.0
176
     1
 90
        0
176
     1
290
     0
176
     1
290
     1
176
     1
290
     1
176
     1
290
     0
176
     1
290
     0
176
     1
290
     0
176
     1
290
     0
176
     1
290
     0
176
     1
290
     0
176
     1
 90
       50
176
     1
 40
0.0
176
     1
 40
1.0
176
     1
 90
        0
176
     1
 62
    18
176
     1
 90
       50
176
     1
 90
        3
176
     1
 62
     5
420
      255
176
     1
290
     0
176
     1
 90
       50
176
     1
 90
       50
176
     1
 90
       50
176
     1
290
     0
176
     1
 90
       50
176
     1
 62
   256
176
     0
 40
1.0
176
     0
 90
        2
176
     1
  1
strokes_ogs.tif
176
     1
290
     0
176
     1
 40
1.0
176
     1
 40
1.0
176
     1
  0
VISUALSTYLE
  5
180
102
{ACAD_REACTORS
330
99
102
}
330
99
100
AcDbVisualStyle
  2
X-Ray
 70
    25
177
     3
291
     0
 70
    58
 90
        2
176
     1
 90
        2
176
     1
 90
        1
176
     1
 90
        1
176
     1
 40
0.5
176
     1
 40
30.0
176
     1
 62
     7
420
 16777215
176
     1
 90
        1
176
     1
 90
        0
176
     1
 62
     7
176
     1
 62
   257
176
     1
 90
        1
176
     1
 90
        1
176
     1
 40
1.0
176
     1
 90
        8
176
     1
 62
     7
176
     1
 40
1.0
176
     1
 90
        1
176
     1
 90
        6
176
     1
 90
        2
176
     1
 62
     7
176
     1
 90
        3
176
     1
 90
        0
176
     1
 90
        0
176
     1
290
     0
176
     1
 90
       13
176
     1
 40
0.0
176
     1
 90
        0
176
     1
290
     0
176
     1
290
     1
176
     1
290
     1
176
     1
290
     0
176
     1
290
     0
176
     1
290
     0
176
     1
290
     0
176
     1
290
     0
176
     1
290
     0
176
     1
 90
       50
176
     1
 40
0.0
176
     1
 40
1.0
176
     1
 90
        0
176
     1
 62
    18
176
     1
 90
       50
176
     1
 90
        3
176
     1
 62
     5
420
      255
176
     1
290
     0
176
     1
 90
       50
176
     1
 90
       50
176
     1
 90
       50
176
     1
290
     0
176
     1
 90
       50
176
     1
 62
   256
176
     0
 40
1.0
176
     0
 90
        2
176
     1
  1
strokes_ogs.tif
176
     1
290
     0
176
     1
 40
1.0
176
     1
 40
1.0
176
     1
  0
DICTIONARYVAR
  5
F0
102
{ACAD_REACTORS
330
66
102
}
330
66
100
DictionaryVariables
280
     0
  1
1'-0" = 1'-0"
  0
DICTIONARYVAR
  5
EF
102
{ACAD_REACTORS
330
66
102
}
330
66
100
DictionaryVariables
280
     0
  1
STANDARD
  0
DICTIONARYVAR
  5
89
102
{ACAD_REACTORS
330
66
102
}
330
66
100
DictionaryVariables
280
     0
  1
STANDARD
  0
DICTIONARYVAR
  5
1B7
102
{ACAD_REACTORS
330
66
102
}
330
66
100
DictionaryVariables
280
     0
  1
Imperial24
  0
DICTIONARYVAR
  5
1B8
102
{ACAD_REACTORS
330
66
102
}
330
66
100
DictionaryVariables
280
     0
  1
Imperial24
  0
DICTIONARYVAR
  5
67
102
{ACAD_REACTORS
330
66
102
}
330
66
100
DictionaryVariables
280
     0
  1
2
  0
DICTIONARYVAR
  5
6B
102
{ACAD_REACTORS
330
66
102
}
330
66
100
DictionaryVariables
280
     0
  1
1
  0
DICTIONARYVAR
  5
14D
102
{ACAD_REACTORS
330
66
102
}
330
66
100
DictionaryVariables
280
     0
  1
0
  0
DICTIONARYVAR
  5
14E
102
{ACAD_REACTORS
330
66
102
}
330
66
100
DictionaryVariables
280
     0
  1
0
  0
DICTIONARY
  5
194
330
22
100
AcDbDictionary
280
     1
281
     1
  0
DICTIONARY
  5
188
330
97
100
AcDbDictionary
280
     1
281
     1
  3
FBXASSET
360
189
  0
DICTIONARY
  5
186
330
96
100
AcDbDictionary
280
     1
281
     1
  3
FBXASSET
360
187
  0
DICTIONARY
  5
110
330
98
100
AcDbDictionary
280
     1
281
     1
  3
BUMPTILE
360
112
  3
DIFFUSETILE
360
111
  3
FBXASSET
360
18A
  3
OPACITYTILE
360
113
  3
REFLECTIONTILE
360
114
  0
DICTIONARY
  5
104
330
87
100
AcDbDictionary
280
     1
281
     1
  3
ACAD_ROUNDTRIP_2008_TABLESTYLE_CELLSTYLEMAP
360
7DB
  0
XRECORD
  5
189
102
{ACAD_REACTORS
330
188
102
}
330
188
100
AcDbXrecord
280
     1
 70
     1
 90
429727718
  1
508B35C9-AEE7-456F-BE74-D52651303AC6
310
504B03040A0000080000B670623B3DEE336E79000000790000001B0000006175746F6465736B2D64657369676E2D7061636B6167652E786D6C3C3F786D6C2076657273696F6E3D22312E302220656E636F64696E673D227574662D3822203F3E3C666F726D6174733E3C666F726D61743E687474703A2F2F736368656D612E
310
6175746F6465736B2E636F6D2F64657369676E2D7061636B6167652F323030393C2F666F726D61743E3C2F666F726D6174733E504B0304140006080800B670623BD486FD9CA0000000F4000000130000005B436F6E74656E745F54797065735D2E786D6C7D8EC10E82300C865F65E91D8A1E8C310C0EEA1BF002731658846E
310
D98AC1B77784ABF1D8FE5FBFBF75BBCE937A534CCEB38643598122B6FEE978D0B0485F9C41B54DDD7D022595594E1A469170414C76A4D9A4D207E29CF43ECE46F218070CC6BECC4078ACAA135ACF422C856C0E68EA1BF5669944DDD7BCDE7B1F8E415D77AECB980613C2E4AC91FC167A2B244592486606FC29C8FD7F045B9A
310
EF7053A7E60B504B0304140006080800B670623B28ED286BEB0000007C01000008000000636F72652E786D6C8D90416EC3201045AF82665B6183218D6D61A254764FD00B204C5C94182C03558F5F9C3852BBEB6A467FFE9B197D71FA9E6FE8CBACC17AD7012D0820E3B41FAD9B3A48F1826B40272956EFE32F1B20A766D3C1
310
268314D3EAD3B24BDABB685CCCAAF3A3D94515828980F42D371D04FD696655A814B3235C8B45E9AB9A4C419F5D8653B2237A1CB163DE672FD6AC209BF3C08E0D1B30EB19C3FC9D72FCC6EB231EFA33EDE96BDD341517E5064B11EDFCBCAF57A3A2194156843498524CAA0FCA5B7268F9E185D42D21A2DCEC7FA0B48CFF8492
310
759155FBBB0F2C80A4F991FB408A72CB22977B50B96EB9C91F504B0304140006080800B670623B55019EA25F0000007C00000007000000636E782E786D6C4DCB3B0E80201045D1AD90E915ED2CF8AC45050C11660C8261F98AB1B07AC9C97D42D718D865D3E909258CFD00CCE24AC6E326A164D74DC0B4128928FF32603847
310
2BA13128B1252AC747C6BAB984FC68F0B87FE8960A5C09FE86CFB69FBA01504B0304140006080800B670623B7BC41AC871010000D40300000C0000006662782F636F72652E786D6CC553ED6E8320147D15C2DF4501B56B6D90A64BBB27D80B50A5CE54C120983EFEAE1F4DD7A56BBA5FF3879273EEE59E7310BE393735EA95
310
ED2AA333CC428A91D2B9292A5D66D8BB63B0C26823B835C67D2BC348CB46657880B1E0A535BE9DA1DC68A7B403549B42CDA0EC3AE530CA6B5864B8CB3F552343E91D5474A7B095F949962A6421D0502778E72C0840D390E18DC5F170E664C205F7BE2A66B62A605A75AC94C522DDEEE3651AEF837817C741F2CE92E02D592D
310
83FD6ECB76EC7595A651C2C9D02CB8AB9A8BBADC2AE954814544691A3016D0E883256BBA58278B17BA5A53CAC9507ED3E4DBE2C9265F691747B3DCA9ADC382819091F8E1162272A8933DE82182932144F88C09DF060D8140C84E1EEA8B8F1340BDCA9DB1093085F157AA97B557309586747CD0EF0B4EA64E983A6E0EAEEFCE
310
889E9EF17847386AA94B30211D2C0FDE0D3AF9A4610EAD5536E8DD1969631B593F67E381C33F5157F17725E5A636F6BF1491F980C8FC7B90E13E8A2F504B0304140006080800B670623B70102A487D0000009D0000000B0000006662782F636E782E786D6C4DCCD10A83201886E15B91FFDC95A5C30335ACCDFB886521330D
310
A76397BF1A1DECE883878F57749FD5A3B74D2F17830472A901D9F088930B8B849267CC01754AA418F3DF0D5018572BE160506249B16C274D761E8BCFBB7A179E27F65CB39A0F14D396184C9921B81F34C3ACA1B4B99ABB6E6F062A25AA5F69DF23ACBE504B0304140006080800B670623B3610CA3329010000120200003100
310
00006662782F42384135303843342D343331462D343546312D424341352D3532343432364645413344462F636F72652E786D6C8D515B6EC32010BC0AE22B55850D0E446E848992B43E412FE000495162B07854397EA176A4F62F3F2C9A9D991D58BEBB8F37F0AD7D30CE76905418026DA553C65E3A98E219B510EC04F7CEC5
310
3F3408EC30EA0E16180A7EF12E4D0B249D8DDAC68C5AA7F4020E21E80881BCE54B0783FCD2E3500D296646B856D320AFC34557A4CAEDCC133C449F0380794839A138B47B86DB2345744D7A44594FD0E1B867883594369BFE63BF7EEF793D0B054FC9A8456E548E63CE46FB674D8A58F068C6477CE9F510B582A2C1F80D1182
310
70F349E816B32D65AFB8DD62CCEB42FF274A937A52948C8DEB66893BCB021484D7734370E5D2E9F608A3EF93F3119479ABA0E50B14B8C298119A43CCC4FCFCECB8A18B6388CEE7EF5D5D4F994BD86CBBA182D76543B9FCAE2FD7B24DF103504B0304140006080800B670623B1B8617914E0100003303000030000000666278
310
2F42384135303843342D343331462D343546312D424341352D3532343432364645413344462F636E782E786D6CD593C16EC32010447F0571AD6CE3D489D20813A9877E410FBD62D82434182CC055F3F75D1292E692438FBD206B7698593D61BEFD1E2DF982108D773D6D6B460938E5B571FB9ECE6957AD29D90A1EBC4F7736
310
4A9C1CA1A759A682EF839FA72269D8C9D92654AD71C72206887E0E0A22CAF926B15E498B01E0AA19451807D01A34B919F16B070157417138917400F2F6FA41FCF0092A45DEE414C19BDC21783E4BD39D891265658C3D8DEA00A3ACE59CBC8678ACB54CB26EEB6BD7839D7E9348BE70AD9C8321B9BCA7F9A4A26C542347DEE0
310
50F09802D22BA6749A800A394DD62899107273365E3C82CFC6A55557BC06C10774B7ABE7AEC3B0F34CF06446280E154026D0542C187BA9DAB6628BF7B6DBB0E5A65B3EB1F58631DE64BBE083F7B65CC218087E22CABB042E51D1F2268F1FE12B3EA24D40D63E9CFE00120194D60B9D5BC67FE6D39CDF37E20AF817881F504B
310
0304140006080800B670623BBFEF2E3B690500003C100000340000006662782F42384135303843342D343331462D343546312D424341352D3532343432364645413344462F6F626A656374732E786D6CAD575D739B3814FD2B0CFB0C98D84E931D4227B6938EA793B6534F3BFB90198F0099B001899144EAECAFDF231018B0
310
D37A3FFC609090EEE7B94757C1FB7D915B2F54C88CB31BDB7727B64559CC938CA53776A576CE956DBD0F03C1B9EA2DB32D460A7A63EB693B0C52C1ABD24C257447AA5C8D66EF177F5832A68CDA569C13296F6C193FD182B8A4523CA1F2D94D88226EBADBBBBEDB2C1C8A4D05299F46424B222853B014F30C52ACC6287F389C
310
D85E1878FA7B18E87FB36AFAF62AAFF667A83F635211161F291B8999FAB3D5DDC5FCDA99CF6653677679E13B8BFBC5CAF1DF4D27CBCBE5F2FAF6EE1A8AA51290642C117467871F101B91C581D77CEA2C36869F3229E68CD1B8F61F1ED6361B89092D294B90C78C4A68EB793D190E7D1D9BDEE7A91E1B95FDE9F3BCEAEFE809
310
6A6D6F9F7D4B79F4275C90E7A04248AA51D5C4C738DAE06F72885AC4796EBE65D22A88A22223B995679120E2D50EB1542F098381188D4EA111AE3DB043FF20AF6F2B4AE3D7D83D65E5AECA730D4D3BAC91BD05FEA992B565D95F549CD6069B90AB2A63EACA38A45E4B6A87D781574F86817E4C2FCCC72690D62E2729520E37
310
9BAF234797BAF6D62B3BFC781FED37BA1E4F2B2F052FA9501A3E80569BB8F6A9A364D4FA67654E6F803383981F82F21591FF84F23D9882BC896C3FDBCF8C162508933B2E0AE4C69DD43F6BD2BE38DDDBF10BF86CB4FA784D37F3AF16075E67EC9030DECA1FC0A55373F5DFF3378C591FA9BDF485C10B0A8C8BA909E5262639
310
A8E72163488806A595734C81CB77D1DE0ED7604A303B76913CEC0272F412782FF88EFF4636D8AA56DF7B322474C4B767303F625997056C7B032C473C592B36CEBD15F3F9FF5233B7ABCDC74D257624A60F8658567497B14CE1EC3C80B76FD02011038F9EE9EB0F2E12387A9C844D3F09855125116D1D731DF8B43D2CF4E0A0
310
79A020C6BE946BCE0B7EA1E1219331CD73C228AF5A2DDD31A4B1DA918CE91350854D40A71723140BFA92E94E62B0626016CEFA5864A50E5977E8753CEDBEE1CBB7F52780D20E17AF0BA0F5F9B02A3AD07DCC732EB6D1EBB661421BE0C39E21BABF0FE16D22EA6929407C8DE596724C88B749B6DB5512BC7B228ADFD7CB7EA6
310
3A22397E690BA8D5D8D4E40CEC8CDA23C2C0B7D5898640101CEC9C6D331CE328CB93CAFBBAC70A642DF70DF95155945B52F08AA973C23469FD69ADEF84F7BB18F983A8F8C90E37F5D35980B2139A1C523540813E824EF83448CF7C72B598CE97D7CEEDDDDD3B6736BFBC771677EF66CE6A7E7139F7A793E9EDF2B2B3A8B624
310
0CDA13AA5F8388264EC4A0129909F3B7F5A16CEDF08128E97D680ACA4B9BE7B7B58BB638F0B00700EF36AE8B32A705658A68F83EE897FC2B41573190D1CCAF0B92D233A47CFEB019D9809933F67DD1A5467F8CF69AD9A5AE859342D45355448C64F968A371DC2D596ADC6E43D93D1B466F877A64E2893E54F23C4B40388995
310
525E5005DA3983ED45412510D3EFCA13737B3863F74BD30F2A12E5B4B5E489A025CE25500DB855B11ACE5BBFA185D35DD48D8DC3CE7DC69F2944DB42AA6F6CF09BCA622ADD08C7A36E7C6AE18000BAB08E040135C2D21C9D75B3A91B77BB746C403F38018DFE6EC939DD92F16B40BC05294B9CDA035AAD6D330AE27FE4786B
310
8E45145EA34A75BE1C263A676A35A8ACC6297337400BF16C54EF515F3F77CB77EB3583889C754FFA29081AA98E2222ADEF05DA3E63D2EDEA8B8756C05A7FB6CABC4A91CBF325398202CC952E70A008A830324BA200D5E5EF8F5F04C75DB4B0EE3340E071C98B823333B83577596BF3849B69F2085AA0FAFA212F26BEFF5877
310
FDE622B28D88A42E49E43326DA82D31E8CB006401E1DA726059ECEC168F97A6599036306A135688F9AD2E61A6EA178F4CD51974A9F2CCB9F36FE5EBD14601068D9C3BF01504B0304140006080000B670623B000000000000000000000000350000006662782F42384135303843342D343331462D343546312D424341352D35
310
32343432364645413344462F76657274696365732E62696E504B0304140006080800B670623BF270F1330600000004000000360000006662782F42384135303843342D343331462D343546312D424341352D3532343432364645413344462F747269616E676C65732E62696E636660600000504B0304140006080000B67062
310
3B000000000000000000000000370000006662782F42384135303843342D343331462D343546312D424341352D3532343432364645413344462F617474726962757465732E62696E504B0304140006080800B670623B08DA0BD19000000041010000360000006662782F42384135303843342D343331462D343546312D4243
310
41352D3532343432364645413344462F6469726563746F72792E786D6C858F410AC3201045AF22B36F53E9A60B35CBEEBAE80D244E44489C6234F4F835464A48035D0DF398FF9F8AF63D0E6CC63039F212F8F9020C7D47C6792B21C5FE7403D62A1188E2E60C98D7234A5830286103A55745067B9D86B8A3CF9C7F90C11DE6
310
07FB144396D7B6A82D282E9A152AD114D5EF2CB866EEE831B8EEA07A7BB5A8D7D61A2BAAEB7FD5F70921FF497D00504B0304140006080800B670623B3B4606F3FE000000A00100003B0000006662782F42384135303843342D343331462D343546312D424341352D3532343432364645413344462F7265736F75726365732F
310
636F72652E786D6C8D504B6E833010BD0A9A6D65B08134808CA354A427E8052C332156828DFCA97AFC9A40A576D7CDCCE87D344F8F9FBEE647F689CE6B6B7A6039850C8DB2A336530F315C4903D94970676DF82583CCC8197B5861107C72362E3BA4AC096842428D1D7107A5F71820538F74F4E0D50D6799CB1892C2DFF345
310
AABB9C306779A2934E701F5C0A906D4FD609C2A1B7D129F4BCD858C163D4E3AED163FAA9AF1A1D88F67CA98E6D35906AA82A52BFB39ABCD5CD915C86331BD86BD3B665CD8BD52C78D0F34F46E550061C419494B6843142CB0F5677F4D0D58717DA7494F26295FF31C565FCA7296A13AA728FBBD93C0896823C09C18BB5AFB4
310
9E65A6BD762BBE01504B010214000A0000080000B670623B3DEE336E79000000790000001B00000000000000000000000000000000006175746F6465736B2D64657369676E2D7061636B6167652E786D6C504B01021400140006080800B670623BD486FD9CA0000000F40000001300000000000000000000000000B2000000
310
5B436F6E74656E745F54797065735D2E786D6C504B01021400140006080800B670623B28ED286BEB0000007C010000080000000000000000000000000083010000636F72652E786D6C504B01021400140006080800B670623B55019EA25F0000007C000000070000000000000000000000000094020000636E782E786D6C50
310
4B01021400140006080800B670623B7BC41AC871010000D40300000C00000000000000000000000000180300006662782F636F72652E786D6C504B01021400140006080800B670623B70102A487D0000009D0000000B00000000000000000000000000B30400006662782F636E782E786D6C504B01021400140006080800B6
310
70623B3610CA3329010000120200003100000000000000000000000000590500006662782F42384135303843342D343331462D343546312D424341352D3532343432364645413344462F636F72652E786D6C504B01021400140006080800B670623B1B8617914E010000330300003000000000000000000000000000D10600
310
006662782F42384135303843342D343331462D343546312D424341352D3532343432364645413344462F636E782E786D6C504B01021400140006080800B670623BBFEF2E3B690500003C10000034000000000000000000000000006D0800006662782F42384135303843342D343331462D343546312D424341352D35323434
310
32364645413344462F6F626A656374732E786D6C504B01021400140006080000B670623B0000000000000000000000003500000000000000000000000000280E00006662782F42384135303843342D343331462D343546312D424341352D3532343432364645413344462F76657274696365732E62696E504B010214001400
310
06080800B670623BF270F133060000000400000036000000000000000000000000007B0E00006662782F42384135303843342D343331462D343546312D424341352D3532343432364645413344462F747269616E676C65732E62696E504B01021400140006080000B670623B00000000000000000000000037000000000000
310
00000000000000D50E00006662782F42384135303843342D343331462D343546312D424341352D3532343432364645413344462F617474726962757465732E62696E504B01021400140006080800B670623B08DA0BD1900000004101000036000000000000000000000000002A0F00006662782F42384135303843342D3433
310
31462D343546312D424341352D3532343432364645413344462F6469726563746F72792E786D6C504B01021400140006080800B670623B3B4606F3FE000000A00100003B000000000000000000000000000E1000006662782F42384135303843342D343331462D343546312D424341352D3532343432364645413344462F72
310
65736F75726365732F636F72652E786D6C504B0506000000000E000E0080040000651100000000
  0
XRECORD
  5
187
102
{ACAD_REACTORS
330
186
102
}
330
186
100
AcDbXrecord
280
     1
 70
     1
 90
429727718
  1
887D55A9-D0DD-414E-B741-A7DCD4DA2B4C
310
504B03040A0000080000B670623B3DEE336E79000000790000001B0000006175746F6465736B2D64657369676E2D7061636B6167652E786D6C3C3F786D6C2076657273696F6E3D22312E302220656E636F64696E673D227574662D3822203F3E3C666F726D6174733E3C666F726D61743E687474703A2F2F736368656D612E
310
6175746F6465736B2E636F6D2F64657369676E2D7061636B6167652F323030393C2F666F726D61743E3C2F666F726D6174733E504B0304140006080800B670623BD486FD9CA0000000F4000000130000005B436F6E74656E745F54797065735D2E786D6C7D8EC10E82300C865F65E91D8A1E8C310C0EEA1BF002731658846E
310
D98AC1B77784ABF1D8FE5FBFBF75BBCE937A534CCEB38643598122B6FEE978D0B0485F9C41B54DDD7D022595594E1A469170414C76A4D9A4D207E29CF43ECE46F218070CC6BECC4078ACAA135ACF422C856C0E68EA1BF5669944DDD7BCDE7B1F8E415D77AECB980613C2E4AC91FC167A2B244592486606FC29C8FD7F045B9A
310
EF7053A7E60B504B0304140006080800B670623BBC1638F5EC0000007C01000008000000636F72652E786D6C8D90416EC3201045AF82665B61836BE2D8C24471DB9CA01740401C94182C03558F5F9C3852BBEB6A467FFE9B197D7EF89E6EE8CB2CC17AD7032D0820E394D7D68D3DA478C67B4007C117EFE32F1B202727D3C3
310
2A83E0E3E2D3BC49CABB685CCCAAF3DA6CA20CC14440EA969B1E82BA98491632C5EC08D76296EA2A4753D06797E194AC468F2356E77DF66CCD02825543D50CACC62D39ED70FDC68EB8FD68F6F8787A6784342D1DDA1D2F5758F068A7E77DB518198D065111D2624A31A93E69DD11D6D5EC85EC3B4278B9DAFF4069D6FF8492
310
75F1B5DADE7D600104CD8FDC0782976B16B9DC83CA75CD4DFC00504B0304140006080800B670623B55019EA25F0000007C00000007000000636E782E786D6C4DCB3B0E80201045D1AD90E915ED2CF8AC45050C11660C8261F98AB1B07AC9C97D42D718D865D3E909258CFD00CCE24AC6E326A164D74DC0B4128928FF326038
310
472BA13128B1252AC747C6BAB984FC68F0B87FE8960A5C09FE86CFB69FBA01504B0304140006080800B670623B3586FFB671010000D40300000C0000006662782F636F72652E786D6CC553ED6E8320147D15C2DF4541A76D6D90A6DDD627D80B50A4CE54C120983EFEAE1F4DD7A55BBA5FF3879273EEE59E7310B6393735EA
310
95ED2AA3731C851423A5A5292A5DE6D8BB63B0C268C39935C67D29C3488B46E578803167A535BE9D2169B453DA01AA4DA16650749D7218C91A1639EEE4876A4428BC838AEE14B6429E44A9C228041AEA38EB9C0501681A32BC313F1ECE8C4C3867DE57C5CC56054CAB8E95B298A7F12E5EEED224C8E87E11242FE936C8DE96
310
AB60BB7F4D295D66D12E5B30323473E6AAE6A24E5A259C2A308F29CD82280A68FC1E256B9AAE93F489AED694323294DF34F9B678B0C957DA3DC7B3DCA9ADC33C022123F1CD2D44E450277AD04338234388F01913BE0D1A0281909D38D4171F27807A259DB1093085F157AA17B557309586747CD0CF0B46A64E983A6E0EAEEF
310
CE881F9EF1FB8E70D44297604238581EBC1B74B249C31C5AAB6CD0BB33D2C636A27ECCC62F0EFF445DC5DF95244D6DEC7F2922F30191F9F720C37DE49F504B0304140006080800B670623B4220A0FF7D0000009D0000000B0000006662782F636E782E786D6C4DCCD10A83201886E15B91FFDCE542CB0335D0EC3E6259C84A
310
C3E9D8E5AF46073BFAE0E1E315DD675BD1DBA5978F41C2FD4600B9F088930F8B849267CC01754AA418F3DF0D50183727E164506249B1EC174D6E1ECB9A0F5D7D785E68DB8151CD286E5A5363CA6B8A39E90D36D40E96B086F55A43A544F52B1D7B86D517504B0304140006080800B670623B2FA3FEDE290100001202000031
310
0000006662782F45374635344235342D363743322D343832342D383044432D4334454645303536354442422F636F72652E786D6C8D515B6EC32010BC0AE22B55850D2E386E848994D7097A0117488A1283C5A3CAF10BB523B57FF961D1ECCCECC0F2ED7DBC816FED8371B687A4C210682B9D32F6D2C314CFA883602BB8772E
310
FEA141608751F7B0C050F08B77695A20E96CD43666D43AA5177008414708E42D5F7A18E4971E876A483133C2B59A06791D2EBA22556E679EE021FA1C00CC43CA09C5717D6274C7286AD7FB06D1AEA1A8C3873DDAD3E3E98859CB0EBB1DAF67A1E02919B5C88DCA71CCD968FFAC49110B1ECDF8882FBD1EA256503418BF2342
310
106E3E08DD60B6A1EC15771B8C795DE8FF4469524F8A92B1F1AD59E2CEB20005E1F5DC105CB9F4797B84D1F7C9F908CABC55D0F2050A5C61CC1AD2F27A26E6E767C7962E8E213A9FBF7775FDCC5CC266DB960A5E970DE5F2BBBE5CCB36C50F504B0304140006080800B670623B1B8617914E01000033030000300000006662
310
782F45374635344235342D363743322D343832342D383044432D4334454645303536354442422F636E782E786D6CD593C16EC32010447F0571AD6CE3D489D20813A9877E410FBD62D82434182CC055F3F75D1292E692438FBD206B7698593D61BEFD1E2DF982108D773D6D6B460938E5B571FB9ECE6957AD29D90A1EBC4F77
310
364A9C1CA1A759A682EF839FA72269D8C9D92654AD71C72206887E0E0A22CAF926B15E498B01E0AA19451807D01A34B919F16B070157417138917400F2F6FA41FCF0092A45DEE414C19BDC21783E4BD39D891265658C3D8DEA00A3ACE59CBC8678ACB54CB26EEB6BD7839D7E9348BE70AD9C8321B9BCA7F9A4A26C542347DE
310
E050F09802D22BA6749A800A394DD62899107273365E3C82CFC6A55557BC06C10774B7ABE7AEC3B0F34CF06446280E154026D0542C187BA9DAB6628BF7B6DBB0E5A65B3EB1F58631DE64BBE083F7B65CC218087E22CABB042E51D1F2268F1FE12B3EA24D40D63E9CFE00120194D60B9D5BC67FE6D39CDF37E20AF817881F50
310
4B0304140006080800B670623B29652116630500003C100000340000006662782F45374635344235342D363743322D343832342D383044432D4334454645303536354442422F6F626A656374732E786D6CAD575D739B3814FD2B0CFB0C989834C90EA1639B24E3E9A6EDD4D3CE3E64C623834CD8006224913AFDF57B040203
310
B65BEF871F0C12D2FD3CF7E8CA7FBFCB33E3957291B2E2D674ED8969D02262715A24B76625B7D6B569BC0F7CCE98EC2D338D82E4F4D654D366E0279C55A59E8AE99654991CCDDECFFF3444440B6A1A514684B83545F44C7362934AB2988A173B2692D8C97667BB76B3702836E1A47C1E092D09A78584A5982F20C5688C7287
310
C389E904BEA3BE07BEFAD7ABA6A75739B53F43FD69212429A20365233153D70BEF2E2E6FAC4BCF9B5ADEBB0BD79ADFCF43CBBD9A4E16EF168B9BD9DD0D140BC921495BC2E9D60C1E101B9E46BED37CEA2CD6861F3329624541A3DA7F7858DBAC25C6B4A4458C3CA654405BCFEBC970E8AAD8F43E4FD558ABEC4F9FE7557F47
310
4F506B7BFBEC5BCA367FC105710E2AB8A00A554D7CB4A30DFE26FBA86D18CBF4B75418399194A72433B274C3097F33032C554B027F2046A1932B842B0FCCC0DDCBEBDB8AD2F835768F59B9ADB24C41D30C6A64AF817F2A456D59FA83F2E3DA60137255A585BCD60EC9B7929AC18DEFD49381AF1ED30BFDB109A4B1CD488294
310
C3CDE6EBC8D185AABD6568061FEE37BB95AAC7E3CA4BCE4ACAA5820FA0D526AE7DAA2869B5EE5999531BE0CC20E6FBA07C41E43FA27CF7A6206F3CDD793B4F6B919C1462CB788EDCD893FA674CDA17AB7B3B7C019F8D561FAEE966FED562DFE98C1D12C6A9FC015C2A35D7FF3D7FC398F591DA4B5FE0BFA2C0189FEA50AE22
310
92817A1ED3020951A03432862970F976B33383259812CC8E5D240BBA801CBCF8CE2BBEE3BF910DB6AAD5F79E05123AE2DB33981FB1ACCB02B69D00CB014FD68AB573A7627EF9BFD4CC2C5C7D58557C4B22FAA88925A4DBB44825CECE3D78FB060D1231F0E885BE7D673C86A3874958F593906B5502D1563157814FDAC3420D
310
F69A070A22EC4B98E23CFF171A1E5311D12C23056555ABA53B8614563B92D17D02AAB009E8F46284624E5F53D5490C560CCCC2591FF1B45421EB0EBD8EA7ED13BE7C5D7E0428CD60FEF60779EB13E6664FF711CB185F6FDED60D139A001FF60CD1FD6D086F1D51474901E26B2CB794A343BC8ED3EDB612E0DD2351FCB65CF4
310
33D511C9E14B5B40ADC6A6263DB0336A8F700DDF56271A024E70B0B3629DE21847591E55DED73D56206AB927E46FAABC5C939C55853C274C93D69FD6FA4E78BF8B11DF898C9ECD60553FAD39283BA6F18984AA23E8884F83F45C5F5F859797B31B2B9C84A1E5B9DE9D35BFF25C6B76152E422F9C5DCC3D847F5801ED09D5AF
310
41441327A25FF15487F9EB725FB666F048A4701E9A827292E6F97569A32DF61DEC01C0BB8DCBBCCC684E0B49147C1FD54BF685A0AB18C868E6973949E819523E3DAC463660E68C7D9F55A9D1EFA3BD7A76A16AE1A810F95CE59B82A4D968A376DC2E8B44BBDD86B27B368CDE0ED548C7137DA860591A83706223A12CA712B4
310
7306DBF39C0A20A6DF95C7FAF670C6EED7A61F946493D1D6926782963813403548A78AE470DEF80D2D9CEAA26E4D1C76F60BFE74219A06527D6B82DF641A51616F703CAAC6A7160E08A00BEB4810A0274592A1B36E3675E36E978A0DE80727A0D6DF2D39A75BD27E0D8837276589537B40ABB56D5A41F48F1C6FCD3188C4EB
310
A6929D2FFB89CE995A4D00AE813BDD032DC48B56BD437DFDDC2DD7AED70C2272D63DE9A72068A45A92F0A4BE17A8A06B9366E16707AD80B1FC649459952097E74BB23805982B55E0401150A165964402AA8BDF9F3E7386BB686EDCA780C0D382E5392BF460A6EFB2C6EA1937D3F809B440D5F5435C4C5CF7A9EEFAF54564BD
310
2182DA24162F98680B4E7930C21A0079709CEAEB99A372305ABE0C0D7D6078105A83F6A0296DAEE1068A47DD1C55A9F4C9B2FC69E3EFD44B81028E963DF81B504B0304140006080000B670623B000000000000000000000000350000006662782F45374635344235342D363743322D343832342D383044432D433445464530
310
3536354442422F76657274696365732E62696E504B0304140006080800B670623BF270F1330600000004000000360000006662782F45374635344235342D363743322D343832342D383044432D4334454645303536354442422F747269616E676C65732E62696E636660600000504B0304140006080000B670623B00000000
310
0000000000000000370000006662782F45374635344235342D363743322D343832342D383044432D4334454645303536354442422F617474726962757465732E62696E504B0304140006080800B670623B08DA0BD19000000041010000360000006662782F45374635344235342D363743322D343832342D383044432D4334
310
454645303536354442422F6469726563746F72792E786D6C858F410AC3201045AF22B36F53E9A60B35CBEEBAE80D244E44489C6234F4F835464A48035D0DF398FF9F8AF63D0E6CC63039F212F8F9020C7D47C6792B21C5FE7403D62A1188E2E60C98D7234A5830286103A55745067B9D86B8A3CF9C7F90C11DE607FB144396
310
D7B6A82D282E9A152AD114D5EF2CB866EEE831B8EEA07A7BB5A8D7D61A2BAAEB7FD5F70921FF497D00504B0304140006080800B670623B6378F24DFF000000A00100003B0000006662782F45374635344235342D363743322D343832342D383044432D4334454645303536354442422F7265736F75726365732F636F72652E
310
786D6C8D504B6E833010BD0A9A6D65B0094E42641C85B639412F6099496225D8C89FAAC7AF09546A77DDCC8CDE47F3F4C4F16B7C149FE88371B603565228D06A37187BED20C50BD9437194C23B177FC9A0B06AC40E6618A4B87A97A615D2CE46B431A3D60DB8822A048C50E8473E3A08FA86A32A558A5911EEE5A4F45D5DB1
310
6465A6B34E8A107D0E502C4FE609D26370C96B0CA25A58295232C3AA3143FE692E063D485EF7F5AEE71BD2D2F39634AFFC44DAF7DD9E9CCE6F9CD25DCBFA762BAAD92C4534E34F46ED51451C40D694B6843142EB0FD61C283F34FC85EE0F948A6A96FF31A569F8A729191B37F51A77B105902C0779125254735F793DCBCC7B
310
EE567E03504B010214000A0000080000B670623B3DEE336E79000000790000001B00000000000000000000000000000000006175746F6465736B2D64657369676E2D7061636B6167652E786D6C504B01021400140006080800B670623BD486FD9CA0000000F40000001300000000000000000000000000B20000005B436F6E
310
74656E745F54797065735D2E786D6C504B01021400140006080800B670623BBC1638F5EC0000007C010000080000000000000000000000000083010000636F72652E786D6C504B01021400140006080800B670623B55019EA25F0000007C000000070000000000000000000000000095020000636E782E786D6C504B010214
310
00140006080800B670623B3586FFB671010000D40300000C00000000000000000000000000190300006662782F636F72652E786D6C504B01021400140006080800B670623B4220A0FF7D0000009D0000000B00000000000000000000000000B40400006662782F636E782E786D6C504B01021400140006080800B670623B2F
310
A3FEDE290100001202000031000000000000000000000000005A0500006662782F45374635344235342D363743322D343832342D383044432D4334454645303536354442422F636F72652E786D6C504B01021400140006080800B670623B1B8617914E010000330300003000000000000000000000000000D2060000666278
310
2F45374635344235342D363743322D343832342D383044432D4334454645303536354442422F636E782E786D6C504B01021400140006080800B670623B29652116630500003C10000034000000000000000000000000006E0800006662782F45374635344235342D363743322D343832342D383044432D4334454645303536
310
354442422F6F626A656374732E786D6C504B01021400140006080000B670623B0000000000000000000000003500000000000000000000000000230E00006662782F45374635344235342D363743322D343832342D383044432D4334454645303536354442422F76657274696365732E62696E504B01021400140006080800
310
B670623BF270F13306000000040000003600000000000000000000000000760E00006662782F45374635344235342D363743322D343832342D383044432D4334454645303536354442422F747269616E676C65732E62696E504B01021400140006080000B670623B0000000000000000000000003700000000000000000000
310
000000D00E00006662782F45374635344235342D363743322D343832342D383044432D4334454645303536354442422F617474726962757465732E62696E504B01021400140006080800B670623B08DA0BD190000000410100003600000000000000000000000000250F00006662782F45374635344235342D363743322D34
310
3832342D383044432D4334454645303536354442422F6469726563746F72792E786D6C504B01021400140006080800B670623B6378F24DFF000000A00100003B00000000000000000000000000091000006662782F45374635344235342D363743322D343832342D383044432D4334454645303536354442422F7265736F75
310
726365732F636F72652E786D6C504B0506000000000E000E0080040000611100000000
  0
XRECORD
  5
112
102
{ACAD_REACTORS
330
110
102
}
330
110
100
AcDbXrecord
280
     1
270
     1
271
     1
  0
XRECORD
  5
111
102
{ACAD_REACTORS
330
110
102
}
330
110
100
AcDbXrecord
280
     1
270
     1
271
     1
  0
XRECORD
  5
18A
102
{ACAD_REACTORS
330
110
102
}
330
110
100
AcDbXrecord
280
     1
 70
     0
 90
1778669749
  1
9BF507EE-FAF7-4A99-A33D-4EE51894BC40
310
504B03040A0000080000B670623B3DEE336E79000000790000001B0000006175746F6465736B2D64657369676E2D7061636B6167652E786D6C3C3F786D6C2076657273696F6E3D22312E302220656E636F64696E673D227574662D3822203F3E3C666F726D6174733E3C666F726D61743E687474703A2F2F736368656D612E
310
6175746F6465736B2E636F6D2F64657369676E2D7061636B6167652F323030393C2F666F726D61743E3C2F666F726D6174733E504B0304140006080800B670623BD486FD9CA0000000F4000000130000005B436F6E74656E745F54797065735D2E786D6C7D8EC10E82300C865F65E91D8A1E8C310C0EEA1BF002731658846E
310
D98AC1B77784ABF1D8FE5FBFBF75BBCE937A534CCEB38643598122B6FEE978D0B0485F9C41B54DDD7D022595594E1A469170414C76A4D9A4D207E29CF43ECE46F218070CC6BECC4078ACAA135ACF422C856C0E68EA1BF5669944DDD7BCDE7B1F8E415D77AECB980613C2E4AC91FC167A2B244592486606FC29C8FD7F045B9A
310
EF7053A7E60B504B0304140006080800B670623BCA089DFFEC0000007C01000008000000636F72652E786D6C8D90416E83301045AF62CDB632D8402020E32882F604BD80653BC44AB011B6AB1EBF262152BBEB6A467FFE9B197D76FA9EEFE84BAFDE38DB03CD08206DA553C64E3DC470C1474027CE56E7C22F1B202B66DDC3
310
260367D3EAE2B24BD2D9A06D48AA754AEFA2F05E0740F29E9A1EBCBCEA59642286E4F0B76C11F226269DD15797E0188D42CF2346A57DE662F40ABCAEC77628C6120F654571D50C04B7F5B9C1E3997CD4F550BE3745C3F20DE62C98F9755FAE5A04AD801784B498524C8A4F5A75E4D055873772EC0861F966FF03C545FD138A
310
C686B2D8DF7D621E384D8F3C069CE55B16A93C824A75CB8DFF00504B0304140006080800B670623B55019EA25F0000007C00000007000000636E782E786D6C4DCB3B0E80201045D1AD90E915ED2CF8AC45050C11660C8261F98AB1B07AC9C97D42D718D865D3E909258CFD00CCE24AC6E326A164D74DC0B4128928FF326038
310
472BA13128B1252AC747C6BAB984FC68F0B87FE8960A5C09FE86CFB69FBA01504B0304140006080800B670623B68FC0B7272010000D40300000C0000006662782F636F72652E786D6CC5535B6E833010BC8AE5DF0A6C1E8124328E22D29EA01770C0A128602363A31CBFCB234A53A555FA553EC09AD9F5CE8C31DB5DDA060D
310
D2F4B556190E7C8A9154852E6B5565D8D993B7C668C799D1DA7E29C3488956667884316795D1AE5BA0422B2B950554E9522EA0E87B69312A1A5864B82F3E642B7CE12C54F467BF13C55954D20F7CA0A18EB3DE1A1080E621E31BF3D3F1C2C88C73E65C5D2E6C5DC2B4FA544B8379921C36797888BC3C8A032F4E73EA6D927D
310
EA1DF6F42D49F2E8350D5346C666CE6CDD5ED515460A2B4BCC434A375E1078347C0FE22D5D6DE3D50B5D6F2965642CBF6B725DF96493AB958DC245EEDCD6631E809089F8E61622B2A81703E8219C913144F84C09DF070D8140C8561C9BAB8F3340832CAC363130A576376A108D933095FA747AD0CF0B46E64E983A6D0EAE1F
310
CE089F9EF1FB8E70D44255604258581E9D1D75B259C3125A278D37D80B52DAB4A279CEC62F0EFF44DDC43F9454E8469BFF5244960322CBEF41C6FBC83F01504B0304140006080800B670623B0F71DDB67E0000009D0000000B0000006662782F636E782E786D6C4DCCD10A83201886E15B91FFDCA54DB73F502386BB8F5816
310
32D3703976F9ABD1C18E3E78F87855FB990379BBFCF2296AE02706C4C5471A7C9C349475A408A4352AA7B4FEDD80C47E761A7606A3A69CCA72D0E0C6BE8475D3E0E3F3409428EA6B27A84079A782899AA2EC1A7AE3ECCC2FD858CB2D544655BFD2B67BD87C01504B0304140006080800B670623BE134B4FB28010000120200
310
00310000006662782F38353834323741342D343835462D343034322D383541392D4331303331363839454531452F636F72652E786D6C8D515B6EC32010BC0AE22B55850D0EA424C24451959EA0172086A42831583CAA1CBF503B52FB971F16CDCECC0EACD8DFC71BF836215AEF7A481A0C817183D7D65D7A98D3197108F652
310
04EFD31F1A044E8DA6871586525C82CFD3020DDE25E352419DD76601558C264130DCCAA58771F832A36A544E8511AFCDA486ABBA988634A55D7852C4144A00300FA927949C71DABD1D28A29C7D208A6987383B6CD13BC16BB2E1DBE3911C453B0BA5C8D9EA456E758963CFD684674DAA588A64C747FC2118958C86B2C3788B
310
0841B8FB247487D98EB257CC77188BB6D2FF89F2A49F1465EBD2BA5BE2CEB2082511EDDC9042FB7CBA3DC298FBE4430275DE2A9AE1054ADC60CC08E3A29D89E5F9C5714317C7987C28DFBBBA9E0A97B0D97643A568EB864AF95D5FA9759BF207504B0304140006080800B670623B1B8617914E010000330300003000000066
310
62782F38353834323741342D343835462D343034322D383541392D4331303331363839454531452F636E782E786D6CD593C16EC32010447F0571AD6CE3D489D20813A9877E410FBD62D82434182CC055F3F75D1292E692438FBD206B7698593D61BEFD1E2DF982108D773D6D6B460938E5B571FB9ECE6957AD29D90A1EBC4F
310
77364A9C1CA1A759A682EF839FA72269D8C9D92654AD71C72206887E0E0A22CAF926B15E498B01E0AA19451807D01A34B919F16B070157417138917400F2F6FA41FCF0092A45DEE414C19BDC21783E4BD39D891265658C3D8DEA00A3ACE59CBC8678ACB54CB26EEB6BD7839D7E9348BE70AD9C8321B9BCA7F9A4A26C542347
310
DEE050F09802D22BA6749A800A394DD62899107273365E3C82CFC6A55557BC06C10774B7ABE7AEC3B0F34CF06446280E154026D0542C187BA9DAB6628BF7B6DBB0E5A65B3EB1F58631DE64BBE083F7B65CC218087E22CABB042E51D1F2268F1FE12B3EA24D40D63E9CFE00120194D60B9D5BC67FE6D39CDF37E20AF817881F
310
504B0304140006080800B670623B5933D422630500003B100000340000006662782F38353834323741342D343835462D343034322D383541392D4331303331363839454531452F6F626A656374732E786D6CAD575B6FA33814FE2B887D0642934E9B156594264D158D3A534DD4D13E548A0C38942D60649B4EBABF7E3F8321
310
40924EF6928780CDF1B97EE762EFF32E4B8D37CA45C2F21BD3B547A641F39045491EDF98A5DC5AD7A6F1D9F73863B243661A39C9E88DA9B64DDF8B392B0BBD15D12D295339D85DDEFE618890E6D434C2940871638AF08566C426A5641115AF764424B1E3EDCE76ED9AB0CF36E6A47819302D08A7B984A6D8CFC1C5A89572FB
310
CB91E9F89EA3BEFB9EFAD754E3D3544E654F5F7E920B49F2F040D880CDD89D2CEE2E2EA7D6E56432B6269F2E5CEB7679BBB0DCABF168FE693E9FCEEEA6102C240727AD09A75BD3BF876F78127A4EFDA9D5582B7E4CA590E5390D2BFB6161A5B3E618D182E611E2985001691DAB47FDA5AB7CD3F93C566B2DB2BB7D9E55DD13
310
1D468DEECDB3AB290BFE8409E21C54704115AA6AFF68436BFC8DF65E0B184BF5B74418199194272435D224E084BF9B3E481589EFF5D828747285706581E9BB7B7E5D5D911ABFC6EE312DB7659A2A689A7E85EC0DF04FA5A8344BFEA2FCB834E8845895492EAFB541F2BDA0A63FF59C6AD3F7D4637CA13FD68E34B629891172
310
98597F1D183A57B9B75A98FE9765B05BAB7C3C2EBCE0ACA05C2AF8005A4DE09AA7F29216EB9E15397500C6F47CBE77CA7778FE2BD277AF0AE2C693DD6437D1522427B9D8329E2136F6A8FA19A3E6C56ADF0E5F50CF06D48734EDCEBF22F69C56D97EC138153F804B85E6FABFC7AFEFB32E523BE1F3BD372418E363EDCA7548
310
52949E8724474014288D94610BB57C1BEC4C7F854A89CA8E5324F55B871CBC78CE1BBEE3BFE68D6A5589EF3C730474506FCFA8FCF0659516D0ED04580EEA6425581B77CAE797FF4BCECC16EB2FEB926F49481F746159D06D922712BD730FDEAE42BD40F42C7AA5EF3F198F60E86110D6DD20645A9480B795CF95E3E3A659A8
310
C55E724F408873315335CFFB8584874484344D494E59D94869DB90C26A5B64F49C802CAC1D3ABE18A098D3B7444D123D8A9E5AE8F5214F0AE5B2B6E9B575DA3E61CBD3EA2B4009FA940524DD1305FB6A1FB294F14DF0BEA90BA109ECE1481FDC3FFAE8D60E75141700BE82725371B4873751B2DD960265F788137FACE6DD40
310
B575E4F0A5C99F46629D92131467A41EE11ABD8D4CCC039CA0AFB37C93A08B232B8F0AEFCA1E0A1015DF13FC83322B362463652ECF71D3A8B1A7D1BE65DE1D62C44F22C317D35F574FEB16153BA2D13E543D10A80E74C4A65E78A6B7CBCBD1D5DD9DB59C2DAFACC96C3AB566E3F1C29ADCDD5DBAD7D3C9ED7C822ED74F80A6
310
41755310DE4443F44A9E68373FADF6596BFA0F440AE7BECE2727AE9F4F2B1B53B1E7E00CF0DD1E5C65454A339A4BA2D0FBA05ED2EF0443458F47BDBFCA484CCFE0F2ED7E3DD0013B679C7B5499467F0ECEEADDB9CA85A34CE44B99053949D2C1416DB85DE4B136BB7165FBAC0B7AB3542BED4F8CA182A549847A1319316519
310
95A83A67147B9E5101C47487F2485F1ECE38FD568F839204296D3479219888530154036E6528FBFBC66F98E0D4107563A2D7D9AFF8D389681A08F58D89F22693900A3B407754734FC51C10C010D6D640809EE4718AC1BA3ED4AEDB53CA37283F68805A7E4B72CEB0A4EDEAD5DD8C14059A76AFAA56BA6901E13F32BC51C720
310
12AF41295B5BF61BAD3195181FB506E6B40F4C10AF5AF40EF9F5B159AE5DD1F43C72D635E94310D45C2D49785C5D0B94D3B54AB3C5A38349C0587D338AB48C11CBF339599C02CCA54A70A008A8D03C0B2201D5F9EFCF8F9CE12A9A19CB0410789EB32C63B95ECCF455D658BFE0621A3DA32C5075FB101723D77DAE867E7D0F
310
D90444509B44E2151B4DC2290B065803200FBAA9BE9D392A0603F2D5C2D00D6302A615680F66D2FA166E2079D4C551A54AB758161FCEFD4E450A14704CECFEDF504B0304140006080000B670623B000000000000000000000000350000006662782F38353834323741342D343835462D343034322D383541392D4331303331
310
363839454531452F76657274696365732E62696E504B0304140006080800B670623BF270F1330600000004000000360000006662782F38353834323741342D343835462D343034322D383541392D4331303331363839454531452F747269616E676C65732E62696E636660600000504B0304140006080000B670623B000000
310
000000000000000000370000006662782F38353834323741342D343835462D343034322D383541392D4331303331363839454531452F617474726962757465732E62696E504B0304140006080800B670623B08DA0BD19000000041010000360000006662782F38353834323741342D343835462D343034322D383541392D43
310
31303331363839454531452F6469726563746F72792E786D6C858F410AC3201045AF22B36F53E9A60B35CBEEBAE80D244E44489C6234F4F835464A48035D0DF398FF9F8AF63D0E6CC63039F212F8F9020C7D47C6792B21C5FE7403D62A1188E2E60C98D7234A5830286103A55745067B9D86B8A3CF9C7F90C11DE607FB1443
310
96D7B6A82D282E9A152AD114D5EF2CB866EEE831B8EEA07A7BB5A8D7D61A2BAAEB7FD5F70921FF497D00504B0304140006080800B670623BD9A3B367FE000000A00100003B0000006662782F38353834323741342D343835462D343034322D383541392D4331303331363839454531452F7265736F75726365732F636F7265
310
2E786D6C8D504B6E833010BD0A9A6D65B01D0201194711694FD00B586642AD043BF2A7EAF16B122AB5BB6E6646EFA3797AE2F8B5DC8A4FF4C1383B002B291468B59B8C9D0748F1420E501CA5F0CEC55F3228AC5A708015062966EFD27D83B4B3116DCCA875136EA00A012314FA968F0182FEC045952AC5AC08D7F2AEF455CD
310
58B232D3592745883E07289E4FD609D26370C96B0CA27AB252A464A64D63A6FCD35C0C7A904D73EE467EE664DCD58CD4ED4849D79C5A723ED1B7A61977AF2D6F45B59AA58866F9C9A83DAA8813484E6947182394BFB3BAA7FBBEDEBFD0434FA9A856F91F53BA4FFF342563E38E6F719FB60092E5200F428A6AED2BAF479979
310
AFDDCA6F504B010214000A0000080000B670623B3DEE336E79000000790000001B00000000000000000000000000000000006175746F6465736B2D64657369676E2D7061636B6167652E786D6C504B01021400140006080800B670623BD486FD9CA0000000F40000001300000000000000000000000000B20000005B436F6E
310
74656E745F54797065735D2E786D6C504B01021400140006080800B670623BCA089DFFEC0000007C010000080000000000000000000000000083010000636F72652E786D6C504B01021400140006080800B670623B55019EA25F0000007C000000070000000000000000000000000095020000636E782E786D6C504B010214
310
00140006080800B670623B68FC0B7272010000D40300000C00000000000000000000000000190300006662782F636F72652E786D6C504B01021400140006080800B670623B0F71DDB67E0000009D0000000B00000000000000000000000000B50400006662782F636E782E786D6C504B01021400140006080800B670623BE1
310
34B4FB280100001202000031000000000000000000000000005C0500006662782F38353834323741342D343835462D343034322D383541392D4331303331363839454531452F636F72652E786D6C504B01021400140006080800B670623B1B8617914E010000330300003000000000000000000000000000D3060000666278
310
2F38353834323741342D343835462D343034322D383541392D4331303331363839454531452F636E782E786D6C504B01021400140006080800B670623B5933D422630500003B10000034000000000000000000000000006F0800006662782F38353834323741342D343835462D343034322D383541392D4331303331363839
310
454531452F6F626A656374732E786D6C504B01021400140006080000B670623B0000000000000000000000003500000000000000000000000000240E00006662782F38353834323741342D343835462D343034322D383541392D4331303331363839454531452F76657274696365732E62696E504B01021400140006080800
310
B670623BF270F13306000000040000003600000000000000000000000000770E00006662782F38353834323741342D343835462D343034322D383541392D4331303331363839454531452F747269616E676C65732E62696E504B01021400140006080000B670623B0000000000000000000000003700000000000000000000
310
000000D10E00006662782F38353834323741342D343835462D343034322D383541392D4331303331363839454531452F617474726962757465732E62696E504B01021400140006080800B670623B08DA0BD190000000410100003600000000000000000000000000260F00006662782F38353834323741342D343835462D34
310
3034322D383541392D4331303331363839454531452F6469726563746F72792E786D6C504B01021400140006080800B670623BD9A3B367FE000000A00100003B000000000000000000000000000A1000006662782F38353834323741342D343835462D343034322D383541392D4331303331363839454531452F7265736F75
310
726365732F636F72652E786D6C504B0506000000000E000E0080040000611100000000
  0
XRECORD
  5
113
102
{ACAD_REACTORS
330
110
102
}
330
110
100
AcDbXrecord
280
     1
270
     1
271
     1
  0
XRECORD
  5
114
102
{ACAD_REACTORS
330
110
102
}
330
110
100
AcDbXrecord
280
     1
270
     1
271
     1
  0
CELLSTYLEMAP
  5
7DB
102
{ACAD_REACTORS
330
104
102
}
330
104
100
AcDbCellStyleMap
 90
        3
300
CELLSTYLE
  1
TABLEFORMAT_BEGIN
 90
        5
170
     1
 91
        0
 92
    32768
 62
   257
 93
        1
300
CONTENTFORMAT
  1
CONTENTFORMAT_BEGIN
 90
        0
 91
        0
 92
      512
 93
        0
300

 40
0.0
140
1.0
 94
        5
 62
     0
340
11
144
0.25
309
CONTENTFORMAT_END
171
     1
301
MARGIN
  1
CELLMARGIN_BEGIN
 40
0.06
 40
0.06
 40
0.06
 40
0.06
 40
0.18
 40
0.18
309
CELLMARGIN_END
 94
        6
 95
        1
302
GRIDFORMAT
  1
GRIDFORMAT_BEGIN
 90
        0
 91
        1
 62
     0
 92
       -2
340
0
 93
        0
 40
0.045
309
GRIDFORMAT_END
 95
        2
302
GRIDFORMAT
  1
GRIDFORMAT_BEGIN
 90
        0
 91
        1
 62
     0
 92
       -2
340
0
 93
        0
 40
0.045
309
GRIDFORMAT_END
 95
        4
302
GRIDFORMAT
  1
GRIDFORMAT_BEGIN
 90
        0
 91
        1
 62
     0
 92
       -2
340
0
 93
        0
 40
0.045
309
GRIDFORMAT_END
 95
        8
302
GRIDFORMAT
  1
GRIDFORMAT_BEGIN
 90
        0
 91
        1
 62
     0
 92
       -2
340
0
 93
        0
 40
0.045
309
GRIDFORMAT_END
 95
       16
302
GRIDFORMAT
  1
GRIDFORMAT_BEGIN
 90
        0
 91
        1
 62
     0
 92
       -2
340
0
 93
        0
 40
0.045
309
GRIDFORMAT_END
 95
       32
302
GRIDFORMAT
  1
GRIDFORMAT_BEGIN
 90
        0
 91
        1
 62
     0
 92
       -2
340
0
 93
        0
 40
0.045
309
GRIDFORMAT_END
309
TABLEFORMAT_END
  1
CELLSTYLE_BEGIN
 90
        1
 91
        1
300
_TITLE
309
CELLSTYLE_END
300
CELLSTYLE
  1
TABLEFORMAT_BEGIN
 90
        5
170
     1
 91
        0
 92
        0
 62
   257
 93
        1
300
CONTENTFORMAT
  1
CONTENTFORMAT_BEGIN
 90
        0
 91
        0
 92
      512
 93
        0
300

 40
0.0
140
1.0
 94
        5
 62
     0
340
11
144
0.18
309
CONTENTFORMAT_END
171
     1
301
MARGIN
  1
CELLMARGIN_BEGIN
 40
0.06
 40
0.06
 40
0.06
 40
0.06
 40
0.18
 40
0.18
309
CELLMARGIN_END
 94
        6
 95
        1
302
GRIDFORMAT
  1
GRIDFORMAT_BEGIN
 90
        0
 91
        1
 62
     0
 92
       -2
340
0
 93
        0
 40
0.045
309
GRIDFORMAT_END
 95
        2
302
GRIDFORMAT
  1
GRIDFORMAT_BEGIN
 90
        0
 91
        1
 62
     0
 92
       -2
340
0
 93
        0
 40
0.045
309
GRIDFORMAT_END
 95
        4
302
GRIDFORMAT
  1
GRIDFORMAT_BEGIN
 90
        0
 91
        1
 62
     0
 92
       -2
340
0
 93
        0
 40
0.045
309
GRIDFORMAT_END
 95
        8
302
GRIDFORMAT
  1
GRIDFORMAT_BEGIN
 90
        0
 91
        1
 62
     0
 92
       -2
340
0
 93
        0
 40
0.045
309
GRIDFORMAT_END
 95
       16
302
GRIDFORMAT
  1
GRIDFORMAT_BEGIN
 90
        0
 91
        1
 62
     0
 92
       -2
340
0
 93
        0
 40
0.045
309
GRIDFORMAT_END
 95
       32
302
GRIDFORMAT
  1
GRIDFORMAT_BEGIN
 90
        0
 91
        1
 62
     0
 92
       -2
340
0
 93
        0
 40
0.045
309
GRIDFORMAT_END
309
TABLEFORMAT_END
  1
CELLSTYLE_BEGIN
 90
        2
 91
        1
300
_HEADER
309
CELLSTYLE_END
300
CELLSTYLE
  1
TABLEFORMAT_BEGIN
 90
        5
170
     1
 91
        0
 92
        0
 62
   257
 93
        1
300
CONTENTFORMAT
  1
CONTENTFORMAT_BEGIN
 90
        0
 91
        0
 92
      512
 93
        0
300

 40
0.0
140
1.0
 94
        2
 62
     0
340
11
144
0.18
309
CONTENTFORMAT_END
171
     1
301
MARGIN
  1
CELLMARGIN_BEGIN
 40
0.06
 40
0.06
 40
0.06
 40
0.06
 40
0.18
 40
0.18
309
CELLMARGIN_END
 94
        6
 95
        1
302
GRIDFORMAT
  1
GRIDFORMAT_BEGIN
 90
        0
 91
        1
 62
     0
 92
       -2
340
0
 93
        0
 40
0.045
309
GRIDFORMAT_END
 95
        2
302
GRIDFORMAT
  1
GRIDFORMAT_BEGIN
 90
        0
 91
        1
 62
     0
 92
       -2
340
0
 93
        0
 40
0.045
309
GRIDFORMAT_END
 95
        4
302
GRIDFORMAT
  1
GRIDFORMAT_BEGIN
 90
        0
 91
        1
 62
     0
 92
       -2
340
0
 93
        0
 40
0.045
309
GRIDFORMAT_END
 95
        8
302
GRIDFORMAT
  1
GRIDFORMAT_BEGIN
 90
        0
 91
        1
 62
     0
 92
       -2
340
0
 93
        0
 40
0.045
309
GRIDFORMAT_END
 95
       16
302
GRIDFORMAT
  1
GRIDFORMAT_BEGIN
 90
        0
 91
        1
 62
     0
 92
       -2
340
0
 93
        0
 40
0.045
309
GRIDFORMAT_END
 95
       32
302
GRIDFORMAT
  1
GRIDFORMAT_BEGIN
 90
        0
 91
        1
 62
     0
 92
       -2
340
0
 93
        0
 40
0.045
309
GRIDFORMAT_END
309
TABLEFORMAT_END
  1
CELLSTYLE_BEGIN
 90
        3
 91
        2
300
_DATA
309
CELLSTYLE_END
  0
ENDSEC
  0
SECTION
  2
ACDSDATA
 70
     2
 71
     8
  0
ACDSSCHEMA
 90
        0
  1
AcDb_Thumbnail_Schema
  2
AcDbDs::ID
280
    10
 91
        8
  2
Thumbnail_Data
280
    15
 91
        0
101
ACDSRECORD
 95
        0
 90
        1
  2
AcDbDs::TreatedAsObjectData
280
     1
291
     1
101
ACDSRECORD
 95
        0
 90
        2
  2
AcDbDs::Legacy
280
     1
291
     1
101
ACDSRECORD
  1
AcDbDs::ID
 90
        3
  2
AcDs:Indexable
280
     1
291
     1
101
ACDSRECORD
  1
AcDbDs::ID
 90
        4
  2
AcDbDs::HandleAttribute
280
     7
282
     1
  0
ACDSSCHEMA
 90
        1
  1
AcDbDs::TreatedAsObjectDataSchema
  2
AcDbDs::TreatedAsObjectData
280
     1
 91
        0
  0
ACDSSCHEMA
 90
        2
  1
AcDbDs::LegacySchema
  2
AcDbDs::Legacy
280
     1
 91
        0
  0
ACDSSCHEMA
 90
        3
  1
AcDbDs::IndexedPropertySchema
  2
AcDs:Indexable
280
     1
 91
        0
  0
ACDSSCHEMA
 90
        4
  1
AcDbDs::HandleAttributeSchema
  2
AcDbDs::HandleAttribute
280
     7
 91
        1
284
     1
  0
ACDSRECORD
 90
        0
  2
AcDbDs::ID
280
    10
320
22
  2
Thumbnail_Data
280
    15
 94
    12904
310
89504E470D0A1A0A0000000D49484452000001000000006C0803000000B2ED9CC100000300504C5445212830FFFFFF2128300000000000000000000000000000000000000000000000000000330000660000990000CC0000FF0033000033330033660033990033CC0033FF0066000066330066660066990066CC0066FF0099
310
000099330099660099990099CC0099FF00CC0000CC3300CC6600CC9900CCCC00CCFF00FF0000FF3300FF6600FF9900FFCC00FFFF3300003300333300663300993300CC3300FF3333003333333333663333993333CC3333FF3366003366333366663366993366CC3366FF3399003399333399663399993399CC3399FF33CC00
310
33CC3333CC6633CC9933CCCC33CCFF33FF0033FF3333FF6633FF9933FFCC33FFFF6600006600336600666600996600CC6600FF6633006633336633666633996633CC6633FF6666006666336666666666996666CC6666FF6699006699336699666699996699CC6699FF66CC0066CC3366CC6666CC9966CCCC66CCFF66FF0066
310
FF3366FF6666FF9966FFCC66FFFF9900009900339900669900999900CC9900FF9933009933339933669933999933CC9933FF9966009966339966669966999966CC9966FF9999009999339999669999999999CC9999FF99CC0099CC3399CC6699CC9999CCCC99CCFF99FF0099FF3399FF6699FF9999FFCC99FFFFCC0000CC00
310
33CC0066CC0099CC00CCCC00FFCC3300CC3333CC3366CC3399CC33CCCC33FFCC6600CC6633CC6666CC6699CC66CCCC66FFCC9900CC9933CC9966CC9999CC99CCCC99FFCCCC00CCCC33CCCC66CCCC99CCCCCCCCCCFFCCFF00CCFF33CCFF66CCFF99CCFFCCCCFFFFFF0000FF0033FF0066FF0099FF00CCFF00FFFF3300FF3333
310
FF3366FF3399FF33CCFF33FFFF6600FF6633FF6666FF6699FF66CCFF66FFFF9900FF9933FF9966FF9999FF99CCFF99FFFFCC00FFCC33FFCC66FFCC99FFCCCCFFCCFFFFFF00FFFF33FFFF66FFFF99FFFFCCFFFFFF0000000D0D0D1A1A1A2828283535354343435050505D5D5D6B6B6B787878868686939393A1A1A1AEAEAEBB
310
BBBBC9C9C9D6D6D6E4E4E4F1F1F1FFFFFF0000000000000000000000000000000000000000000000000000000000002E4550F1000015384944415478DAED5CCB72234776E52F105C08D046B3CB2F6071C1AC95BEC2DAA06A41D42CF90F22168D2C47D8D47F8870849ADE38F41FEA95161A142A1F55C0CC7C80CFB9990580AD
310
1EC7D88B7186CD44315178349BF7E47D9C7BF37175F5DEDEDBDFD1D4FF62CB03805F3FFDFAD75F71FDF5D74F7FFEE5E3CB4F2F9BCDD3E669D93F996118C761948E2DDDCAD3F4135F0E53F7B61933F0C10FBC73BEBABAFAEDB7AB5DFB43FBC3F687E77FFBE1391300FE02040EC3C7C3C7E3C7F1651320BD7B5A567838CF8777
310
E9C196FAF5749F7EF0F1D4ACB3D656A9E196EFE14BB6EFED9EF2FFD6FFF1B97DFEE7675C6D26007CFAF59359EEFBAAB7CB5EDA5EFA8A8FCA5208364AE62E9B8F5D7D29385A3FFD8EBDB4629F5A87B6DBED6E6FF7555F3B5BDBBAEA3301E03F7E1997BBFD52E4DEF709843E8E9F4D63E8E2D0A3051F8237217581AFF16E0D25
310
A809497DD200E03721D1177D472C3AC0204844346E73D1804F2F4BFC5DFDFE3B41E134FED5A5F8CE8BDA53E6608C74BE0DB1D53E990721C055F361659809C4A546F45DB12F220045B7CB4603FE157F6035A9F5C9DEA3B09034FA323AB3160FE9F030AD914EDEE7AD7CA995EF0B44508D06DAD1AC1B2253533B2C149F46558A
310
B1E84C00F8F32F2F1822674EBE7B1C92573F79F9962FDAE8F7DB5310989E5A79A3958F00CD2817311A6397A28361584013A89AD6F85C7CC0C74FFF020D2500299C4D4FE35620D8A233B4F453306C456C91BE3D0131BC8D9343EAA37E5073523788B6100C9B090088FDD0006FDE04F4B34C221F2C21F86110B7876FD23E7889
310
531461682C5E1C23DEA259E08D7682F38219B4530F45B0D968C04600C0584F208C71E0A3F41CE4E037C61B5F317859EFAADEC19261CE3D1C9D7C50D1CC614835FD5D6D19F7810CAD218DFB79FCD3AB605C2E51E02300A808803CCCF64CF5D81DF88CE17D316D1C4C88C4B136EB669D34C0B4781E06DC0B29923061A24A257B
310
68CF18247B8096E402C0C78F4F15C72B91DD93DD8BF8DB64E322F9985E272506581204DAC905D2F78983905762016DC4E0DCC4FEF10EFEA1CF05805F1C782A35404C5DA29E11873D7CA1455F3FB9B529064C6D6887375983082FD1C0F0925099DC008844364E100054C18CFF80F44F97AE714D1D1A07A09B6C00782200C3A8
310
8A7BB0347645A1BA42EF70A30ACD1E2C7ED7ED6E77DD5E3112A40E468F3BE5BD5ACB2D3B7A05B55CE1611F2CFA5E2DCAC5A2548B855ADCA8C5BC641A60EB9A8E2217005E98AA41A921F46E4E00EE67F76A37C39DBE56F77C4F81B977024007897DAD3C889D02F7B58A9753CC9414B325DE59D52FDD844005D11793F46A71A7
310
112874AD5D6386908D13B4420447D5E99DEEAE7780E04ADDEBDDD5ACD34A5FE36504403A5537949D0283DAD60AE2E25AF6D552319D543DD22905D9DDB25F56E8ED04C042CD7195BAB63DE4AF5D9B910620037434817DB183BCBA139139F27A174D419DE4DF435CDB60B0B5070AE8EA1E2F30E4ABA57AA8962BD53FF42BB512
310
0DA8AAA57B10006E3401B89BA9D9AC74BDAE74DDD88C34002650596A80FEAAE87437BB2700B484821A0050B482F4CCE0E02B38EE0DC4AEA801E82AAD2AAB567B0CF50307DF2EF74BF5FD0AEA8F8B3670A1013734010D00AA5AFB7C0078F9713201B8407DA5BB6ED6CD94BE87FBBBC7F34E175FE11301A0EEA9FDD1041AE51B
310
98005ED40DC45E59F55461BC57EC60024F02C1D3037DC0D71100B934D2E1A2EF6B006072D1801F91FC83070D6A575CC3E7151D065F416ED1807B9A8468002CA082E537BE81F6379E4E90C6000CBC5A3D51EC8D5D21003CAD146EEC07BBFABE5FD92584FEA65C285C3700E0AEECFB4ED755ED423BE4A2011B4B00867F080FD0
310
550DCBB1F082F81FB30180090E3500EABE53B1BE150B3F31CB930287D4C24CAA76A41249BC8D5F401F93C2781F4CAC16F9F80FA56E06BEE04BAD5940B2A5C4DD5C7C007CA0075B55C5F50E00F4BBAE7751B08442AAF14C34F954D668CF885C6033C92EE2C71F0100972AF5CD5C0756CC7C6873F1013F79F8C0E80318F13C3A
310
00103E535E0F476115927C112495C9DE7E85D888FA48995C8A6AFEF2F33AA8725EDCF4089FB66EF2D1809F209B0D43A4C2F72A96BB01005C209970770D2A50280B3FD82B64C18E5CB795A287518DC5836550D241964252E5184C318EBC5A6809820558900DCAE9C55C2AA60DFFC74C00F8F1A9121A30C47192A28F074D833E
310
481028EE130060414EA638A80192314A34F0080B88068DFAA7EF28BA597BBA8CA4FD8801B392E1EF6EAE6AAF6C5F96B15E9C93135C81D50800CEAE2D193D9DA2814760349CEF0A21C3CEF6B602E7E1930CB698001C5A6D25265AB260D00340E78CA92B9A4063DE98800B4A43D71A16DBE10432D280DE3A5603D4DAE1CFB42C
310
EB43814985BA8BBF1E436DC982481A14E304DCA0426E6B590D6B94AE1494C326005688F3521DF4358BE2CD8A55714FF6BC6E6863DF55753E3E60B01853D6BBC4D7C92CE67E4F0D0029A6095C910C4264846FC8687FFEF96770A0DAD106F0757800A0203E207A40F4015F167FF09913346ADF135C5F1745910F11DA500358A5
310
52452943ED61040EC9B12E980AE8DD4C4C4000300E29DF234C204644D570F4C91CE8038C77F401A162E5947600302413506A315B14E090C8A43A2842704559E46302064ED0B17AA58AD96C0649C10AC4074446BC2B98160097D0D0F961001FC5098A0FA0A13B5EE4C326D4860020E1B58EA67006804F0ACED3ADE05E0058A9
310
EF5C3E3EC092078D531490E9318CF0DFA4B3E6F1EF25BEC1346A31BF430014004AC2E4EAC8115C8DB89B8906C02B075676D5EE7A475D4FE4D75CD0BCF42256F61F4982D4E1DCC6F43CA8E13C3518A8124903C2A40165596A04427C0AF5C848039C672DF744FA44842F0FEA23DB1980E30904DE193A10B7C1106FDC0A89A398
310
805E9402C08C1AA01737F3C5A214C2948D06840ACC77141FA0A5161247514D537FF2731885FEAAC7C1AC1F91160080DF8103B7FEE0F0603D6C83B418BF0800406265E005E764820B12435D86A6768DC96585C8E66402C54E93FE7AD161359E545BD45C7132403DB6CA3D3AA70675546F3EC7176002CB8D7D78720F4F2BDEF0
310
1741E4920094F401814FB81665B928EB6C9CE09315263C1A06BE8ED940A8ABAA56E328D63DCA831A00CD800628FF08FBA0065CD8009F144C80A36F1F7AD6020100FF01E5C5B7D9D70280B4AF178B26E462021B44419A00D21FD2FE3D0020FF5787763CFBB7F18098EF6A02E01E07644300E0D85E6AC0216A00B5DF2EED0767
310
3F00002AFDBC540EC1A050DF7A01E0662E309426230DF02082A357F792F8A8E0A5127CE0C4E8612B18E0166C7F5FA9C751F90DB01A9306C4D1C7D50A002B964331FC9BEAC1ADA20994C203CA9B85D2A0D732FEB3C51F168BCA64A301B69299510FF27B35A313749D862B18C7A4FD108E1A60EB4A3460134E261075E0D81E27
310
0D80D8DFD3050087CD3202C0F12EC41394FE6402D4809C7C800010646A0C92376E5FE84E8D8743824060009345D64B1FC05C79A4133C4EE32F1D54466D5818152D40A7AC7943A76CB804201F27E82A00D01280CFA21AE56E932304005C054600820D93091CF939FA519CE0F87959D5BD05407BF5EDDDFC667EB3B88127F836
310
1F0DE8A30618CE024103AAE09002DD270D9030205180250E7182EEA40169ECA728302AD0800F5212A71D28274E7011439F98407DB680321B2264A1016DF4019C1BD4D6D4F7C59526005C0E216E700BF9026B608F2444C06ACB28709CB49F508C8A7E0214F0FBD5B2A7197C10139090172787C0031ADE64170548030602A039
310
11A8B58106DC6B71F2E3E40808804900BC0C74814705C15F4FF253030E6A85F1070BEAC1063E54CA0DD080720E05D0F0FC890831081095D2E4A30156967A38563F76BAB00080A580E8FD273674507ED200924601802A20018077F00147A4BBCBCD6A592D392FB4141F00E9E732EC37D104BE1683F88609412E1A00262C0B7B
310
AC62F107636F1CE748D5440012DD3969C0700100216845FC434B1380E8101FDDB25F2ED56A884C10ECBFD4D000977880349D4D2E4000A8010D7281E2ABA2E8839522D8212190C820A2FAB026007863102748E95FC5025E5FC5048E9FCF25C0CCE7C87F3919546AA59DFAB6CC90079C4D00FC87CB428C2D680251F0769CC2A0
310
491AB01D99F89C35E090A281F880A715890063C0D383DA3017D0650504B4D66AEF6002DF9C00C82617B0BD6D230012048ACA5B99224A14F0A401611809407CBD3D033079020240C93FD86A19A30099E03C45414E0E3846812928E4130558118C5478C791DFE9D06B4E8CA72C707B06801A9082024DE0352A40528308C00787
310
A1773237BE226956F3BB397D5E1979405352FE4250C9860754D60D971AD0877DF20169FC4908680203A2DAE3542580110080578AFFFA9A7201E1010F1BBBC1F00308705F9800859748A0CA861A401BB821006D2E002C2B27551FC7451110BD0F2C0B746A2AF7251B482531592DCA97AF3481ED3102303217381E7EE704CD67
310
93A375F9879317F4B998405F5959E5C98940AE07A9A101F7C203A2BA1F5B410094F93B1B35E06C025080D7234D8144E1285A1297439BE911570D709AA8095EB9B30FD04D3626D03B59D45A297D4D2FB0F27DB19BF5C9091E524A0CFB7EF28FB1250068FCAFC7E80A69234790A4E1A27C3EC46D012634A6917D4500A02CBFC5
310
834DD763361AC089316A40270511673493A29306A4BAB7FA796D1DCC7A1C1F2510461E400B1022346EA306A8727657D60EA9EFEFA6164A2EAE9285130D171064C304E3CAFE71E8498501810F15E42700E37622430460ED5D404A0800480F09003DC0F6152E602B15A108805245290BE87CCBC071663E6AD1A8B813296EB1CA
310
07005921450D886B016A031328F6EAF0B6EAABC2DA3955F903011807498664F8A3064C3E00C35EDC815C7226982F9B14F516C805CA0B006A6FF2F1019E5160402EC0F9509840A577F3BD9AB47F9B00180C8C182173241718A67AC014051905B68AAB1FD7AEF66BB3A6090CAD491A401EB0A8555C3FC4D503CE0F6D3E2620DB
310
434A3597C581F001271E30497F0A830AB9D0A34C231D7F3731020C48153C34E565BDA639C00596DF948908A88596A28AF1566607B32142FB5E26C6A001AC08EACE0DF5EE0A54F86400AC796E291C9A57E3F038728E28F97FB47FDF4E95417C67FDB7E74AF7BD92E9731FE2C6C46CA2401FC409D634015D8809900AB753D177
310
9A19E21A8218068D5F271AB4153218C5270020D44F5C2B0A26BCE134D9D30348E172F5601F2A706EE5EB930FF43EA328C089210C6E63ADACF16249901A20C500D900845E0589EB2A6E070C4A38C021B200DA4A022070CDF4465930E20F4E722229132FDD1269A782F673911837903A978F0F00591100BCA5F8CEE9EEEA7279
310
D0971B047F9E8C607B7C96B29062BEE4362BA7363123C6E00B029C31550F5689EA73DBECBE77199980673A1C1CEE2A0C8EF7FBDD8C8BA67733F80478835D515CE1A10B1886B67127143400FEF1B87DDECAF83FD30DC04F1884072443954AF3031FA436B6A91EECD30322884AA4D8ED413F4D3E4E507C80716A0FFEC27590BA
310
EBF6B35BAE9C978D435AE841B78765F485933D70239DE110178285D6A70DD781B940D40FCE0C71093931E08C31970B54B2CACC391E46B0AFF20200831AF6AAEB3ADD235255BDB6FB5EE3EA2B0DAB5D7125141743E1AF37DCF6467B010C3F06BFE15E41E37B67371B679489DB68375F341A6F95ACA34DFBF1439B0D00464C40
310
CBDAD0C2C70531E9A480B46FFEB3BD83432B1A604CDA6DC9E06606B8F5D3C238B840CB8512CB5E9CE0D279A3024DC0CB1A3A69B944817D1564794021BB4376CD79E9B7AC093FEDF69CF6BE8E910F0CC369AFF910CCC10C47A8BFAF1DB70E59C5FD22347F1BF7CE6C389D4600B898161180CB6BDD908F09C8D6792E0ABCD69D
310
E542672EE61B6A4959EA749A02B77E2212065FD735B7BD92D50AB33724362337D272D7A0FF2F168DD5D49010178DFA8C00A8029C406B6002907F46AFC71F382B5DD0F171B1B8DEEBDAAFEADEAF5FEA9B1BED5BA3D21600E135EBB49B9ECBE03676391DBC41830F1B1F775F9869AF25DEE436C33A1F13E89BC05DE300A0D8A5
310
CD621DE46D6AFA7FF9E91801BDD3855BAFEBC5CDDD70F81FEEAFE12662332D26CF280AD00B868E25314E0DCD6E8B9D063BAA385B1C37D35E77DA22618606D8BA2CEFC6C3514DF477A2C25F6E697A5926DA65C585249E8344925CA240D7D39B0F5EAB7BE83F97C6728D7C6F65A5100BC533FCC01810ECF4DAD400A06C25F985
310
F8DB3831F2DA1EBF24BAA4532D9F2EA43F6DC6CF281B0C2DA8B02F14B78AEA6B2DCB04BACAF5521A2B9824334D84FC308197BB1B9880D4806319203DB79FA9C185FC720683641587B8DD3EC5935C00E82A4F26E434D70972C7B8EC1DD41BA7851774D400E800B8CE7EEFD6BEBEA3061CD5F659849FC8F028B9E3B46E2CDE6E
310
6571453C4EE1B3430644057201C0F2FC0BE602FFAD2695E05646B8E512E136C8E1082354A18D8611473C9D3A6506F9E6E95895311F00F616717D3AF9411AFFEEC1C99150B6817D84D048853B70E89EF1F7CBF81A430D1811E220A41C21C47F064E34E26A855E0355396D476C2CB5F674BC4E3626D0D304C6E9D0980982BAA9
310
1BDF347E3C008B718B7C174C07F1EF609C690F741A3F3205C6931F07733884356DDED4C3611BF06F6A248687D669CF6347DADAB532CD98CE624A47F564E3039A78E6DF85FCED6190ED701E721C86EFFA410CDBD7C336CA46DE602DC0390E603D60CC87F18F9E000C6B880D00601084D1DB406FE8EB908EA3694FC710B6F900
310
6059116A4F2A100F8E196AC774101A7D40AE230E7D082C1F1F387A0798BCADEC783C066EBBE5F15B81A2B662087E3A5B0B59047FC1082730A62010418859442E00B8DAA4F3AFDAB3090CDCDE0827C08C00092254D8087F1FCD28DB66471677E9EC29DCB87676ED61EF30A6E00749F578D4108F58AAF16B9153C4A506A783B7
310
DA9C9C20C3607B717426A90B34005C18395B2B0723194FAD464B47AA898F1B6435B54439235C8A821DE800E3615A002A8C7141451CF8C3D9110A1DCAC607C8416AE31B177818644318329688C75BAE3B1EC4C2F999EC2BA7BF3B9C8811EC636883ECAC6ECF8BACC689109E5030D968000F1039A97F5A1382D026D500991B67
310
019C6B025319F820D3E1F49431A0C5EF5C3C286E22FCFC6DB1B41C4FD3E39EF321E6432E1B0DE07916899C4C27C08D135B8B573B4CE7638DE7EB8D4F93C3A2201CD4BE95B3E7BE70D4EA7462E93E1E30D9E50240274788DA5373E773345D3A5A326E197BCB14E8D6CFE497F95E1C659EAC86B8170FD7743C60F474BC685FA4
310
B356E3D1A29900707BDBF1B4CFE934D1FEE23CDC780A403C20300A1FA78AD274409A1A4E53235C52473D48F3BF72DEAC95818FF253781EAE3A9DABBACBE54CD13FFDA98B079E5E40D05F1EA82A81D0C7F3238678369A1C16D7C6C344E1EE4095EB54F0B5753A48751AE842CE4F2D76DDAEBBDD9DDBEDED552EA7CAFE7F3F5A
310
FBBDBDB7F7F6DEDEDB7B7B6FEFEDBDBDB7F7F6DEDEDBFFA9F69FA09D63E934A3211F0000000049454E44AE426082C29C2B2ABBC4C82E2090D525666CC2305B8E07B601D7C3B83D96B2C1466646BE9F9404D127FA396012EC7C250428D960D3CC8650D822E077E6391FD3447FD92114E668B23B5700437F65A381632C69E1C0
310
01665C6625FD35672B6CEC721B332C26E1E5228D55C0D408C0729920AE8503522C129C11ED8307D0C1B6B0F5512BEE71981DEDD2B12A5CEF82FA25B108104FD89E21E068C10F04445040D47180704240306820B03A086D93A5096C07358782AC806039D40826454079B41D32734E87E7FE500FD07E36BFF1B20101717B9E06
310
8802EAC7B2FEF87E3C2C0B407621411EFD280615C6DD5812EB6D29E9EB826838E88075621BB25803CD167D82C1F21FEFE8FBFA6E5A0EC80737A81507C23987828DE5006FE48068280DB670071601FFB64363B9D233DC7F6F795042E118A28F4E508A0161CBEA89B8F263D4851C8720F962D75A7CABCFEECEAB654F8A808BE4
310
93C6015E6FA7063592219916C97CACE9E106D95B1B083567A9603B7881DD63BD4BDA42D50770C0FBD6D64A63C9068FF1E80AF1C06F266C02368F8664EE3AB83854E99776A3E681F4579003FA7E4C7B2E6D1C7057ABE6B4B670520EC8FA9D5485F5D0178F331190C34EC0130544CFAF7A230A414055EF9AA44DD4F180C17F2F
310
3C385484E27474837174943088D4C00AE0152598489BFFE7F8E2308B3B5DAB3980CFECD0DAC4FF7A39E602FE96F71EB1C7742531AC52E86D1C90281B04416C82A363F78B6005A463695C62A088A7C077CDE3EE867E313CE0EDF7482941824478981A8B460338F6CC0160D248DCA070BD51EEDCB938246B87FC7C67426E2F30
310
A683ECF324F9332B80E2624200B662D90E6D9AD315451901815445E7D2179F09029AC091F541A97ADD1420E80F9E81F55DB5AB53228FECD046C6A684A480237380B5001B07DAA278D78B1B944D4B94FAEEBBC577A5FEA92A2A850D55B444D7BC64E6EE727942C05FB090C70C8B0BA73381322704D850D8612FF04676092104
310
A4B63EAABAA1A48FFE80F39E0F0C57977353440012EC24231213F8DC0F95404E86240CECBA5CA16048E8477759F0312FD297E663B07BD9F1D80B020C61FF2FAEBB7497CB7FC4E611776AB96CCE14104C6702AB3CAF7A636C1C903209624D98230D225081ABA4C5C3CE083D9FC1803F6D81BD37E6F5D6881768070E18EB0143
310
46203610926D3C63F90B28DF7C2C7FEC76E663B36B3E8AF57391C9D836B1B37A009B40603930989004F33CECEDD4A0A72EC7A9C1B9B408E19573D6F8794A052246C0D951B4280BC19B443239FAED46490E85D904CCAE5ED734FACD472308102F60AEAFB81A227AB8E6CD131A35ACA80EEA29BD405E74B1AD8A7B23097A7E82
310
D9F14C6B3FF112D5355FF7BA924FE83E776348DFA21F025E00B9B18D03222E0AF7633804F0F4F8C57EF402FF81E67A57A35BDC1308D4537A81BCFCDC890984BC470A8D3970A00D4CC075DCCCD7EA39FA6DC71B81E178CA69B82F029303E44C610283F5430771742A09A33E1AF5DD100A2BDE55E5E1517DE01D75CA7D657B07
310
EF379BA7EAA1443F698572A92A4B20209D9E048BDC1C6B4B8299F2E73E8B4F0AA04CAC602C9002CE7BC322740A0FDD2F4CD9A80ADA50986BE4F4CF8E41F01902A2B37E999E727B5EA7B77FA8F6FB72A3CACD131749A5446CBB863069C69B4CDD57AADA8003B458403DA902FAB8E4C961F36CB82AAF872CA5B1CB644182D173
310
3436FB9EDC403E20001BB0583BE24E9348A48F9F073B88C58FF4E819631358437E4240B5BA29F78F0ADD213C5B2CFD421B9E30460BF1E603A9E0A154E50A5EC0B55B0A4CA8803CFFF558D8CF1EF092D9D9B85242EA211E21A07D961EF1AEEFEC400E55E131AB5586175FF2B79D19171BF8DC49420406E82279275219B7A5A8
310
6ACF8531AE913E3EECED24310CE27E8FAF9500E05EDD57012FECE5991BADA744C0DFFADC0C3D422018AEC9F08E276EA2B1205AFFC757FE74D6FE796A2CEA250C88A4599CDF536FAD09900608EBD234F628B5F2C753A1F8E1917BCA37F76A531A252B8B9B7A5D355322E06FFD9A2DA0ED9070EE0DD6B2D72150608B43DA3A06
310
4C187898B7F6E7FCC2F7731714A15136F3B10D8F2CBFE446C93E7A66253C8F6438983F20D1298D0C1C2408E4EFC105323F849127E8933AD030B2B1FB8F9109DC1BBBA41B16904EAA80AEE2CF1DB69881D7659764753587B7F16EB5EB670B408E02035D78B3F95C67DAF1D279E6E63EC02813E885FF63D1F2D24B58406454CC
310
8530D241D45B0378EE070700BF400A105BE116810F1557C979CD0037103F4A999CF960C54420089045E6A8914D570FC8F363D718E913C38A9D59FBB9CE6ABF0002BC04839B690CBAC311624EF9918FFDE534D6D0D3E8030573BAB3F22D0108B23BE98D4008CC2581CF227BC8E2031BA400CE0587C3F60831FBF30202EE25C7
310
84212E372BE28046D5A72D56A64480796E6C284C7F628FAFC2142D7A967DAC17F53DF7D6E6C8A9CC9AF9A7B3F6A47C420FC96E2D0986442ACF87F6D0E9C34D28E52613063A7CE8DBFAF07230A19A8583B3E13A78CD54B0172758F184017C42B527F75016F7B7EA4B22FB52DA633A056479D335B647CA55B2D553E252144008
310
F8927CF922BB3FCD642F01FCE1342B8AB26EB8316280BD383FA2D24101B8D91D3E1D0EB3EE9D91567C7A6B66F687C33DDDA624408FD5505E23F37F3DC8F3613B0ABBABD2842650646B9880B1A13013DCDCD7A7FD6D82605842D948BD762CE40E636E6F44A71B8A2FA0A9AA41C1B5C32E3326B0A3977C21FFA779F447F92A20
310
9EE7C8CB8719361D04196C600D65255BB5D65A35F251EA69E380AC1838A0E3FD3399F06767CB264F2B07C366143734275D84C1180D99085B014001EC1182737818A35BDB36482ABAE1359064FB5FDE15FB8DDA90C77FBC07E93F54EFDE65DC43F6F8C0E151392A80F7A06D76DB60C26C302705B4D67DF50B9E1BC426A2FA7C
310
D7ACE6AB827D78A685510FAD397BE6A0C8DE923917FE494D44F82B29A127FF77C3DB8EA8FD3D9D89E4AB6A6C97DC977A935650064500AB0D8580BC606AA7B1748EC42755947A4A04641D4F718740C01B4F564CE9FA6C616730ACEB84B0E199199C8EF025B0A86038707DC46609D63762AB184D00C87F8A59010576926A14EF
310
A059EDD136C85B0B560F583E71BF795AF106B3B85588026A57F1B2E1A60EBC094D20CFF22CB4DB2774BEF232F4C7DC2E3476BAB29B670DAB871B735A266DB89ED30EB64058179B107050667F8289C88F371B6D03C48EB05FFD9DE477DA492A53F5384B924E6902292120C450F51E76CC4C2F3D0A804E87ABD75818A65F1F2E
310
9A35092DC72EEE0ABFF81FE6E563747171F1A70B974D204B6FDE5A07829EAB6157C1997D9D24ECD25CDE5659CB6920C82F376996E5449F95DDC78937970AB64DA9ECA66AD3264359EEB562A9A6BF5573FA0829823F8A79A189CC5B648B605ECE6B89812514C609FE9FCED5F3FC9902C18F6617BC9002AE2EDC60A8EB315904
310
E219ED151699EFF82DF404D7E17FFBF9D361BF3FA4A7CD08596433ECDED79C660276CD56D576926CCA7D848A8C3820E4396E2641BBAD72823689A16BD238BE53F1A6A2D647F8B68720F78B7577EC2811885E080317CBAB8B1F13DE95EE8F396C490AAB9827E480CCB77BC884EDAD7A63178E26D22A27BB66C16C577455F832
310
4FE07BC58DEFE8D2D11AD3234752048D7FF842E3BFBC701105ABB14D3CB26B664E6DB35DFFEF2DAB7FFD8ADB30427CB5F8A62F092BCD940AC8EBAE11BAAE3D854D85B19FB003D953CA756E29CE871F5F513640317FCEBBA961F4295A843A287AF8959E5F3E7BFAE3C5C5F6D70BCD85A2A897E0DF66C4DDF8F25BE2D732DF9D
310
0000046F494441547F7D3BE489669699172CBE3AE8B34EA980B0E52D544C5BFBB647882C1FED62C405BC68ACB8D7D98D2FAB6833EEA5A71F730B075D9587634F0A704CBF9845CB8BCF3110C0B37F94F174B26222EC6D4ED845FDD9222AA92FF34D6449B6E014627A3D1AD629F35A259E6BE07422B2E287932AA0306D2339DC
310
3A53D9227B23FFAF00EFA7CE263F3FE8BEAF327F3E478588F4A0E7BEC3158282C0F0F9F88E72C4FFFAB8FE185CFC697971E5925B889505BD540E632E07DB2A6268971145E33CD3B3BD084F4B939F6569A6809E9EEDD605F8B671E5840AA8C36E0B9E6E4DF146C97F1E40D1206942E8008490AC3B6D3715E72F264268C34BF2
310
E7A3A1A7E063F0D1C0095CB876AD84B5FE61D58C40625842CA55F5E7B30AFB571C201D99D290268DDA613B9A01C3754205A033470221872746D2C5ADF802EF0DBB423FDBD749950D0B2964EE58BA09335F97599A40013BFAC24CFF9FE6187BF53CB2E033AB201A063AC4C0B32AB8BCFC7A8B9571593ACC8081DF890188E082
310
064941270C848C59CB6E8A461307A039942D80FF9F09784222BA4FFB4FD5E015BC01244C0FEEA74F0773EB2514067C6C2F967FBAB87078D128AF930E7BB1846132E47C8AB59571EFC373CA1F77A7B0FD56D291C333CEE12B0A98D004B2AC35ABC6266FD3F96FA63E327E5B04267B08FBD1CCC5142CF0E34E38B28BE323D655
310
D10F99A05E97B9448F49E2A445EE7523FFDBE46242136803BFB1FF6EF8DADB3C0FFDCFE32202171591648E8A8904AE0E6ED187CC566BDE3F9A401AC5FD67F44486F5BA20FAFB0C1578797124C9B44C8EC22E629960098101E7D91A47189D2D516E6BC1033E54603F19C70008DB274540E38D69DBABA31B8CB05B6FD7F8CF32
310
B6DB7ABB1E1710E229FE6D20D333C9D193A618B77FEE8F6400BD797A428BA0662979E5548C7F8192055CBBF87977A66DFB45ABDD1B87001FF09F3EEA564C5FECDF8ED4940A089B2218AB996747386AA0C376806BFA6EE8C48266F4813138317C79558716D8A1A6A8C0927F37FB99628448964B1CCCCF0E2413BED3BCF6083F
310
F61D134202D8F3823A59945E3ADBB7D6F577EB0B8D4AC5C9014466DA4028CB1A124C2860D0403800C0B6FE75B22F2AEF0ABAC6AE016DFD4FFF94768C00FAFC471E42165ABBAD05C573A43FBDA02DF233EBE6E727D70E75171D6796FD2252404B3E5F33A2BEEB07A7E0CD2B477A2EC363F8E30C0A1802A2E1D34D8980BAAE02
310
3342E01C04913040D862E4213E5981B48AD5373FDDF02602F881B8737BBBB5D2AC73631BEB84487E874098F01DF4828018964092F16C9BCB9BB3B05E443BAC82B46A9C96E1D51E0F3F92DDC8DF3941735A0460A34EC3BE65A0C1D74A001DAD83C6D56EE6115A98C7EA18ABE20901D6A687005763893C5FC67A5624FAB8EE21
310
B08EEAB258B72CE367E2CE909B4EA3169928381696D6043D2FD06EB92517EB0F8FDC72F80CC963466374A683091550507A1D9E10108EF20FD1177300E5450119C0B679D52F157340FF7CB682E26C13399E146F3F031D0E9AC4A236394F7EF8DFE7C5A87AE84426C96007CC06F09BAD24902DF90CA1C0704C86FE0F85891DC6
310
3BD4ABBA0000000049454E44AE4260823401BF2B5F2C384BBCE25C91AFE1871678DEC4AAF00ABFC28DD87550D770930C3313D2BBC78573043585BB2985D1132150A84BC7FF3E39FD618002396E103912D267CF50AAA276C1754B8D02B74AB6D385B7B495841AC7A575B01504546B187FF5BB721A23C12169D2010C301E75B9
310
EA60EC205E7AD26FF07C5971DF2C7E5C99E2209F2953F386CAA54FDB2A3D5A43F537BCB7061BCB02D9650106F800C194C71F3B3C38100758A59B4A67BC65401A7E6277D0D93E6A70819C0E93C59D8810F0D0FB438A854A5C9FF87F2DE728E033BCC9D620A044044CD1CC4763DFA9AE1F8E98FAF7D12AEACBA0F3367476628E
310
99605E647EBD8241E5B8481EF81031BC062C5006CB6C990579B5CCB225A86598F90A6EFC6C59F07ED3DA2B57CB7A51230A0692C4B48988091CC6A05CF1C303B5AB2246047091895E3A083DA824E3F9470490AF4314C0312BEC91C4DEA95904D18153B2959210801E507D2BC769AB858990043B20C13CBF6A479D6765DF2DEF
310
DA6540A787E5D81D972F96101783AB008F05F182325F2E204BF637FE32F7B245992DBD0504D1E5A2F0701D09BE2743ED5431529044EA3F06B5040113BFD88385D70E0CEF515AE6A9638E9E9E4647FF583B29DA804DF654DD0EE1BFE6B08F0E614E98331DC32C835AEC27340628AB7330A6DCC0C35AB00712EC57451677E3AA
310
2CA36859FECF65838752F799502052E115C259805E833446DF26B0571227E8BB2A76013974A0C6EF0C0801326ACC11138601D60493831D587A48E6F6F8390A3857E42B2788C69900000C60BB66C10714096233FC965A45900A2F75002020AD251B6423A00B00DEC36CC84E7D5F80FCC3E5C35ECE8FC8B28213645A29AF8292
310
B3858A6E567E1ED40B3C7E04978E0A52CDE00778E23C6060512F03E48AEA039ED8212B9949641C01F73FC89E98E4C08B02A738651E3849B768CCE7698099E2D38819125505166CC1EF160743D9364AB8E76386E4E13ADCEC24190204E8FD611C9C9258D703078461F8EEB9FDF3971AB2841A5257D203D9DC24F72A9B55A169
310
A442B3F062AAB3C1D637E943C090C1AF4D10E9481B1A902FDC4D4E67638FC7A33EEA71CC8EE1F304CF6003578CDF8D5A278B8AE608DF1116C7F14F8F598C658E2B6D32CD61700E3D553D46818E7200443E9FB2D0D2E9722193201B20D287733FCC1C802E10854FCDF3BBF669C01E6B7FE023DAF9FC08D93194D946EAF215DC
310
F5080F15F27D2D878C54E4F9415D41500018809E862CC2C370BAC8A46B6ECE107582A7CB11338CC73F3D3E1D8FC7AB63F82E956E3ADB03934579882FB6BF3C3D1D9FAEB08E3264E6D5CB736F81112ECF16929E41710AE30265D503A8629B0CE9C32253B904728AE84B6A954717583DE7CF395FEC69EB707DC5B11F12656F55
310
143E9E55DF76D49B2C71CEB87B3C137F2CEF59CB76425CB7E06FD1FACBF1092D908DE17FA3BDD589E8453C832F8BDE857802D5BA7A3A3E3E65F14006886D556C980FF0FD1BEA01255240D5825FF1F9FF949B8D857489D99A781EC9FF2670CE566FE6A384CDB6E0419A33F861CCB5EAC155C04E4E28033736A0164AB10A007C
310
78022F000414D3512CC8DF1BE9ACCF3B3C7D67BD3E3E0D4F19794E26D88F5F0CD19CAD05F4B7696803F1270A8248059B5BC9050001F5691C070701EF7DB5E48AA8FCEF00DE2BF0F224F13E729F323D297425EF76F82B97D88E5B1041B31BA941DA8989098C341D795E04E37DC68B23D2408B0770A8E10F723273A42A3E55AE
310
A56DE48ADA4629F73739C02EEC8A2ECBA92AC261100050D6A99EE2C872C0E817B830F2AA2CAFF960D1E04A8ECB7E79927ACF8769C772626C1CFD3BC3FD7EF01C01127307CF1835DFA06D733D72A008067EF58AA500778F8C3965D69E36DB827FC161F6EFBA7587FBC53BEC1796C395D661CD22F01D240B248B8D0B9455758E
310
F1B79B6C68F4DFF3E1EA72ACE8CF7E462A287A6103E300FDDC7D26E8378688E24B1344F1A529A879945F250E1045A0AD1962834A6610FC0319574272564A2B785669CF78BE5A61E08329CEDEB59B50D1095238F59B708D8DD3F0A8466C6C2C0200FE30FE7A3AE8C84681610203E0D05F99D323CAECEEE53F0A984F5237C70C
310
9B619BFF12F162E21D92320CA02FF8008590E318F3060BCE50ECEFC8F83CB14C53EDD427041490A91129AB15EE1C586775469B64428EFAB59CB78C08D8BDBB5A37EFF16CA9352D8CA00F947EAAB791C3014082D7748ADCCF521BBD8ACDC1F2EEF1FAEE49DBB139379E11107F4F0091C13E97850C069C977A35E80B1F60B96C
310
45738FDF0E1C80735FFF52D35ED20D1DC0F271E023DE7BB542B5D7B0DCFFA4E42C456181CFCC836B64423487B840091FE3D888B9290A94D78A6300D54321C067F89F05FAFEBBC3EB69FACDC1FE9199FBE8D2E163774A7F8089193C2ABAFC6E2D34E0E0298E68EA653B75326EE91CB28D96B7A59E77D428BD7E2E4105E2A9EB
310
BC959ACE95C47D041B1404357C53F3C92841304039C635856C06C1045100FFB1C2B50C1FF29F4110B0E73281C4040705E67F67443F7077ED5AA14FF0B5478ADB24EECCD862397259BB64A989158C03448C00931A20157494BBB7B1BC15F58E0E14DB7528FB36AA01E8AF1FE4EC793C5E193F5ADC52F7C944816A4D06186B89
310
02B43A86510057474B70046C180CAEE42C46EE3D957F0723CEBF97F76642C023DC01524F68FF05D7BC1214721A9FC48DB560ABAE693E7E2C9F4115E6A8B8AE4C6F0313281EECF788771321046D87CF2468D64E0F53028A1A7EACB307C6FE0716464AB8C463650B96C001600004FF920E55A48E5164429F7470E997CF5400F1
310
3BBD5A96FED4F9BCA3BEC28A4845272E4B95A4868772F65CDD2FEFCECBD1C33C30788CFEF571FF38FCA6B1A30BBF16F27F47544C2B67862488F8CD625ACC0C83981963306D2C05053E9F598E891B401A1D9F564F3A3B56F69FB7C8FF1E11D87238A7EBFF0334FB5498BC9BFA8C0000000049454E44AE426082DABCDA57681E
310
F6E821E3EBD9E1EDFD6F6FCEC024C3FDACBFD948479CBF0DBFC6D76FE15B7C1DA7A7F14ED3BA5A24F70EE42469FA413A4CB15B8C372C25ECECEC0F86FB81F3679EB3E601EBE2F8293DD7793FE06133AD4091BCFC38EC060909D8473F0A1DA77343167F8E238CFF9CC2AF708A738AD6FF1A6CD40045EDEF5ABF8E0D2C25D6AE
310
59350D2F5630A50F09646EB87E80607C4A6156D9EDAA56DCC40F21E0A9D4B784FBD38F6CE387E8D7ACE6FE97B2AFC49F955AA6948B5CE4F153CC35BE8C7FCD8AF1CE77CC7C97007C3769F69109AE12F9F85D31601EF7663D658677A7263D4D0D452EDEC5E5BAD9D12F393D7E6BBE0380EFCB3FB32FCCB5BB53AE083CE6B8F3
310
6D54EB69AE498AC36B61D3F7D266AF3F4DCB5D23F9230F22348F5B231325B95EC397485AE71FA25B39768E6DD8359D56BAA3CD546D384D6F6B06D87C34FE46EA3D0B055E4D552CC58D554B5BD33CB709E48C779A6F2FFB308BF8A1356C2131D352175FA850B18C312556B9FEC39197BE23E6E2547A287B29A8CF85854B9CF2
310
7D68045CF57C95B4EB183E72BED5E83F664144E8D35CFA9F1E777B5DE6EED71497F6776E2194717F74862F378DCCBB282A8A31D019E3B42A22ADAB86539A2DE0826CD74AC12982FD4C3DC0A5D35313EAD4D89446731F82C3E614EC7D28F57D74E3C5D27D67E060B61EA2DDF908927419C66343CD248D47C8D6F1430C683E00
310
80D475E6A49F9D7B3A6DABED290701876F388E93E7B6C60B0D27123D002369027A073E664ED47CBC9DF434F2CB2F177EB1971FDC82216FFF0F883E8B3DD45982510000000049454E44AE426082
  0
ACDSRECORD
 90
        0
  2
AcDbDs::ID
280
    10
320
59
  2
Thumbnail_Data
280
    15
 94
     1647
310
89504E470D0A1A0A0000000D4948445200000100000000C608030000000A6AAE4900000300504C5445FFFFFFFFFFFFFFFFFF0000000000000000000000000000000000000000000000000000330000660000990000CC0000FF0033000033330033660033990033CC0033FF0066000066330066660066990066CC0066FF0099
310
000099330099660099990099CC0099FF00CC0000CC3300CC6600CC9900CCCC00CCFF00FF0000FF3300FF6600FF9900FFCC00FFFF3300003300333300663300993300CC3300FF3333003333333333663333993333CC3333FF3366003366333366663366993366CC3366FF3399003399333399663399993399CC3399FF33CC00
310
33CC3333CC6633CC9933CCCC33CCFF33FF0033FF3333FF6633FF9933FFCC33FFFF6600006600336600666600996600CC6600FF6633006633336633666633996633CC6633FF6666006666336666666666996666CC6666FF6699006699336699666699996699CC6699FF66CC0066CC3366CC6666CC9966CCCC66CCFF66FF0066
310
FF3366FF6666FF9966FFCC66FFFF9900009900339900669900999900CC9900FF9933009933339933669933999933CC9933FF9966009966339966669966999966CC9966FF9999009999339999669999999999CC9999FF99CC0099CC3399CC6699CC9999CCCC99CCFF99FF0099FF3399FF6699FF9999FFCC99FFFFCC0000CC00
310
33CC0066CC0099CC00CCCC00FFCC3300CC3333CC3366CC3399CC33CCCC33FFCC6600CC6633CC6666CC6699CC66CCCC66FFCC9900CC9933CC9966CC9999CC99CCCC99FFCCCC00CCCC33CCCC66CCCC99CCCCCCCCCCFFCCFF00CCFF33CCFF66CCFF99CCFFCCCCFFFFFF0000FF0033FF0066FF0099FF00CCFF00FFFF3300FF3333
310
FF3366FF3399FF33CCFF33FFFF6600FF6633FF6666FF6699FF66CCFF66FFFF9900FF9933FF9966FF9999FF99CCFF99FFFFCC00FFCC33FFCC66FFCC99FFCCCCFFCCFFFFFF00FFFF33FFFF66FFFF99FFFFCCFFFFFF0000000D0D0D1A1A1A2828283535354343435050505D5D5D6B6B6B787878868686939393A1A1A1AEAEAEBB
310
BBBBC9C9C9D6D6D6E4E4E4F1F1F1FFFFFF000000000000000000000000000000000000000000000000000000000000AD4AB4E4000001574944415478DAEDD5B11580201044C1EBBF288A21A608D14833DF2351762EB080D1FDD608BFCA3E00000000B8AECF0B7BA67F014F809E3E010026100E50004C400401988008023001
310
110460022278BBB6C1AD01FCFF4DB7A5096C0C5000C2013A00110420820044108008021041002208C05FC0044410800988200013104100262082004C400401988008023001110460022208C0044410800988200013104100262082004C400401988008023001110460022208C0044410800988200013104100262082004C40
310
0401988008023001110460022208C0044410800988200013104100262082004C400401988008023001110460022208C0044410800988200013104100262082004C400401988008023001110460022208C004441080098820001310C1CF026C704B13D8F8DE4510400A404F6500208200441080080210417F0100262082D900
310
F3F29ED90D2800000000380146F8C5031C86082059B1321D6A0000000049454E44AE426082E422A03240044C011000341805322BFF25E343474016AFE77A409E9071096626722B9A5D42CB4A2A83D03A80C41E41A28754EF02BD444065EB017900952570EB2890B97C1A8E027D44409AF500BF1321CB00A4398083F3800186
310
419F1128EEE9BA580B48E92658762668198096E701E51EF07484C108A8146782722602E6A6C29501883D006A1E404D09EE2F868ECE03069C0A473D409380C618068F0048B5287D6F7E2D1046A04B00724B0F10EF00868D40F92180D29D9F0FDC19AA3A159660432B1B0179BB817500E98743E306926B60602D50EA01D1CE70
310
A281661B74BF16781EBA9508D45D0B84F7B94D02A81281CC18E643828E011CB8399C7A7BA681891DA1CCE52B3E2DA94D1E13BC7947A876FF05C04011E80F8000A0EE28D062226F6747A8D71FCEF20F1400C0CFE7F9070A002002481000440009028008204100100124080022800401400490200088001204001140828C0200
310
40820040820040820040820040820040820060142002481000440009028008DC0F606E5CD725D8FA005BD7450003D4A5080C5CC72408002F0066AF18008004018004018004018004190500400490A06F008FCD296FAFBE1D200000000000F00BE0CB79B907F00D28300FC11541190F0000000049454E44AE426082
  0
ACDSRECORD
 90
        0
  2
AcDbDs::ID
280
    10
320
5E
  2
Thumbnail_Data
280
    15
 94
     1647
310
89504E470D0A1A0A0000000D4948445200000100000000C608030000000A6AAE4900000300504C5445FFFFFFFFFFFFFFFFFF0000000000000000000000000000000000000000000000000000330000660000990000CC0000FF0033000033330033660033990033CC0033FF0066000066330066660066990066CC0066FF0099
310
000099330099660099990099CC0099FF00CC0000CC3300CC6600CC9900CCCC00CCFF00FF0000FF3300FF6600FF9900FFCC00FFFF3300003300333300663300993300CC3300FF3333003333333333663333993333CC3333FF3366003366333366663366993366CC3366FF3399003399333399663399993399CC3399FF33CC00
310
33CC3333CC6633CC9933CCCC33CCFF33FF0033FF3333FF6633FF9933FFCC33FFFF6600006600336600666600996600CC6600FF6633006633336633666633996633CC6633FF6666006666336666666666996666CC6666FF6699006699336699666699996699CC6699FF66CC0066CC3366CC6666CC9966CCCC66CCFF66FF0066
310
FF3366FF6666FF9966FFCC66FFFF9900009900339900669900999900CC9900FF9933009933339933669933999933CC9933FF9966009966339966669966999966CC9966FF9999009999339999669999999999CC9999FF99CC0099CC3399CC6699CC9999CCCC99CCFF99FF0099FF3399FF6699FF9999FFCC99FFFFCC0000CC00
310
33CC0066CC0099CC00CCCC00FFCC3300CC3333CC3366CC3399CC33CCCC33FFCC6600CC6633CC6666CC6699CC66CCCC66FFCC9900CC9933CC9966CC9999CC99CCCC99FFCCCC00CCCC33CCCC66CCCC99CCCCCCCCCCFFCCFF00CCFF33CCFF66CCFF99CCFFCCCCFFFFFF0000FF0033FF0066FF0099FF00CCFF00FFFF3300FF3333
310
FF3366FF3399FF33CCFF33FFFF6600FF6633FF6666FF6699FF66CCFF66FFFF9900FF9933FF9966FF9999FF99CCFF99FFFFCC00FFCC33FFCC66FFCC99FFCCCCFFCCFFFFFF00FFFF33FFFF66FFFF99FFFFCCFFFFFF0000000D0D0D1A1A1A2828283535354343435050505D5D5D6B6B6B787878868686939393A1A1A1AEAEAEBB
310
BBBBC9C9C9D6D6D6E4E4E4F1F1F1FFFFFF000000000000000000000000000000000000000000000000000000000000AD4AB4E4000001574944415478DAEDD5B11580201044C1EBBF288A21A608D14833DF2351762EB080D1FDD608BFCA3E00000000B8AECF0B7BA67F014F809E3E010026100E50004C400401988008023001
310
110460022278BBB6C1AD01FCFF4DB7A5096C0C5000C2013A00110420820044108008021041002208C05FC0044410800988200013104100262082004C400401988008023001110460022208C0044410800988200013104100262082004C400401988008023001110460022208C0044410800988200013104100262082004C40
310
0401988008023001110460022208C0044410800988200013104100262082004C400401988008023001110460022208C0044410800988200013104100262082004C400401988008023001110460022208C004441080098820001310C1CF026C704B13D8F8DE4510400A404F6500208200441080080210417F0100262082D900
310
F3F29ED90D2800000000380146F8C5031C86082059B1321D6A0000000049454E44AE426082E422A03240044C011000341805322BFF25E343474016AFE77A409E9071096626722B9A5D42CB4A2A83D03A80C41E41A28754EF02BD444065EB017900952570EB2890B97C1A8E027D44409AF500BF1321CB00A4398083F3800186
310
419F1128EEE9BA580B48E92658762668198096E701E51EF07484C108A8146782722602E6A6C29501883D006A1E404D09EE2F868ECE03069C0A473D409380C618068F0048B5287D6F7E2D1046A04B00724B0F10EF00868D40F92180D29D9F0FDC19AA3A159660432B1B0179BB817500E98743E306926B60602D50EA01D1CE70
310
A281661B74BF16781EBA9508D45D0B84F7B94D02A81281CC18E643828E011CB8399C7A7BA681891DA1CCE52B3E2DA94D1E13BC7947A876FF05C04011E80F8000A0EE28D062226F6747A8D71FCEF20F1400C0CFE7F9070A002002481000440009028008204100100124080022800401400490200088001204001140828C0200
310
40820040820040820040820040820040820060142002481000440009028008DC0F606E5CD725D8FA005BD7450003D4A5080C5CC72408002F0066AF18008004018004018004018004190500400490A06F008FCD296FAFBE1D200000000000F00BE0CB79B907F00D28300FC11541190F0000000049454E44AE426082
  0
ENDSEC
  0
EOF
