  0
SECTION
  2
HEADER
  9
$ACADVER
  1
AC1032
  9
$ACADMAINTVER
 90
      427
  9
$DWGCODEPAGE
  3
ANSI_1254
  9
$LASTSAVEDBY
  1
lenovo
  9
$REQUIREDVERSIONS
160
                 0
  9
$INSBASE
 10
0.0
 20
0.0
 30
0.0
  9
$EXTMIN
 10
38811.45015752431
 20
38342.15717079627
 30
0.0
  9
$EXTMAX
 10
39643.44361088403
 20
38524.52888393671
 30
0.0
  9
$LIMMIN
 10
0.0
 20
0.0
  9
$LIMMAX
 10
12.0
 20
9.0
  9
$ORTHOMODE
 70
     1
  9
$REGENMODE
 70
     1
  9
$FILLMODE
 70
     1
  9
$QTEXTMODE
 70
     0
  9
$MIRRTEXT
 70
     0
  9
$LTSCALE
 40
1.0
  9
$ATTMODE
 70
     1
  9
$TEXTSIZE
 40
100.0
  9
$TRACEWID
 40
0.05
  9
$TEXTSTYLE
  7
Standard
  9
$CLAYER
  8
Rooms
  9
$CELTYPE
  6
ByLayer
  9
$CECOLOR
 62
   256
  9
$CELTSCALE
 40
1.0
  9
$DISPSILH
 70
     0
  9
$DIMSCALE
 40
1.0
  9
$DIMASZ
 40
0.18
  9
$DIMEXO
 40
0.0625
  9
$DIMDLI
 40
0.38
  9
$DIMRND
 40
0.0
  9
$DIMDLE
 40
0.0
  9
$DIMEXE
 40
0.18
  9
$DIMTP
 40
0.0
  9
$DIMTM
 40
0.0
  9
$DIMTXT
 40
0.18
  9
$DIMCEN
 40
0.09
  9
$DIMTSZ
 40
0.0
  9
$DIMTOL
 70
     0
  9
$DIMLIM
 70
     0
  9
$DIMTIH
 70
     1
  9
$DIMTOH
 70
     1
  9
$DIMSE1
 70
     0
  9
$DIMSE2
 70
     0
  9
$DIMTAD
 70
     0
  9
$DIMZIN
 70
     0
  9
$DIMBLK
  1

  9
$DIMASO
 70
     1
  9
$DIMSHO
 70
     1
  9
$DIMPOST
  1

  9
$DIMAPOST
  1

  9
$DIMALT
 70
     0
  9
$DIMALTD
 70
     2
  9
$DIMALTF
 40
25.4
  9
$DIMLFAC
 40
1.0
  9
$DIMTOFL
 70
     0
  9
$DIMTVP
 40
0.0
  9
$DIMTIX
 70
     0
  9
$DIMSOXD
 70
     0
  9
$DIMSAH
 70
     0
  9
$DIMBLK1
  1

  9
$DIMBLK2
  1

  9
$DIMSTYLE
  2
Standard
  9
$DIMCLRD
 70
     0
  9
$DIMCLRE
 70
     0
  9
$DIMCLRT
 70
     0
  9
$DIMTFAC
 40
1.0
  9
$DIMGAP
 40
0.09
  9
$DIMJUST
 70
     0
  9
$DIMSD1
 70
     0
  9
$DIMSD2
 70
     0
  9
$DIMTOLJ
 70
     1
  9
$DIMTZIN
 70
     0
  9
$DIMALTZ
 70
     0
  9
$DIMALTTZ
 70
     0
  9
$DIMUPT
 70
     0
  9
$DIMDEC
 70
     4
  9
$DIMTDEC
 70
     4
  9
$DIMALTU
 70
     2
  9
$DIMALTTD
 70
     2
  9
$DIMTXSTY
  7
Standard
  9
$DIMAUNIT
 70
     0
  9
$DIMADEC
 70
     0
  9
$DIMALTRND
 40
0.0
  9
$DIMAZIN
 70
     0
  9
$DIMDSEP
 70
    46
  9
$DIMATFIT
 70
     3
  9
$DIMFRAC
 70
     0
  9
$DIMLDRBLK
  1

  9
$DIMLUNIT
 70
     2
  9
$DIMLWD
 70
    -2
  9
$DIMLWE
 70
    -2
  9
$DIMTMOVE
 70
     0
  9
$DIMFXL
 40
1.0
  9
$DIMFXLON
 70
     0
  9
$DIMJOGANG
 40
0.7853981633974483
  9
$DIMTFILL
 70
     0
  9
$DIMTFILLCLR
 70
     0
  9
$DIMARCSYM
 70
     0
  9
$DIMLTYPE
  6

  9
$DIMLTEX1
  6

  9
$DIMLTEX2
  6

  9
$DIMTXTDIRECTION
 70
     0
  9
$LUNITS
 70
     2
  9
$LUPREC
 70
     4
  9
$SKETCHINC
 40
0.1
  9
$FILLETRAD
 40
0.0
  9
$AUNITS
 70
     0
  9
$AUPREC
 70
     0
  9
$MENU
  1
.
  9
$ELEVATION
 40
0.0
  9
$PELEVATION
 40
0.0
  9
$THICKNESS
 40
0.0
  9
$LIMCHECK
 70
     0
  9
$CHAMFERA
 40
0.0
  9
$CHAMFERB
 40
0.0
  9
$CHAMFERC
 40
0.0
  9
$CHAMFERD
 40
0.0
  9
$SKPOLY
 70
     0
  9
$TDCREATE
 40
2461263.485520833
  9
$TDUCREATE
 40
2461263.360520833
  9
$TDUPDATE
 40
2461298.110416667
  9
$TDUUPDATE
 40
2461297.985416667
  9
$TDINDWG
 40
0.5405787037
  9
$TDUSRTIMER
 40
0.5405787037
  9
$USRTIMER
 70
     1
  9
$ANGBASE
 50
0.0
  9
$ANGDIR
 70
     0
  9
$PDMODE
 70
     0
  9
$PDSIZE
 40
0.0
  9
$PLINEWID
 40
0.0
  9
$SPLFRAME
 70
     0
  9
$SPLINETYPE
 70
     6
  9
$SPLINESEGS
 70
     8
  9
$HANDSEED
  5
6C5
  9
$SURFTAB1
 70
     6
  9
$SURFTAB2
 70
     6
  9
$SURFTYPE
 70
     6
  9
$SURFU
 70
     6
  9
$SURFV
 70
     6
  9
$UCSBASE
  2

  9
$UCSNAME
  2

  9
$UCSORG
 10
0.0
 20
0.0
 30
0.0
  9
$UCSXDIR
 10
1.0
 20
0.0
 30
0.0
  9
$UCSYDIR
 10
0.0
 20
1.0
 30
0.0
  9
$UCSORTHOREF
  2

  9
$UCSORTHOVIEW
 70
     0
  9
$UCSORGTOP
 10
0.0
 20
0.0
 30
0.0
  9
$UCSORGBOTTOM
 10
0.0
 20
0.0
 30
0.0
  9
$UCSORGLEFT
 10
0.0
 20
0.0
 30
0.0
  9
$UCSORGRIGHT
 10
0.0
 20
0.0
 30
0.0
  9
$UCSORGFRONT
 10
0.0
 20
0.0
 30
0.0
  9
$UCSORGBACK
 10
0.0
 20
0.0
 30
0.0
  9
$PUCSBASE
  2

  9
$PUCSNAME
  2

  9
$PUCSORG
 10
0.0
 20
0.0
 30
0.0
  9
$PUCSXDIR
 10
1.0
 20
0.0
 30
0.0
  9
$PUCSYDIR
 10
0.0
 20
1.0
 30
0.0
  9
$PUCSORTHOREF
  2

  9
$PUCSORTHOVIEW
 70
     0
  9
$PUCSORGTOP
 10
0.0
 20
0.0
 30
0.0
  9
$PUCSORGBOTTOM
 10
0.0
 20
0.0
 30
0.0
  9
$PUCSORGLEFT
 10
0.0
 20
0.0
 30
0.0
  9
$PUCSORGRIGHT
 10
0.0
 20
0.0
 30
0.0
  9
$PUCSORGFRONT
 10
0.0
 20
0.0
 30
0.0
  9
$PUCSORGBACK
 10
0.0
 20
0.0
 30
0.0
  9
$USERI1
 70
     0
  9
$USERI2
 70
     0
  9
$USERI3
 70
     0
  9
$USERI4
 70
     0
  9
$USERI5
 70
     0
  9
$USERR1
 40
0.0
  9
$USERR2
 40
0.0
  9
$USERR3
 40
0.0
  9
$USERR4
 40
0.0
  9
$USERR5
 40
0.0
  9
$WORLDVIEW
 70
     1
  9
$SHADEDGE
 70
     3
  9
$SHADEDIF
 70
    70
  9
$TILEMODE
 70
     1
  9
$MAXACTVP
 70
    64
  9
$PINSBASE
 10
0.0
 20
0.0
 30
0.0
  9
$PLIMCHECK
 70
     0
  9
$PEXTMIN
 10
1.049999952316282
 20
0.7999999523162851
 30
0.0
  9
$PEXTMAX
 10
9.449999570846557
 20
7.199999570846557
 30
0.0
  9
$PLIMMIN
 10
-0.2500002402958907
 20
-0.2499999962453767
  9
$PLIMMAX
 10
10.74999951940822
 20
8.249999763458731
  9
$UNITMODE
 70
     0
  9
$VISRETAIN
 70
     1
  9
$PLINEGEN
 70
     0
  9
$PSLTSCALE
 70
     1
  9
$TREEDEPTH
 70
  3020
  9
$CMLSTYLE
  2
Standard
  9
$CMLJUST
 70
     0
  9
$CMLSCALE
 40
1.0
  9
$PROXYGRAPHICS
 70
     1
  9
$MEASUREMENT
 70
     0
  9
$CELWEIGHT
370
    -1
  9
$ENDCAPS
280
     0
  9
$JOINSTYLE
280
     0
  9
$LWDISPLAY
290
     0
  9
$INSUNITS
 70
     6
  9
$HYPERLINKBASE
  1

  9
$STYLESHEET
  1

  9
$XEDIT
290
     1
  9
$CEPSNTYPE
380
     0
  9
$PSTYLEMODE
290
     1
  9
$FINGERPRINTGUID
  2
{A4C224E8-FEA4-7E40-AAD9-AA720E5C740F}
  9
$VERSIONGUID
  2
{F5B72F01-58E9-B549-8DAC-C62FC03B83EE}
  9
$EXTNAMES
290
     1
  9
$PSVPSCALE
 40
0.0
  9
$OLESTARTUP
290
     0
  9
$SORTENTS
280
   127
  9
$INDEXCTL
280
     0
  9
$HIDETEXT
280
     1
  9
$XCLIPFRAME
280
     2
  9
$HALOGAP
280
     0
  9
$OBSCOLOR
 70
   257
  9
$OBSLTYPE
280
     0
  9
$INTERSECTIONDISPLAY
280
     0
  9
$INTERSECTIONCOLOR
 70
   257
  9
$DIMASSOC
280
     2
  9
$PROJECTNAME
  1

  9
$CAMERADISPLAY
290
     0
  9
$LENSLENGTH
 40
50.0
  9
$CAMERAHEIGHT
 40
0.0
  9
$STEPSPERSEC
 40
2.0
  9
$STEPSIZE
 40
6.0
  9
$3DDWFPREC
 40
2.0
  9
$PSOLWIDTH
 40
0.25
  9
$PSOLHEIGHT
 40
4.0
  9
$LOFTANG1
 40
1.570796326794896
  9
$LOFTANG2
 40
1.570796326794896
  9
$LOFTMAG1
 40
0.0
  9
$LOFTMAG2
 40
0.0
  9
$LOFTPARAM
 70
     7
  9
$LOFTNORMALS
280
     1
  9
$LATITUDE
 40
37.795
  9
$LONGITUDE
 40
-122.394
  9
$NORTHDIRECTION
 40
0.0
  9
$TIMEZONE
 70
 -8000
  9
$LIGHTGLYPHDISPLAY
280
     1
  9
$TILEMODELIGHTSYNCH
280
     1
  9
$CMATERIAL
347
96
  9
$SOLIDHIST
280
     0
  9
$SHOWHIST
280
     1
  9
$DWFFRAME
280
     2
  9
$DGNFRAME
280
     0
  9
$REALWORLDSCALE
290
     1
  9
$INTERFERECOLOR
 62
     1
  9
$INTERFEREOBJVS
345
A3
  9
$INTERFEREVPVS
346
A0
  9
$CSHADOW
280
     0
  9
$SHADOWPLANELOCATION
 40
0.0
  0
ENDSEC
  0
SECTION
  2
CLASSES
  0
CLASS
  1
ACDBDICTIONARYWDFLT
  2
AcDbDictionaryWithDefault
  3
ObjectDBX Classes
 90
        0
 91
        1
280
     0
281
     0
  0
CLASS
  1
DICTIONARYVAR
  2
AcDbDictionaryVar
  3
ObjectDBX Classes
 90
        0
 91
        9
280
     0
281
     0
  0
CLASS
  1
TABLESTYLE
  2
AcDbTableStyle
  3
ObjectDBX Classes
 90
     4095
 91
        1
280
     0
281
     0
  0
CLASS
  1
MATERIAL
  2
AcDbMaterial
  3
ObjectDBX Classes
 90
     1153
 91
        3
280
     0
281
     0
  0
CLASS
  1
VISUALSTYLE
  2
AcDbVisualStyle
  3
ObjectDBX Classes
 90
     4095
 91
       24
280
     0
281
     0
  0
CLASS
  1
SCALE
  2
AcDbScale
  3
ObjectDBX Classes
 90
     1153
 91
       33
280
     0
281
     0
  0
CLASS
  1
MLEADERSTYLE
  2
AcDbMLeaderStyle
  3
ACDB_MLEADERSTYLE_CLASS
 90
     4095
 91
        2
280
     0
281
     0
  0
CLASS
  1
CELLSTYLEMAP
  2
AcDbCellStyleMap
  3
ObjectDBX Classes
 90
     1152
 91
        2
280
     0
281
     0
  0
CLASS
  1
EXACXREFPANELOBJECT
  2
ExAcXREFPanelObject
  3
EXAC_ESW
 90
     1025
 91
        0
280
     0
281
     0
  0
CLASS
  1
NPOCOLLECTION
  2
AcDbImpNonPersistentObjectsCollection
  3
ObjectDBX Classes
 90
     1153
 91
        0
280
     0
281
     0
  0
CLASS
  1
LAYER_INDEX
  2
AcDbLayerIndex
  3
ObjectDBX Classes
 90
        0
 91
        0
280
     0
281
     0
  0
CLASS
  1
SPATIAL_INDEX
  2
AcDbSpatialIndex
  3
ObjectDBX Classes
 90
        0
 91
        0
280
     0
281
     0
  0
CLASS
  1
IDBUFFER
  2
AcDbIdBuffer
  3
ObjectDBX Classes
 90
        0
 91
        0
280
     0
281
     0
  0
CLASS
  1
ACDBSECTIONVIEWSTYLE
  2
AcDbSectionViewStyle
  3
ObjectDBX Classes
 90
     1025
 91
        1
280
     0
281
     0
  0
CLASS
  1
ACDBDETAILVIEWSTYLE
  2
AcDbDetailViewStyle
  3
ObjectDBX Classes
 90
     1025
 91
        1
280
     0
281
     0
  0
CLASS
  1
IMAGEDEF
  2
AcDbRasterImageDef
  3
ISM
 90
        0
 91
        3
280
     0
281
     0
  0
CLASS
  1
RASTERVARIABLES
  2
AcDbRasterVariables
  3
ISM
 90
        0
 91
        1
280
     0
281
     0
  0
CLASS
  1
IMAGEDEF_REACTOR
  2
AcDbRasterImageDefReactor
  3
ISM
 90
        1
 91
        3
280
     0
281
     0
  0
CLASS
  1
IMAGE
  2
AcDbRasterImage
  3
ISM
 90
     2175
 91
        3
280
     0
281
     1
  0
CLASS
  1
SORTENTSTABLE
  2
AcDbSortentsTable
  3
ObjectDBX Classes
 90
        0
 91
        2
280
     0
281
     0
  0
CLASS
  1
RAPIDRTRENDERSETTINGS
  2
AcDbRapidRTRenderSettings
  3
ObjectDBX Classes
 90
     1024
 91
        7
280
     0
281
     0
  0
CLASS
  1
SOLID_BACKGROUND
  2
AcDbSolidBackground
  3
SCENEOE
 90
     4095
 91
        0
280
     0
281
     0
  0
CLASS
  1
ACDB_MTEXTOBJECTCONTEXTDATA_CLASS
  2
AcDbMTextObjectContextData
  3
ObjectDBX Classes
 90
     1153
 91
       28
280
     0
281
     0
  0
CLASS
  1
GROUND_PLANE_BACKGROUND
  2
AcDbGroundPlaneBackground
  3
SCENEOE
 90
     4095
 91
        0
280
     0
281
     0
  0
ENDSEC
  0
SECTION
  2
TABLES
  0
TABLE
  2
VPORT
  5
8
330
0
100
AcDbSymbolTable
 70
     1
  0
VPORT
  5
94
330
8
100
AcDbSymbolTableRecord
100
AcDbViewportTableRecord
  2
*Active
 70
     0
 10
0.0
 20
0.0
 11
1.0
 21
1.0
 12
4.702373548737682
 22
0.9978825670994524
 13
0.0
 23
0.0
 14
0.5
 24
0.5
 15
0.5
 25
0.5
 16
0.0
 26
0.0
 36
294.8164339099487
 17
38849.697265625
 27
38482.677734375
 37
0.0
 40
40.51136392162255
 41
2.351715686274509
 42
50.0
 43
0.0
 44
0.0
 50
0.0
 51
0.0
 71
     0
 72
  1000
 73
     1
 74
     3
 75
     0
 76
     1
 77
     0
 78
     2
281
     0
 65
     1
110
0.0
120
0.0
130
0.0
111
1.0
121
0.0
131
0.0
112
0.0
122
1.0
132
0.0
 79
     0
146
0.0
348
9F
 60
     3
 61
     5
292
     1
282
     1
141
0.0
142
0.0
 63
   250
421
  3355443
1001
ACAD_NAV_VCDISPLAY
1070
     3
  0
ENDTAB
  0
TABLE
  2
LTYPE
  5
5
330
0
100
AcDbSymbolTable
 70
     3
  0
LTYPE
  5
14
330
5
100
AcDbSymbolTableRecord
100
AcDbLinetypeTableRecord
  2
ByBlock
 70
     0
  3

 72
    65
 73
     0
 40
0.0
  0
LTYPE
  5
15
330
5
100
AcDbSymbolTableRecord
100
AcDbLinetypeTableRecord
  2
ByLayer
 70
     0
  3

 72
    65
 73
     0
 40
0.0
  0
LTYPE
  5
16
330
5
100
AcDbSymbolTableRecord
100
AcDbLinetypeTableRecord
  2
Continuous
 70
     0
  3
Solid line
 72
    65
 73
     0
 40
0.0
  0
ENDTAB
  0
TABLE
  2
LAYER
  5
2
102
{ACAD_XDICTIONARY
360
18E
102
}
330
0
100
AcDbSymbolTable
 70
     4
  0
LAYER
  5
10
102
{ACAD_XDICTIONARY
360
E6
102
}
330
2
100
AcDbSymbolTableRecord
100
AcDbLayerTableRecord
  2
0
 70
     0
 62
     7
  6
Continuous
370
    -3
390
F
347
98
348
0
  0
LAYER
  5
271
330
2
100
AcDbSymbolTableRecord
100
AcDbLayerTableRecord
  2
Paths
 70
     0
 62
    70
  6
Continuous
370
    -3
390
F
347
98
348
0
1001
AcAecLayerStandard
1000

1000

1001
AcCmTransparency
1071
        0
  0
LAYER
  5
274
330
2
100
AcDbSymbolTableRecord
100
AcDbLayerTableRecord
  2
Rooms
 70
     0
 62
    10
  6
Continuous
370
    -3
390
F
347
98
348
0
1001
AcAecLayerStandard
1000

1000

1001
AcCmTransparency
1071
        0
  0
LAYER
  5
275
330
2
100
AcDbSymbolTableRecord
100
AcDbLayerTableRecord
  2
Walls
 70
     0
 62
   140
  6
Continuous
370
    -3
390
F
347
98
348
0
1001
AcAecLayerStandard
1000

1000

1001
AcCmTransparency
1071
        0
  0
ENDTAB
  0
TABLE
  2
STYLE
  5
3
330
0
100
AcDbSymbolTable
 70
     2
  0
STYLE
  5
11
330
3
100
AcDbSymbolTableRecord
100
AcDbTextStyleTableRecord
  2
Standard
 70
     0
 40
100.0
 41
1.0
 50
0.0
 71
     0
 42
100.0
  3
arial.ttf
  4

1001
AcadAnnotative
1000
AnnotativeData
1002
{
1070
     1
1070
     1
1002
}
1001
ACAD
1000
Arial
1071
       34
  0
STYLE
  5
DC
330
3
100
AcDbSymbolTableRecord
100
AcDbTextStyleTableRecord
  2
Annotative
 70
     0
 40
0.0
 41
1.0
 50
0.0
 71
     0
 42
0.2
  3
arial.ttf
  4

1001
AcadAnnotative
1000
AnnotativeData
1002
{
1070
     1
1070
     1
1002
}
1001
ACAD
1000
Arial
1071
       34
  0
ENDTAB
  0
TABLE
  2
VIEW
  5
6
330
0
100
AcDbSymbolTable
 70
     7
  0
ENDTAB
  0
TABLE
  2
UCS
  5
7
330
0
100
AcDbSymbolTable
 70
     0
  0
ENDTAB
  0
TABLE
  2
APPID
  5
9
330
0
100
AcDbSymbolTable
 70
    12
  0
APPID
  5
12
330
9
100
AcDbSymbolTableRecord
100
AcDbRegAppTableRecord
  2
ACAD
 70
     0
  0
APPID
  5
DD
330
9
100
AcDbSymbolTableRecord
100
AcDbRegAppTableRecord
  2
AcadAnnoPO
 70
     0
  0
APPID
  5
DE
330
9
100
AcDbSymbolTableRecord
100
AcDbRegAppTableRecord
  2
AcadAnnotative
 70
     0
  0
APPID
  5
DF
330
9
100
AcDbSymbolTableRecord
100
AcDbRegAppTableRecord
  2
ACAD_DSTYLE_DIMJAG
 70
     0
  0
APPID
  5
E0
330
9
100
AcDbSymbolTableRecord
100
AcDbRegAppTableRecord
  2
ACAD_DSTYLE_DIMTALN
 70
     0
  0
APPID
  5
107
330
9
100
AcDbSymbolTableRecord
100
AcDbRegAppTableRecord
  2
ACAD_MLEADERVER
 70
     0
  0
APPID
  5
1A6
330
9
100
AcDbSymbolTableRecord
100
AcDbRegAppTableRecord
  2
ACAD_NAV_VCDISPLAY
 70
     0
  0
APPID
  5
272
330
9
100
AcDbSymbolTableRecord
100
AcDbRegAppTableRecord
  2
AcAecLayerStandard
 70
     0
  0
APPID
  5
273
330
9
100
AcDbSymbolTableRecord
100
AcDbRegAppTableRecord
  2
AcCmTransparency
 70
     0
  0
APPID
  5
277
330
9
100
AcDbSymbolTableRecord
100
AcDbRegAppTableRecord
  2
ACAD_EXEMPT_FROM_CAD_STANDARDS
 70
     0
  0
APPID
  5
353
330
9
100
AcDbSymbolTableRecord
100
AcDbRegAppTableRecord
  2
ACAD_PSEXT
 70
     0
  0
APPID
  5
370
330
9
100
AcDbSymbolTableRecord
100
AcDbRegAppTableRecord
  2
Acad_TC
 70
     0
  0
ENDTAB
  0
TABLE
  2
DIMSTYLE
  5
A
330
0
100
AcDbSymbolTable
 70
     3
100
AcDbDimStyleTable
 71
     2
340
27
340
E1
  0
DIMSTYLE
105
27
330
A
100
AcDbSymbolTableRecord
100
AcDbDimStyleTableRecord
  2
Standard
 70
     0
340
11
  0
DIMSTYLE
105
E1
330
A
100
AcDbSymbolTableRecord
100
AcDbDimStyleTableRecord
  2
Annotative
 70
     0
 40
0.0
340
11
1001
AcadAnnotative
1000
AnnotativeData
1002
{
1070
     1
1070
     1
1002
}
1001
ACAD_DSTYLE_DIMJAG
1070
   388
1040
1.5
1001
ACAD_DSTYLE_DIMTALN
1070
   392
1070
     0
  0
ENDTAB
  0
TABLE
  2
BLOCK_RECORD
  5
1
330
0
100
AcDbSymbolTable
 70
     3
  0
BLOCK_RECORD
  5
1F
102
{ACAD_XDICTIONARY
360
15D
102
}
330
1
100
AcDbSymbolTableRecord
100
AcDbBlockTableRecord
  2
*Model_Space
340
22
 70
     0
280
     1
281
     0
  0
BLOCK_RECORD
  5
58
330
1
100
AcDbSymbolTableRecord
100
AcDbBlockTableRecord
  2
*Paper_Space
340
59
 70
     0
280
     1
281
     0
  0
BLOCK_RECORD
  5
5D
330
1
100
AcDbSymbolTableRecord
100
AcDbBlockTableRecord
  2
*Paper_Space0
340
5E
 70
     0
280
     1
281
     0
  0
BLOCK_RECORD
  5
383
102
{ACAD_XDICTIONARY
360
385
102
}
330
1
100
AcDbSymbolTableRecord
100
AcDbBlockTableRecord
  2
A$Ca14dbb6b
340
0
 70
     6
280
     1
281
     0
  0
ENDTAB
  0
ENDSEC
  0
SECTION
  2
BLOCKS
  0
BLOCK
  5
20
330
1F
100
AcDbEntity
  8
0
100
AcDbBlockBegin
  2
*Model_Space
 70
     0
 10
0.0
 20
0.0
 30
0.0
  3
*Model_Space
  1

  0
ENDBLK
  5
21
330
1F
100
AcDbEntity
  8
0
100
AcDbBlockEnd
  0
BLOCK
  5
5A
330
58
100
AcDbEntity
 67
     1
  8
0
100
AcDbBlockBegin
  2
*Paper_Space
 70
     0
 10
0.0
 20
0.0
 30
0.0
  3
*Paper_Space
  1

  0
ENDBLK
  5
5B
330
58
100
AcDbEntity
 67
     1
  8
0
100
AcDbBlockEnd
  0
BLOCK
  5
5F
330
5D
100
AcDbEntity
 67
     1
  8
0
100
AcDbBlockBegin
  2
*Paper_Space0
 70
     0
 10
0.0
 20
0.0
 30
0.0
  3
*Paper_Space0
  1

  0
VIEWPORT
  5
362
102
{ACAD_XDICTIONARY
360
363
102
}
330
5D
100
AcDbEntity
 67
     1
  8
0
348
9F
100
AcDbViewport
 10
5.249999639556164
 20
4.01612352170023
 30
0.0
 40
21.22481499403165
 41
9.025247021954053
 68
     0
 69
     0
 12
5.249999639556164
 22
4.01612352170023
 13
0.0
 23
0.0
 14
0.5
 24
0.5
 15
0.5
 25
0.5
 16
0.0
 26
0.0
 36
1.0
 17
0.0
 27
0.0
 37
0.0
 42
50.0
 43
0.0
 44
0.0
 45
9.025247021954053
 50
0.0
 51
0.0
 72
  1000
 90
   819232
  1

281
     0
 71
     1
 74
     0
110
0.0
120
0.0
130
0.0
111
1.0
121
0.0
131
0.0
112
0.0
122
1.0
132
0.0
 79
     0
146
0.0
170
     0
 61
     5
348
9F
292
     1
282
     1
141
0.0
142
0.0
 63
   250
421
  3355443
  0
VIEWPORT
  5
366
102
{ACAD_XDICTIONARY
360
367
102
}
330
5D
100
AcDbEntity
 67
     1
  8
Rooms
348
9F
100
AcDbViewport
 10
5.24999976158142
 20
3.999999761581421
 30
0.0
 40
8.399999618530275
 41
6.399999618530272
 68
     0
 69
     0
 12
8498.118650391942
 22
15512.89689832721
 13
0.0
 23
0.0
 14
0.5
 24
0.5
 15
0.5
 25
0.5
 16
0.0
 26
0.0
 36
1.0
 17
0.0
 27
0.0
 37
0.0
 42
50.0
 43
0.0
 44
0.0
 45
29372.61147834867
 50
0.0
 51
0.0
 72
  1000
 90
   819808
  1

281
     0
 71
     1
 74
     0
110
0.0
120
0.0
130
0.0
111
1.0
121
0.0
131
0.0
112
0.0
122
1.0
132
0.0
 79
     0
146
0.0
170
     0
 61
     5
348
9F
292
     1
282
     1
141
0.0
142
0.0
 63
   250
421
  3355443
  0
ENDBLK
  5
60
330
5D
100
AcDbEntity
 67
     1
  8
0
100
AcDbBlockEnd
  0
BLOCK
  5
387
330
383
100
AcDbEntity
  8
0
100
AcDbBlockBegin
  2
A$Ca14dbb6b
 70
     0
 10
0.0
 20
0.0
 30
0.0
  3
A$Ca14dbb6b
  1

  0
MTEXT
  5
384
330
383
100
AcDbEntity
  8
Rooms
100
AcDbMText
 10
0.0
 20
102.1145975443396
 30
0.0
 40
100.0
 41
0.0
 46
0.0
 71
     1
 72
     5
  1
A109
 73
     1
 44
1.0
  0
ENDBLK
  5
388
330
383
100
AcDbEntity
  8
0
100
AcDbBlockEnd
  0
ENDSEC
  0
SECTION
  2
ENTITIES
  0
MTEXT
  5
371
330
1F
100
AcDbEntity
  8
Walls
100
AcDbMText
 10
38835.62671530278
 20
38499.01381072199
 30
0.0
 40
0.0004
 41
0.0745415601970744
 46
0.0
 71
     1
 72
     5
  1
A109
 73
     1
 44
1.0
101
Embedded Object
 70
     1
 10
1.0
 20
0.0
 30
0.0
 11
38835.62671530278
 21
38499.01381072199
 31
0.0
 40
0.0745415601970744
 41
0.0
 42
0.0012804911323329
 43
0.0004084583901774
 71
     2
 72
     1
 44
0.0745415601970744
 45
0.002
 73
     0
 74
     0
 46
0.0
  0
IMAGE
  5
57F
330
1F
100
AcDbEntity
  8
Walls
160
               140
310
8C0000000100000084000000060000000500000040E6CDD293F3E240205E7FA41FC7E240000000000000000040E6CDD293F3E240FC1CDC791ACEE2400000000000000000BAE49E44E2FCE240FC1CDC791ACEE2400000000000000000BAE49E44E2FCE240205E7FA41FC7E240000000000000000040E6CDD293F3E240205E7F
310
A41FC7E2400000000000000000
100
AcDbRasterImage
 90
        0
 10
38812.61948294612
 20
38456.98883026489
 30
0.0
 11
0.0184651273813098
 21
0.0
 31
0.0
 12
0.0
 22
0.0184651273813098
 32
0.0
 13
4032.0
 23
3024.0
340
57D
 70
     7
280
     0
281
    50
282
    50
283
     0
290
     0
360
57E
 71
     1
 91
        2
 14
-0.5
 24
-0.5
 14
4031.5
 24
3023.5
  0
LWPOLYLINE
  5
580
330
1F
100
AcDbEntity
  8
Walls
100
AcDbPolyline
 90
        4
 70
     0
 43
0.0
 10
38824.92425733093
 20
38499.23528297336
 10
38824.92425733093
 20
38497.60184636424
 10
38826.89052756965
 20
38497.60184636424
 10
38826.89052756965
 20
38497.75725558941
  0
LWPOLYLINE
  5
581
330
1F
100
AcDbEntity
  8
Walls
100
AcDbPolyline
 90
        2
 70
     0
 43
0.0
 10
38826.89052756965
 20
38497.60184636424
 10
38826.89052756965
 20
38495.68954420039
  0
LWPOLYLINE
  5
582
330
1F
100
AcDbEntity
  8
Walls
100
AcDbPolyline
 90
        6
 70
     0
 43
0.0
 10
38824.89939907721
 20
38495.31529996713
 10
38824.89939907721
 20
38492.67374484828
 10
38826.28503302514
 20
38492.67374484828
 10
38826.28503302514
 20
38492.95205549974
 10
38826.88815019529
 20
38492.95205549974
 10
38826.88815019529
 20
38493.25878423364
  0
LWPOLYLINE
  5
583
330
1F
100
AcDbEntity
  8
Walls
100
AcDbPolyline
 90
        5
 70
     0
 43
0.0
 10
38826.28503302514
 20
38492.67374484828
 10
38826.28503302514
 20
38492.32026012467
 10
38826.9599856335
 20
38492.32026012467
 10
38826.9599856335
 20
38492.95556421319
 10
38826.88815019528
 20
38492.95556421319
  0
LWPOLYLINE
  5
584
330
1F
100
AcDbEntity
  8
Walls
100
AcDbPolyline
 90
        6
 70
     0
 43
0.0
 10
38824.89939907721
 20
38492.67374484828
 10
38824.89939907721
 20
38490.34227171309
 10
38827.04150954003
 20
38490.34227171309
 10
38827.04150954003
 20
38490.96977878671
 10
38826.26792661456
 20
38490.96977878671
 10
38826.26792661456
 20
38491.10701010737
  0
LWPOLYLINE
  5
585
330
1F
100
AcDbEntity
  8
Walls
100
AcDbPolyline
 90
        2
 70
     0
 43
0.0
 10
38826.26792661456
 20
38491.62647331784
 10
38824.89786580432
 20
38491.62647331784
  0
LWPOLYLINE
  5
586
330
1F
100
AcDbEntity
  8
Walls
100
AcDbPolyline
 90
        3
 70
     0
 43
0.0
 10
38829.99020035019
 20
38498.41674392795
 10
38827.84843046629
 20
38498.41674392795
 10
38827.84843046629
 20
38496.63868523144
  0
LWPOLYLINE
  5
587
330
1F
100
AcDbEntity
  8
Walls
100
AcDbPolyline
 90
        4
 70
     0
 43
0.0
 10
38827.84843046629
 20
38494.43991113958
 10
38827.84843046629
 20
38493.64256508652
 10
38829.98517981636
 20
38493.64256508652
 10
38829.98092859019
 20
38494.43991113958
  0
LWPOLYLINE
  5
589
330
1F
100
AcDbEntity
  8
Walls
100
AcDbPolyline
 90
        2
 70
     0
 43
0.0
 10
38828.91822355232
 20
38492.81973660485
 10
38829.4538914064
 20
38492.81973660485
  0
LWPOLYLINE
  5
58A
330
1F
100
AcDbEntity
  8
Walls
100
AcDbPolyline
 90
        3
 70
     0
 43
0.0
 10
38828.91822355232
 20
38492.81973660485
 10
38828.91822355232
 20
38492.33184273727
 10
38828.38735852869
 20
38492.33184273727
  0
LWPOLYLINE
  5
58B
330
1F
100
AcDbEntity
  8
Walls
100
AcDbPolyline
 90
        3
 70
     0
 43
0.0
 10
38828.22371503644
 20
38491.45374407539
 10
38828.22371503645
 20
38490.3422717131
 10
38827.04150954003
 20
38490.34227171309
  0
LWPOLYLINE
  5
58C
330
1F
100
AcDbEntity
  8
Walls
100
AcDbPolyline
 90
        3
 70
     0
 43
0.0
 10
38828.22371503645
 20
38490.3422717131
 10
38828.91822355232
 20
38490.3422717131
 10
38828.91822355232
 20
38490.40737014919
  0
LWPOLYLINE
  5
58D
330
1F
100
AcDbEntity
  8
Walls
100
AcDbPolyline
 90
        2
 70
     0
 43
0.0
 10
38829.98777222289
 20
38498.26379715691
 10
38830.09712610109
 20
38498.26379715691
  0
LWPOLYLINE
  5
58E
330
1F
100
AcDbEntity
  8
Walls
100
AcDbPolyline
 90
        3
 70
     0
 43
0.0
 10
38833.564916603
 20
38495.59037538507
 10
38833.564916603
 20
38493.64256508651
 10
38830.5434848154
 20
38493.64256508652
  0
LWPOLYLINE
  5
58F
330
1F
100
AcDbEntity
  8
Walls
100
AcDbPolyline
 90
        6
 70
     0
 43
0.0
 10
38833.564916603
 20
38498.23362017866
 10
38833.564916603
 20
38498.44278693366
 10
38836.49067509981
 20
38498.44278693366
 10
38836.49067509981
 20
38497.70590037083
 10
38836.3064192376
 20
38497.70590037083
 10
38836.3064192376
 20
38497.57871177786
  0
LWPOLYLINE
  5
593
330
1F
100
AcDbEntity
  8
Walls
100
AcDbPolyline
 90
        2
 70
     0
 43
0.0
 10
38829.9336562373
 20
38492.5772450155
 10
38830.02303349284
 20
38492.5772450155
  0
LWPOLYLINE
  5
594
330
1F
100
AcDbEntity
  8
Walls
100
AcDbPolyline
 90
        2
 70
     0
 43
0.0
 10
38833.71612429039
 20
38492.54690236061
 10
38833.86886925749
 20
38492.54690236061
  0
LWPOLYLINE
  5
595
330
1F
100
AcDbEntity
  8
Walls
100
AcDbPolyline
 90
        5
 70
     0
 43
0.0
 10
38838.14358335687
 20
38492.53787411864
 10
38839.82285909968
 20
38492.53787411864
 10
38839.82285909968
 20
38491.12882268497
 10
38838.14358335687
 20
38491.12882268497
 10
38838.14358335687
 20
38492.53787411864
  0
LWPOLYLINE
  5
597
330
1F
100
AcDbEntity
  8
Walls
100
AcDbPolyline
 90
        4
 70
     0
 43
0.0
 10
38840.36615458577
 20
38492.53787411864
 10
38842.17384460537
 20
38492.53787411864
 10
38842.17384460537
 20
38490.40737014919
 10
38837.62367696056
 20
38490.40737014919
  0
LWPOLYLINE
  5
598
330
1F
100
AcDbEntity
  8
Walls
100
AcDbPolyline
 90
        5
 70
     0
 43
0.0
 10
38845.02614089882
 20
38492.26429092521
 10
38845.02614089882
 20
38490.40737014919
 10
38843.69061479018
 20
38490.40737014919
 10
38843.69061479018
 20
38492.26429092521
 10
38844.2027546517
 20
38492.26429092521
  0
LWPOLYLINE
  5
599
330
1F
100
AcDbEntity
  8
Walls
100
AcDbPolyline
 90
        2
 70
     0
 43
0.0
 10
38842.17384460537
 20
38490.40737014919
 10
38843.69061479018
 20
38490.40737014919
  0
LWPOLYLINE
  5
59A
330
1F
100
AcDbEntity
  8
Walls
100
AcDbPolyline
 90
        4
 70
     0
 43
0.0
 10
38845.02614089882
 20
38490.40737014919
 10
38846.32986895758
 20
38490.40737014919
 10
38846.32986895758
 20
38493.75852965468
 10
38846.07428518652
 20
38493.75852965468
  0
LWPOLYLINE
  5
59B
330
1F
100
AcDbEntity
  8
Walls
100
AcDbPolyline
 90
        3
 70
     0
 43
0.0
 10
38846.12318029775
 20
38495.0938073242
 10
38846.12318029775
 20
38496.34960446377
 10
38846.04287713288
 20
38496.34960446377
  0
LWPOLYLINE
  5
59C
330
1F
100
AcDbEntity
  8
Walls
100
AcDbPolyline
 90
        5
 70
     0
 43
0.0
 10
38837.35812691563
 20
38498.06710721446
 10
38839.777981484
 20
38498.06710721446
 10
38839.777981484
 20
38495.32725251524
 10
38837.47030559539
 20
38495.32725251524
 10
38837.47030559539
 20
38495.65565311507
  0
LWPOLYLINE
  5
59D
330
1F
100
AcDbEntity
  8
Walls
100
AcDbPolyline
 90
        2
 70
     0
 43
0.0
 10
38837.47030559539
 20
38495.32725251524
 10
38837.47030559539
 20
38495.07309547496
  0
LWPOLYLINE
  5
5A0
330
1F
100
AcDbEntity
  8
Walls
100
AcDbPolyline
 90
        3
 70
     0
 43
0.0
 10
38839.777981484
 20
38498.06710721446
 10
38841.3965593868
 20
38496.52894375013
 10
38842.19174570008
 20
38496.52894375013
  0
LWPOLYLINE
  5
5A2
330
1F
100
AcDbEntity
  8
Walls
100
AcDbPolyline
 90
        5
 70
     0
 43
0.0
 10
38842.64654943578
 20
38495.88804183384
 10
38842.64654943579
 20
38493.64256508652
 10
38840.73951187996
 20
38493.64256508652
 10
38840.73951187996
 20
38493.82113386304
 10
38840.26167298941
 20
38493.82113386304
  0
LWPOLYLINE
  5
5A4
330
1F
100
AcDbEntity
  8
Walls
100
AcDbPolyline
 90
        5
 70
     0
 43
0.0
 10
38846.12318029775
 20
38496.34960446377
 10
38846.12318029775
 20
38496.53601564606
 10
38853.64601817929
 20
38496.53601564606
 10
38853.64601817928
 20
38493.75852965468
 10
38846.32986895758
 20
38493.75852965468
  0
LWPOLYLINE
  5
5A5
330
1F
100
AcDbEntity
  8
Walls
100
AcDbPolyline
 90
        2
 70
     0
 43
0.0
 10
38853.64601817929
 20
38496.31995061517
 10
38853.77833108291
 20
38496.31995061517
  0
LWPOLYLINE
  5
5A6
330
1F
100
AcDbEntity
  8
Walls
100
AcDbPolyline
 90
        5
 70
     0
 43
0.0
 10
38856.10086422568
 20
38495.03162752038
 10
38856.10086422568
 20
38493.56667837785
 10
38854.46937637873
 20
38493.56667837785
 10
38854.46937637873
 20
38493.75852965468
 10
38854.02531623817
 20
38493.75852965468
  0
LWPOLYLINE
  5
5A9
330
1F
100
AcDbEntity
  8
Walls
100
AcDbPolyline
 90
        7
 70
     0
 43
0.0
 10
38862.17089931997
 20
38498.11612366899
 10
38862.17089931997
 20
38492.95267508498
 10
38857.17749827321
 20
38492.95267508498
 10
38857.17749827321
 20
38496.53601564605
 10
38858.35744526398
 20
38496.53601564605
 10
38860.11881655165
 20
38498.11612366899
 10
38862.17089931997
 20
38498.11612366899
  0
LWPOLYLINE
  5
5AA
330
1F
100
AcDbEntity
  8
Walls
100
AcDbPolyline
 90
        5
 70
     0
 43
0.0
 10
38858.18216065097
 20
38492.20697134768
 10
38858.18216065097
 20
38490.22886265033
 10
38859.96603285205
 20
38490.22886265033
 10
38859.96603285205
 20
38492.20697134768
 10
38859.7910661127
 20
38492.20697134768
  0
LWPOLYLINE
  5
5AB
330
1F
100
AcDbEntity
  8
Walls
100
AcDbPolyline
 90
        2
 70
     0
 43
0.0
 10
38858.18216065097
 20
38491.12603795573
 10
38858.90652124233
 20
38491.12603795573
  0
LWPOLYLINE
  5
5AC
330
1F
100
AcDbEntity
  8
Walls
100
AcDbPolyline
 90
        4
 70
     0
 43
0.0
 10
38859.96603285205
 20
38492.20697134768
 10
38862.17089931997
 20
38492.20697134768
 10
38862.17089931997
 20
38490.22886265034
 10
38860.56908724884
 20
38490.22886265033
  0
LWPOLYLINE
  5
5AD
330
1F
100
AcDbEntity
  8
Walls
100
AcDbPolyline
 90
        4
 70
     0
 43
0.0
 10
38862.17089931997
 20
38493.76416379513
 10
38863.57778939877
 20
38493.76416379513
 10
38863.57778939877
 20
38498.11612366899
 10
38862.17089931997
 20
38498.11612366899
  0
LWPOLYLINE
  5
5AE
330
1F
100
AcDbEntity
  8
Walls
100
AcDbPolyline
 90
        4
 70
     0
 43
0.0
 10
38863.57778939877
 20
38498.11612366899
 10
38866.20040461686
 20
38498.11612366899
 10
38866.20040461686
 20
38493.76416379513
 10
38864.07070324685
 20
38493.76416379513
  0
LWPOLYLINE
  5
5AF
330
1F
100
AcDbEntity
  8
Walls
100
AcDbPolyline
 90
        4
 70
     0
 43
0.0
 10
38866.20040461686
 20
38498.11612366899
 10
38868.69413008328
 20
38498.11612366899
 10
38868.69413008328
 20
38493.76416379513
 10
38866.65388744063
 20
38493.76416379513
  0
LWPOLYLINE
  5
5B0
330
1F
100
AcDbEntity
  8
Walls
100
AcDbPolyline
 90
        6
 70
     0
 43
0.0
 10
38868.69413008328
 20
38493.76416379513
 10
38870.93634670515
 20
38493.76416379513
 10
38870.93634670515
 20
38495.07816790352
 10
38871.3303230473
 20
38495.07816790352
 10
38871.3303230473
 20
38498.11612366899
 10
38868.69413008328
 20
38498.11612366899
  0
LWPOLYLINE
  5
5B1
330
1F
100
AcDbEntity
  8
Walls
100
AcDbPolyline
 90
        2
 70
     0
 43
0.0
 10
38870.93634670515
 20
38493.90325841058
 10
38871.09054748013
 20
38493.90325841058
  0
LWPOLYLINE
  5
5B2
330
1F
100
AcDbEntity
  8
Walls
100
AcDbPolyline
 90
        2
 70
     0
 43
0.0
 10
38873.18932695622
 20
38498.11612366899
 10
38873.18932695622
 20
38498.90851871404
  0
LWPOLYLINE
  5
5B3
330
1F
100
AcDbEntity
  8
Walls
100
AcDbPolyline
 90
        5
 70
     0
 43
0.0
 10
38873.18932695622
 20
38498.90851871404
 10
38875.03982574156
 20
38498.90851871404
 10
38875.03982574156
 20
38493.76416379513
 10
38873.79869875789
 20
38493.76416379513
 10
38873.79869875789
 20
38493.76416379513
  0
LWPOLYLINE
  5
5B4
330
1F
100
AcDbEntity
  8
Walls
100
AcDbPolyline
 90
        2
 70
     0
 43
0.0
 10
38872.81657068363
 20
38493.76416379513
 10
38872.81657068363
 20
38493.39927915711
  0
LWPOLYLINE
  5
5B5
330
1F
100
AcDbEntity
  8
Walls
100
AcDbPolyline
 90
        5
 70
     0
 43
0.0
 10
38873.25904679835
 20
38492.19272202207
 10
38873.55057032598
 20
38492.19272202207
 10
38873.55057032598
 20
38492.63678193653
 10
38875.03982574156
 20
38492.63678193653
 10
38875.03982574156
 20
38493.76416379513
  0
LWPOLYLINE
  5
5B6
330
1F
100
AcDbEntity
  8
Walls
100
AcDbPolyline
 90
        2
 70
     0
 43
0.0
 10
38875.03982574156
 20
38492.63678193653
 10
38875.03982574156
 20
38491.48238911213
  0
LWPOLYLINE
  5
5B7
330
1F
100
AcDbEntity
  8
Walls
100
AcDbPolyline
 90
        5
 70
     0
 43
0.0
 10
38872.20756750853
 20
38492.31391107818
 10
38872.20756750853
 20
38491.43970808683
 10
38870.94711834796
 20
38491.43970808683
 10
38870.94711834796
 20
38492.29120543542
 10
38872.20756750853
 20
38492.29120543542
  0
LWPOLYLINE
  5
5B8
330
1F
100
AcDbEntity
  8
Walls
100
AcDbPolyline
 90
        5
 70
     0
 43
0.0
 10
38870.94711834796
 20
38492.29120543542
 10
38869.8910659515
 20
38492.29120543542
 10
38869.8910659515
 20
38490.33843958977
 10
38870.94711834796
 20
38490.33843958977
 10
38870.94711834796
 20
38491.43970808683
  0
LWPOLYLINE
  5
5B9
330
1F
100
AcDbEntity
  8
Walls
100
AcDbPolyline
 90
        4
 70
     0
 43
0.0
 10
38869.8910659515
 20
38492.29120543542
 10
38868.74417114237
 20
38492.29120543542
 10
38868.74417114237
 20
38490.34979184376
 10
38869.8910659515
 20
38490.33843958977
  0
LWPOLYLINE
  5
5BA
330
1F
100
AcDbEntity
  8
Walls
100
AcDbPolyline
 90
        4
 70
     0
 43
0.0
 10
38868.74417114237
 20
38492.29120543542
 10
38866.89324095707
 20
38492.29120543542
 10
38866.89324095707
 20
38492.13225912751
 10
38866.6308135533
 20
38492.13225912751
  0
LWPOLYLINE
  5
5BB
330
1F
100
AcDbEntity
  8
Walls
100
AcDbPolyline
 90
        5
 70
     0
 43
0.0
 10
38866.1097171342
 20
38492.13225912751
 10
38866.1097171342
 20
38492.27955700607
 10
38864.44796183908
 20
38492.27955700607
 10
38864.44796183908
 20
38492.12061069816
 10
38864.14564262777
 20
38492.12061069816
  0
LWPOLYLINE
  5
5BC
330
1F
100
AcDbEntity
  8
Walls
100
AcDbPolyline
 90
        5
 70
     0
 43
0.0
 10
38868.74417114237
 20
38487.64770914839
 10
38868.74417114237
 20
38482.09786406321
 10
38866.918327599
 20
38482.09786406321
 10
38866.918327599
 20
38482.31049641034
 10
38866.59283566568
 20
38482.31049641034
  0
LWPOLYLINE
  5
5BD
330
1F
100
AcDbEntity
  8
Walls
100
AcDbPolyline
 90
        5
 70
     0
 43
0.0
 10
38866.24669262991
 20
38486.48242932631
 10
38866.24669262991
 20
38486.65142290099
 10
38864.41638149258
 20
38486.65142290099
 10
38864.41638149258
 20
38486.46293281733
 10
38864.05186856526
 20
38486.46293281733
  0
LWPOLYLINE
  5
5BE
330
1F
100
AcDbEntity
  8
Walls
100
AcDbPolyline
 90
        3
 70
     0
 43
0.0
 10
38868.74417114237
 20
38482.09786406321
 10
38868.74417114237
 20
38480.87062458299
 10
38864.12522392033
 20
38480.87062458299
  0
LWPOLYLINE
  5
5C1
330
1F
100
AcDbEntity
  8
Walls
100
AcDbPolyline
 90
        5
 70
     0
 43
0.0
 10
38863.59667483331
 20
38476.74699888937
 10
38858.60035949954
 20
38476.74699888937
 10
38858.60035949954
 20
38474.8055296939
 10
38866.25660948645
 20
38474.80552969389
 10
38866.25660948645
 20
38476.74699888937
  0
LWPOLYLINE
  5
5C2
330
1F
100
AcDbEntity
  8
Walls
100
AcDbPolyline
 90
        2
 70
     0
 43
0.0
 10
38862.14457190233
 20
38479.17591144814
 10
38862.14457190234
 20
38476.74699888937
  0
LWPOLYLINE
  5
5C3
330
1F
100
AcDbEntity
  8
Walls
100
AcDbPolyline
 90
        5
 70
     0
 43
0.0
 10
38862.14457190233
 20
38479.17591144814
 10
38858.23412497921
 20
38479.17591144814
 10
38858.23412497921
 20
38477.97110413074
 10
38859.97078893637
 20
38477.97110413074
 10
38859.97078893637
 20
38476.74699888936
  0
LWPOLYLINE
  5
5C4
330
1F
100
AcDbEntity
  8
Walls
100
AcDbPolyline
 90
        6
 70
     0
 43
0.0
 10
38858.23412497921
 20
38479.17591144814
 10
38857.62811889853
 20
38479.17591144814
 10
38857.62811889853
 20
38479.42558273672
 10
38856.11592182037
 20
38479.42558273672
 10
38856.11592182037
 20
38478.71687141524
 10
38856.56027445811
 20
38478.71687141524
  0
LWPOLYLINE
  5
5C5
330
1F
100
AcDbEntity
  8
Walls
100
AcDbPolyline
 90
        2
 70
     0
 43
0.0
 10
38856.88383377306
 20
38477.9491020463
 10
38856.79311557153
 20
38477.9491020463
  0
LWPOLYLINE
  5
5C6
330
1F
100
AcDbEntity
  8
Walls
100
AcDbPolyline
 90
        6
 70
     0
 43
0.0
 10
38856.11592182036
 20
38476.74699888937
 10
38856.11592182036
 20
38472.53346865487
 10
38843.52961312178
 20
38472.53346865487
 10
38843.52961312178
 20
38469.97433766324
 10
38824.89939907721
 20
38469.97433766323
 10
38824.89939907721
 20
38490.34227171309
  0
LWPOLYLINE
  5
5C7
330
1F
100
AcDbEntity
  8
Walls
100
AcDbPolyline
 90
        5
 70
     0
 43
0.0
 10
38862.17089931997
 20
38488.99934795326
 10
38857.77292236678
 20
38488.99934795326
 10
38857.77292236678
 20
38487.82857016331
 10
38862.17089931997
 20
38487.82857016331
 10
38862.17089931997
 20
38487.9659002091
  0
LWPOLYLINE
  5
5C8
330
1F
100
AcDbEntity
  8
Walls
100
AcDbPolyline
 90
        4
 70
     0
 43
0.0
 10
38862.17089931997
 20
38487.82857016331
 10
38862.17089931997
 20
38486.10119263112
 10
38861.91940116025
 20
38486.10119263112
 10
38861.91940116025
 20
38485.70398970105
  0
LWPOLYLINE
  5
5C9
330
1F
100
AcDbEntity
  8
Walls
100
AcDbPolyline
 90
        5
 70
     0
 43
0.0
 10
38861.91940116025
 20
38485.35266217803
 10
38862.20735061271
 20
38485.35266217803
 10
38862.20735061271
 20
38483.60609112084
 10
38861.95779442057
 20
38483.60609112084
 10
38861.95779442057
 20
38483.30437580739
  0
LWPOLYLINE
  5
5CA
330
1F
100
AcDbEntity
  8
Walls
100
AcDbPolyline
 90
        2
 70
     0
 43
0.0
 10
38861.95779442057
 20
38482.85756066776
 10
38861.95779442057
 20
38482.74298392513
  0
LWPOLYLINE
  5
5CB
330
1F
100
AcDbEntity
  8
Walls
100
AcDbPolyline
 90
        3
 70
     0
 43
0.0
 10
38824.89939907721
 20
38471.79268755629
 10
38826.94786102425
 20
38471.79268755629
 10
38826.94786102425
 20
38471.33108293983
  0
LWPOLYLINE
  5
5CC
330
1F
100
AcDbEntity
  8
Walls
100
AcDbPolyline
 90
        2
 70
     0
 43
0.0
 10
38826.94786102425
 20
38471.79268755629
 10
38826.94786102425
 20
38471.89532763761
  0
LWPOLYLINE
  5
5CD
330
1F
100
AcDbEntity
  8
Walls
100
AcDbPolyline
 90
        5
 70
     0
 43
0.0
 10
38827.76100319196
 20
38473.47934040924
 10
38827.76100319196
 20
38471.79268755629
 10
38831.12280152988
 20
38471.79268755629
 10
38831.12280152988
 20
38473.47934040924
 10
38828.18678693323
 20
38473.47934040924
  0
LWPOLYLINE
  5
5CE
330
1F
100
AcDbEntity
  8
Walls
100
AcDbPolyline
 90
        2
 70
     0
 43
0.0
 10
38827.76100319196
 20
38471.79268755629
 10
38827.76100319196
 20
38471.35651770802
  0
LWPOLYLINE
  5
5CF
330
1F
100
AcDbEntity
  8
Walls
100
AcDbPolyline
 90
        2
 70
     0
 43
0.0
 10
38831.12280152988
 20
38471.79268755629
 10
38831.12280152988
 20
38469.97433766324
  0
LWPOLYLINE
  5
5D0
330
1F
100
AcDbEntity
  8
Walls
100
AcDbPolyline
 90
        2
 70
     0
 43
0.0
 10
38832.31551822641
 20
38473.47050507842
 10
38832.31551822641
 20
38469.97433766324
  0
LWPOLYLINE
  5
5D2
330
1F
100
AcDbEntity
  8
Walls
100
AcDbPolyline
 90
        2
 70
     0
 43
0.0
 10
38832.31551822641
 20
38473.47050507842
 10
38832.45337789167
 20
38473.47050507842
  0
LWPOLYLINE
  5
5D3
330
1F
100
AcDbEntity
  8
Walls
100
AcDbPolyline
 90
        3
 70
     0
 43
0.0
 10
38838.45739143012
 20
38469.97433766324
 10
38838.45739142991
 20
38473.47050507842
 10
38836.34986508625
 20
38473.47050507842
  0
LWPOLYLINE
  5
5D4
330
1F
100
AcDbEntity
  8
Walls
100
AcDbPolyline
 90
        3
 70
     0
 43
0.0
 10
38840.54870354661
 20
38473.48904951412
 10
38839.69522080856
 20
38473.48904951412
 10
38839.69522080856
 20
38469.97433766324
  0
LWPOLYLINE
  5
5D5
330
1F
100
AcDbEntity
  8
Walls
100
AcDbPolyline
 90
        2
 70
     0
 43
0.0
 10
38840.54870354661
 20
38473.48904951412
 10
38840.54870354661
 20
38469.97433766324
  0
LWPOLYLINE
  5
5D6
330
1F
100
AcDbEntity
  8
Walls
100
AcDbPolyline
 90
        4
 70
     0
 43
0.0
 10
38840.54870354661
 20
38473.48904951412
 10
38841.41455664496
 20
38473.48904951412
 10
38841.41455664496
 20
38472.7470281103
 10
38840.54870354662
 20
38472.74702811029
  0
LWPOLYLINE
  5
5D7
330
1F
100
AcDbEntity
  8
Walls
100
AcDbPolyline
 90
        2
 70
     0
 43
0.0
 10
38841.41455664496
 20
38472.7470281103
 10
38841.53051908964
 20
38472.7470281103
  0
LWPOLYLINE
  5
5D9
330
1F
100
AcDbEntity
  8
Walls
100
AcDbPolyline
 90
        5
 70
     0
 43
0.0
 10
38842.64415069176
 20
38473.48904951412
 10
38842.64415069176
 20
38472.7470281103
 10
38843.52961312178
 20
38472.7470281103
 10
38843.52961312179
 20
38473.48904951412
 10
38842.64415069176
 20
38473.48904951412
  0
LWPOLYLINE
  5
5DA
330
1F
100
AcDbEntity
  8
Walls
100
AcDbPolyline
 90
        2
 70
     0
 43
0.0
 10
38843.52961312178
 20
38472.7470281103
 10
38843.52961312178
 20
38472.53346865487
  0
LWPOLYLINE
  5
5DB
330
1F
100
AcDbEntity
  8
Walls
100
AcDbPolyline
 90
        6
 70
     0
 43
0.0
 10
38827.17968440774
 20
38499.19980207317
 10
38841.2324871658
 20
38499.19980207317
 10
38842.60093456693
 20
38497.91951996916
 10
38857.87359882856
 20
38497.91951996916
 10
38859.00523169565
 20
38498.90851871404
 10
38873.18932695622
 20
38498.90851871404
  0
LWPOLYLINE
  5
5DD
330
1F
100
AcDbEntity
  8
Walls
100
AcDbPolyline
 90
        5
 70
     0
 43
0.0
 10
38853.64601817928
 20
38493.75852965468
 10
38853.64601817929
 20
38490.25885806513
 10
38854.77397947216
 20
38490.25885806513
 10
38854.76391169242
 20
38474.30446566839
 10
38826.94786102425
 20
38474.30446566839
  0
LWPOLYLINE
  5
5DE
330
1F
100
AcDbEntity
  8
Walls
100
AcDbPolyline
 90
        3
 70
     0
 43
0.0
 10
38824.89939907721
 20
38475.64580528722
 10
38827.58555964213
 20
38475.62023434646
 10
38827.58555964213
 20
38474.2777815168
  0
LWPOLYLINE
  5
5DF
330
1F
100
AcDbEntity
  8
Walls
100
AcDbPolyline
 90
        5
 70
     0
 43
0.0
 10
38856.11592182036
 20
38472.53346865487
 10
38861.42251656274
 20
38472.53346865487
 10
38861.42251656274
 20
38471.89862301402
 10
38875.03982574156
 20
38471.89862301402
 10
38875.10370231807
 20
38490.26703976758
  0
LWPOLYLINE
  5
5E0
330
1F
100
AcDbEntity
  8
Walls
100
AcDbPolyline
 90
        2
 70
     0
 43
0.0
 10
38853.64601817928
 20
38492.16993354099
 10
38854.97296513271
 20
38492.17575969841
  0
LWPOLYLINE
  5
5E1
330
1F
100
AcDbEntity
  8
Walls
100
AcDbPolyline
 90
        5
 70
     0
 43
0.0
 10
38826.89052756965
 20
38498.05345931774
 10
38826.89052756965
 20
38498.42579259582
 10
38827.17968440774
 20
38498.42579259582
 10
38827.17968440774
 20
38499.19980207317
 10
38824.92425733093
 20
38499.19980207317
  0
LWPOLYLINE
  5
5E2
330
1F
100
AcDbEntity
  8
Walls
100
AcDbPolyline
 90
        4
 70
     0
 43
0.0
 10
38826.89052756965
 20
38495.39334047208
 10
38826.89052756965
 20
38495.31529996713
 10
38824.89939907721
 20
38495.31529996713
 10
38824.89939907721
 20
38497.60184636424
  0
LWPOLYLINE
  5
5E3
330
1F
100
AcDbEntity
  8
Walls
100
AcDbPolyline
 90
        2
 70
     0
 43
0.0
 10
38826.88815019529
 20
38493.57191421352
 10
38826.88815019529
 20
38495.31529996713
  0
LWPOLYLINE
  5
5E4
330
1F
100
AcDbEntity
  8
Walls
100
AcDbPolyline
 90
        2
 70
     0
 43
0.0
 10
38826.28016846431
 20
38492.12296753039
 10
38826.28503302514
 20
38492.32026012467
  0
LWPOLYLINE
  5
5E5
330
1F
100
AcDbEntity
  8
Walls
100
AcDbPolyline
 90
        3
 70
     0
 43
0.0
 10
38826.26792661456
 20
38491.32704797325
 10
38826.26792661456
 20
38491.62647331784
 10
38826.2753668709
 20
38491.92822871341
  0
LWPOLYLINE
  5
5E6
330
1F
100
AcDbEntity
  8
Walls
100
AcDbPolyline
 90
        4
 70
     0
 43
0.0
 10
38828.0910989508
 20
38492.33184273727
 10
38827.57980319073
 20
38492.33184273727
 10
38827.57980319073
 20
38491.45517842656
 10
38828.91696407815
 20
38491.45517842656
  0
LWPOLYLINE
  5
5E7
330
1F
100
AcDbEntity
  8
Walls
100
AcDbPolyline
 90
        5
 70
     0
 43
0.0
 10
38829.78400987049
 20
38492.81973660485
 10
38829.9336562373
 20
38492.81973660485
 10
38829.9336562373
 20
38490.40737014919
 10
38828.91822355232
 20
38490.40737014919
 10
38828.91822355232
 20
38492.81973660485
  0
LWPOLYLINE
  5
5E8
330
1F
100
AcDbEntity
  8
Walls
100
AcDbPolyline
 90
        4
 70
     0
 43
0.0
 10
38827.84843046629
 20
38496.28020637848
 10
38827.84843046629
 20
38494.43991113958
 10
38829.98092859019
 20
38494.43991113958
 10
38829.99020035019
 20
38498.41674392795
  0
LWPOLYLINE
  5
5E9
330
1F
100
AcDbEntity
  8
Walls
100
AcDbPolyline
 90
        6
 70
     0
 43
0.0
 10
38830.42763723264
 20
38498.26379715691
 10
38830.81891431997
 20
38498.26379715691
 10
38830.81891431997
 20
38498.42906300725
 10
38832.74167994348
 20
38498.42906300725
 10
38832.74167994348
 20
38498.23362017866
 10
38833.06539685964
 20
38498.23362017866
  0
LWPOLYLINE
  5
5EA
330
1F
100
AcDbEntity
  8
Walls
100
AcDbPolyline
 90
        4
 70
     0
 43
0.0
 10
38833.41170684587
 20
38498.23362017866
 10
38833.564916603
 20
38498.23362017866
 10
38833.564916603
 20
38495.59037538507
 10
38829.97613110215
 20
38495.59037538507
  0
LWPOLYLINE
  5
5EB
330
1F
100
AcDbEntity
  8
Walls
100
AcDbPolyline
 90
        2
 70
     0
 43
0.0
 10
38830.19731239636
 20
38493.64256508652
 10
38829.98517981636
 20
38493.64256508652
  0
LWPOLYLINE
  5
5EC
330
1F
100
AcDbEntity
  8
Walls
100
AcDbPolyline
 90
        5
 70
     0
 43
0.0
 10
38836.3064192376
 20
38494.43967737665
 10
38836.3064192376
 20
38494.28244457369
 10
38836.53673873146
 20
38494.28244457369
 10
38836.53673873146
 20
38493.64256508651
 10
38833.564916603
 20
38493.64256508651
  0
LWPOLYLINE
  5
5ED
330
1F
100
AcDbEntity
  8
Walls
100
AcDbPolyline
 90
        6
 70
     0
 43
0.0
 10
38836.3064192376
 20
38497.23679491482
 10
38836.3064192376
 20
38496.83084630088
 10
38836.52138463278
 20
38496.83084630088
 10
38836.52138463278
 20
38495.2035533446
 10
38836.3064192376
 20
38495.2035533446
 10
38836.3064192376
 20
38494.68390289685
  0
LWPOLYLINE
  5
5EE
330
1F
100
AcDbEntity
  8
Walls
100
AcDbPolyline
 90
        4
 70
     0
 43
0.0
 10
38837.47030559539
 20
38495.96054351914
 10
38837.47030559539
 20
38496.38474039342
 10
38837.35812691563
 20
38496.38474039342
 10
38837.35812691563
 20
38498.06710721446
  0
LWPOLYLINE
  5
5EF
330
1F
100
AcDbEntity
  8
Walls
100
AcDbPolyline
 90
        8
 70
     0
 43
0.0
 10
38837.47030559539
 20
38494.73553953875
 10
38837.47030559539
 20
38494.2857876105
 10
38837.47030559539
 20
38494.2857876105
 10
38837.47030559539
 20
38494.2857876105
 10
38837.29402462212
 20
38494.2857876105
 10
38837.29402462213
 20
38493.64256508652
 10
38839.777981484
 20
38493.64256508652
 10
38839.777981484
 20
38495.32725251524
  0
LWPOLYLINE
  5
5F0
330
1F
100
AcDbEntity
  8
Walls
100
AcDbPolyline
 90
        6
 70
     0
 43
0.0
 10
38830.35714674722
 20
38492.5772450155
 10
38830.79269909303
 20
38492.5772450155
 10
38830.79269909303
 20
38492.71075088136
 10
38832.71068592696
 20
38492.71075088136
 10
38832.71068592696
 20
38492.54690236061
 10
38833.11798625036
 20
38492.54690236061
  0
LWPOLYLINE
  5
5F1
330
1F
100
AcDbEntity
  8
Walls
100
AcDbPolyline
 90
        4
 70
     0
 43
0.0
 10
38833.48727128925
 20
38492.54690236061
 10
38833.71612429039
 20
38492.54690236061
 10
38833.71612429039
 20
38490.40737014919
 10
38829.9336562373
 20
38490.40737014919
  0
LWPOLYLINE
  5
5F2
330
1F
100
AcDbEntity
  8
Walls
100
AcDbPolyline
 90
        6
 70
     0
 43
0.0
 10
38834.10626611469
 20
38492.54690236061
 10
38834.57808410432
 20
38492.54690236061
 10
38834.57808410431
 20
38492.71075088136
 10
38836.76023596227
 20
38492.71075088136
 10
38836.76023596227
 20
38492.53787411864
 10
38837.20811860026
 20
38492.53787411864
  0
LWPOLYLINE
  5
5F3
330
1F
100
AcDbEntity
  8
Walls
100
AcDbPolyline
 90
        4
 70
     0
 43
0.0
 10
38837.48386464287
 20
38492.53787411864
 10
38837.62367696056
 20
38492.53787411864
 10
38837.62367696056
 20
38490.40737014919
 10
38833.71612429039
 20
38490.40737014919
  0
LWPOLYLINE
  5
5F4
330
1F
100
AcDbEntity
  8
Walls
100
AcDbPolyline
 90
        2
 70
     0
 43
0.0
 10
38839.96624682814
 20
38493.82113386304
 10
38839.777981484
 20
38493.82113386304
  0
LWPOLYLINE
  5
5F5
330
1F
100
AcDbEntity
  8
Walls
100
AcDbPolyline
 90
        4
 70
     0
 43
0.0
 10
38842.50340612278
 20
38496.52894375013
 10
38842.64654943578
 20
38496.52894375013
 10
38842.64654943578
 20
38495.88804183384
 10
38839.79400605568
 20
38495.88804183384
  0
LWPOLYLINE
  5
5F6
330
1F
100
AcDbEntity
  8
Walls
100
AcDbPolyline
 90
        7
 70
     0
 43
0.0
 10
38845.77268319433
 20
38493.75852965468
 10
38845.31232468336
 20
38493.75852965468
 10
38845.31232468336
 20
38493.5836727157
 10
38843.70651381512
 20
38493.5836727157
 10
38843.70651381512
 20
38495.0938073242
 10
38846.12318029775
 20
38495.0938073242
 10
38846.12318029775
 20
38493.75852965468
  0
LWPOLYLINE
  5
5F7
330
1F
100
AcDbEntity
  8
Walls
100
AcDbPolyline
 90
        6
 70
     0
 43
0.0
 10
38845.73022702793
 20
38496.34960446377
 10
38845.34412406884
 20
38496.34960446377
 10
38845.34412406884
 20
38496.34960446377
 10
38845.34412406884
 20
38496.52446253752
 10
38843.70651381512
 20
38496.52446253752
 10
38843.70651381512
 20
38495.0938073242
  0
LWPOLYLINE
  5
5F8
330
1F
100
AcDbEntity
  8
Walls
100
AcDbPolyline
 90
        2
 70
     0
 43
0.0
 10
38844.56752401491
 20
38492.26429092521
 10
38845.02614089882
 20
38492.26429092521
  0
LWPOLYLINE
  5
5F9
330
1F
100
AcDbEntity
  8
Walls
100
AcDbPolyline
 90
        2
 70
     0
 43
0.0
 10
38853.77833108291
 20
38493.75852965468
 10
38853.64601817928
 20
38493.75852965468
  0
LWPOLYLINE
  5
5FA
330
1F
100
AcDbEntity
  8
Walls
100
AcDbPolyline
 90
        6
 70
     0
 43
0.0
 10
38854.09849796478
 20
38496.31995061517
 10
38854.46937637873
 20
38496.31995061517
 10
38854.46937637872
 20
38496.53601564605
 10
38856.10086422568
 20
38496.53601564605
 10
38856.10086422568
 20
38495.03162752038
 10
38853.64601817928
 20
38495.03162752038
  0
LWPOLYLINE
  5
5FB
330
1F
100
AcDbEntity
  8
Walls
100
AcDbPolyline
 90
        4
 70
     0
 43
0.0
 10
38855.48545340964
 20
38492.1780098542
 10
38856.11966151038
 20
38492.18079443893
 10
38856.11966151039
 20
38490.25885806513
 10
38854.77397947216
 20
38490.25885806513
  0
LWPOLYLINE
  5
5FC
330
1F
100
AcDbEntity
  8
Walls
100
AcDbPolyline
 90
        2
 70
     0
 43
0.0
 10
38840.36615458577
 20
38491.61460133849
 10
38842.17384460537
 20
38491.62622026379
  0
LWPOLYLINE
  5
5FD
330
1F
100
AcDbEntity
  8
Walls
100
AcDbPolyline
 90
        2
 70
     0
 43
0.0
 10
38840.36615458577
 20
38491.61460133849
 10
38840.36615458577
 20
38490.40036633955
  0
LWPOLYLINE
  5
5FE
330
1F
100
AcDbEntity
  8
Walls
100
AcDbPolyline
 90
        3
 70
     0
 43
0.0
 10
38859.4806437945
 20
38492.20697134768
 10
38858.90652124233
 20
38492.20697134768
 10
38858.90652124233
 20
38490.22886265033
  0
LWPOLYLINE
  5
5FF
330
1F
100
AcDbEntity
  8
Walls
100
AcDbPolyline
 90
        2
 70
     0
 43
0.0
 10
38863.81777999811
 20
38493.76416379513
 10
38863.57778939877
 20
38493.76416379513
  0
LWPOLYLINE
  5
600
330
1F
100
AcDbEntity
  8
Walls
100
AcDbPolyline
 90
        4
 70
     0
 43
0.0
 10
38863.79904415117
 20
38492.12061069816
 10
38863.59630620671
 20
38492.12061069816
 10
38863.59630620671
 20
38487.81771380446
 10
38863.75329839318
 20
38487.81771380446
  0
LWPOLYLINE
  5
601
330
1F
100
AcDbEntity
  8
Walls
100
AcDbPolyline
 90
        2
 70
     0
 43
0.0
 10
38866.31612131047
 20
38493.76416379513
 10
38866.20040461686
 20
38493.76416379513
  0
LWPOLYLINE
  5
602
330
1F
100
AcDbEntity
  8
Walls
100
AcDbPolyline
 90
        4
 70
     0
 43
0.0
 10
38866.29965598962
 20
38492.13225912751
 10
38866.1097171342
 20
38492.13225912751
 10
38866.1097171342
 20
38487.89748143163
 10
38866.25597774596
 20
38487.89748143163
  0
LWPOLYLINE
  5
603
330
1F
100
AcDbEntity
  8
Walls
100
AcDbPolyline
 90
        6
 70
     0
 43
0.0
 10
38864.07863806768
 20
38487.81771380446
 10
38864.42525123591
 20
38487.81771380446
 10
38864.42525123591
 20
38487.81771380446
 10
38864.42525123591
 20
38487.67012088532
 10
38866.1097171342
 20
38487.67012088531
 10
38866.1097171342
 20
38487.89748143163
  0
LWPOLYLINE
  5
604
330
1F
100
AcDbEntity
  8
Walls
100
AcDbPolyline
 90
        5
 70
     0
 43
0.0
 10
38866.5783042988
 20
38487.89748143163
 10
38866.89324095707
 20
38487.89748143163
 10
38866.89324095707
 20
38487.64770914839
 10
38868.74417114237
 20
38487.64770914839
 10
38868.74417114237
 20
38490.34979184376
  0
LWPOLYLINE
  5
605
330
1F
100
AcDbEntity
  8
Walls
100
AcDbPolyline
 90
        4
 70
     0
 43
0.0
 10
38866.57193881217
 20
38486.48242932631
 10
38866.95405232338
 20
38486.48242932631
 10
38866.95405232338
 20
38486.68959774871
 10
38868.74417114237
 20
38486.68959774871
  0
LWPOLYLINE
  5
606
330
1F
100
AcDbEntity
  8
Walls
100
AcDbPolyline
 90
        4
 70
     0
 43
0.0
 10
38863.79019043509
 20
38486.46293281733
 10
38863.54466375894
 20
38486.46293281733
 10
38863.54466375894
 20
38482.31049641034
 10
38863.73618263338
 20
38482.31049641034
  0
LWPOLYLINE
  5
607
330
1F
100
AcDbEntity
  8
Walls
100
AcDbPolyline
 90
        6
 70
     0
 43
0.0
 10
38864.04352905654
 20
38482.31049641034
 10
38864.41152790919
 20
38482.31049641034
 10
38864.41152790919
 20
38482.31049641034
 10
38864.41152790919
 20
38482.1184669744
 10
38866.24669262991
 20
38482.1184669744
 10
38866.24669262991
 20
38482.31049641034
  0
LWPOLYLINE
  5
608
330
1F
100
AcDbEntity
  8
Walls
100
AcDbPolyline
 90
        4
 70
     0
 43
0.0
 10
38866.32725490187
 20
38482.31049641034
 10
38866.24669262991
 20
38482.31049641034
 10
38866.24669262991
 20
38486.48242932631
 10
38866.3086552865
 20
38486.48242932631
  0
LWPOLYLINE
  5
609
330
1F
100
AcDbEntity
  8
Walls
100
AcDbPolyline
 90
        5
 70
     0
 43
0.0
 10
38863.82501095586
 20
38480.87062458299
 10
38863.59667483331
 20
38480.87062458299
 10
38863.59667483331
 20
38476.74699888937
 10
38866.25660948645
 20
38476.74699888937
 10
38866.25660948645
 20
38480.87062458299
  0
LWPOLYLINE
  5
60A
330
1F
100
AcDbEntity
  8
Walls
100
AcDbPolyline
 90
        7
 70
     0
 43
0.0
 10
38861.95779442057
 20
38482.49279858507
 10
38861.95779442057
 20
38482.08983668969
 10
38861.95779442057
 20
38482.08983668969
 10
38862.20735061271
 20
38482.08983668969
 10
38862.20735061271
 20
38480.32407210751
 10
38857.77292236678
 20
38480.32407210751
 10
38857.77292236678
 20
38482.47605957081
  0
LWPOLYLINE
  5
60B
330
1F
100
AcDbEntity
  8
Walls
100
AcDbPolyline
 90
        4
 70
     0
 43
0.0
 10
38861.95779442057
 20
38483.05419046733
 10
38861.95779442057
 20
38482.85756066776
 10
38857.77292236678
 20
38482.85756066776
 10
38857.77292236678
 20
38483.09144161105
  0
LWPOLYLINE
  5
60C
330
1F
100
AcDbEntity
  8
Walls
100
AcDbPolyline
 90
        2
 70
     0
 43
0.0
 10
38857.77292236678
 20
38483.3114647249
 10
38857.77292236678
 20
38485.35266217804
  0
LWPOLYLINE
  5
60D
330
1F
100
AcDbEntity
  8
Walls
100
AcDbPolyline
 90
        2
 70
     0
 43
0.0
 10
38857.77292236678
 20
38482.72484119855
 10
38857.77292236678
 20
38482.85756066776
  0
LWPOLYLINE
  5
60F
330
1F
100
AcDbEntity
  8
Walls
100
AcDbPolyline
 90
        4
 70
     0
 43
0.0
 10
38861.91940116025
 20
38485.44911548519
 10
38861.91940116025
 20
38485.35266217803
 10
38857.77292236678
 20
38485.35266217804
 10
38857.77292236678
 20
38485.4921426158
  0
LWPOLYLINE
  5
610
330
1F
100
AcDbEntity
  8
Walls
100
AcDbPolyline
 90
        2
 70
     0
 43
0.0
 10
38857.77292236678
 20
38485.78737044063
 10
38857.77292236678
 20
38487.82857016331
  0
LWPOLYLINE
  5
611
330
1F
100
AcDbEntity
  8
Walls
100
AcDbPolyline
 90
        2
 70
     0
 43
0.0
 10
38862.17089931997
 20
38488.22440455896
 10
38862.17089931997
 20
38488.99934795326
  0
LWPOLYLINE
  5
612
330
1F
100
AcDbEntity
  8
Walls
100
AcDbPolyline
 90
        6
 70
     0
 43
0.0
 10
38871.38959579829
 20
38493.90325841058
 10
38871.54492515831
 20
38493.90325841058
 10
38871.54492515831
 20
38493.76416379513
 10
38873.18932695621
 20
38493.76416379513
 10
38873.18932695622
 20
38498.11612366899
 10
38871.3303230473
 20
38498.11612366899
  0
LWPOLYLINE
  5
613
330
1F
100
AcDbEntity
  8
Walls
100
AcDbPolyline
 90
        2
 70
     0
 43
0.0
 10
38870.94711834796
 20
38490.33843958977
 10
38872.81657068363
 20
38490.33843958977
  0
LWPOLYLINE
  5
614
330
1F
100
AcDbEntity
  8
Walls
100
AcDbPolyline
 90
        3
 70
     0
 43
0.0
 10
38826.94786102425
 20
38472.20940742122
 10
38826.94786102425
 20
38474.30446566839
 10
38824.89939907721
 20
38474.3044656684
  0
LWPOLYLINE
  5
615
330
1F
100
AcDbEntity
  8
Walls
100
AcDbPolyline
 90
        2
 70
     0
 43
0.0
 10
38826.94786102425
 20
38471.05766315349
 10
38826.94786102426
 20
38469.97433766323
  0
LWPOLYLINE
  5
616
330
1F
100
AcDbEntity
  8
Walls
100
AcDbPolyline
 90
        2
 70
     0
 43
0.0
 10
38827.76100319196
 20
38471.07673866225
 10
38827.76100319196
 20
38469.97433766324
  0
LWPOLYLINE
  5
617
330
1F
100
AcDbEntity
  8
Walls
100
AcDbPolyline
 90
        2
 70
     0
 43
0.0
 10
38827.87515856501
 20
38473.47934040924
 10
38827.76100319196
 20
38473.47934040924
  0
LWPOLYLINE
  5
618
330
1F
100
AcDbEntity
  8
Walls
100
AcDbPolyline
 90
        2
 70
     0
 43
0.0
 10
38832.7268480658
 20
38473.47050507842
 10
38835.56640937916
 20
38473.47050507842
  0
LWPOLYLINE
  5
619
330
1F
100
AcDbEntity
  8
Walls
100
AcDbPolyline
 90
        3
 70
     0
 43
0.0
 10
38835.83352074468
 20
38473.47050507842
 10
38835.97896797384
 20
38473.47050507842
 10
38835.97896797384
 20
38469.97433766324
  0
LWPOLYLINE
  5
61A
330
1F
100
AcDbEntity
  8
Walls
100
AcDbPolyline
 90
        2
 70
     0
 43
0.0
 10
38836.15907144454
 20
38473.47050507842
 10
38835.97896797384
 20
38473.47050507842
  0
LWPOLYLINE
  5
61B
330
1F
100
AcDbEntity
  8
Walls
100
AcDbPolyline
 90
        3
 70
     0
 43
0.0
 10
38841.72037380203
 20
38472.7470281103
 10
38842.05776062077
 20
38472.7470281103
 10
38842.05776062077
 20
38469.97433766324
  0
LWPOLYLINE
  5
61C
330
1F
100
AcDbEntity
  8
Walls
100
AcDbPolyline
 90
        2
 70
     0
 43
0.0
 10
38842.64415069176
 20
38472.7470281103
 10
38842.47965508443
 20
38472.7470281103
  0
LWPOLYLINE
  5
61E
330
1F
100
AcDbEntity
  8
Walls
100
AcDbPolyline
 90
        4
 70
     0
 43
0.0
 10
38856.51533941148
 20
38477.9491020463
 10
38856.11592182037
 20
38477.9491020463
 10
38856.11592182036
 20
38476.74699888937
 10
38858.60035949954
 20
38476.74699888937
  0
LWPOLYLINE
  5
61F
330
1F
100
AcDbEntity
  8
Walls
100
AcDbPolyline
 90
        4
 70
     0
 43
0.0
 10
38856.76043602329
 20
38478.71687141524
 10
38856.88383377306
 20
38478.71687141524
 10
38856.88383377306
 20
38477.9491020463
 10
38858.23412497921
 20
38477.97110413074
  0
LWPOLYLINE
  5
621
330
1F
100
AcDbEntity
  8
Paths
100
AcDbPolyline
 90
        5
 70
     0
 43
0.0
 10
38829.61697795197
 20
38492.08743451887
 10
38829.61697795197
 20
38493.20058634297
 10
38827.35049608438
 20
38493.20058634297
 10
38827.35049608438
 20
38493.44574464533
 10
38826.36305230789
 20
38493.44574464533
  0
LWPOLYLINE
  5
623
330
1F
100
AcDbEntity
  8
Paths
100
AcDbPolyline
 90
        3
 70
     0
 43
0.0
 10
38827.35049608438
 20
38493.44574464533
 10
38827.35049608438
 20
38495.55465050901
 10
38826.31957841157
 20
38495.55465050901
  0
LWPOLYLINE
  5
624
330
1F
100
AcDbEntity
  8
Paths
100
AcDbPolyline
 90
        3
 70
     0
 43
0.0
 10
38827.35049608438
 20
38495.55465050901
 10
38827.35049608438
 20
38496.4978067552
 10
38828.1214492064
 20
38496.4978067552
  0
LWPOLYLINE
  5
625
330
1F
100
AcDbEntity
  8
Paths
100
AcDbPolyline
 90
        3
 70
     0
 43
0.0
 10
38827.35049608438
 20
38496.4978067552
 10
38827.35049608438
 20
38497.92049019879
 10
38826.59502527898
 20
38497.92049019879
  0
LWPOLYLINE
  5
626
330
1F
100
AcDbEntity
  8
Paths
100
AcDbPolyline
 90
        4
 70
     0
 43
0.0
 10
38827.35049608438
 20
38497.92049019879
 10
38827.35049608438
 20
38498.74707704362
 10
38830.25176361845
 20
38498.74707704362
 10
38830.25176361845
 20
38497.8357125555
  0
LWPOLYLINE
  5
627
330
1F
100
AcDbEntity
  8
Paths
100
AcDbPolyline
 90
        3
 70
     0
 43
0.0
 10
38830.25176361845
 20
38498.74707704362
 10
38833.18926741309
 20
38498.74707704362
 10
38833.18926741309
 20
38497.79500149351
  0
LWPOLYLINE
  5
628
330
1F
100
AcDbEntity
  8
Paths
100
AcDbPolyline
 90
        3
 70
     0
 43
0.0
 10
38827.35049608438
 20
38493.20058634297
 10
38827.35049608438
 20
38491.95264749599
 10
38826.09525577775
 20
38491.95264749599
  0
LWPOLYLINE
  5
629
330
1F
100
AcDbEntity
  8
Paths
100
AcDbPolyline
 90
        3
 70
     0
 43
0.0
 10
38827.35049608438
 20
38491.95264749599
 10
38827.35049608438
 20
38491.14043707117
 10
38826.00869263894
 20
38491.14043707117
  0
LWPOLYLINE
  5
62A
330
1F
100
AcDbEntity
  8
Paths
100
AcDbPolyline
 90
        2
 70
     0
 43
0.0
 10
38828.2433978263
 20
38493.20058634297
 10
38828.2433978263
 20
38492.17460312568
  0
LWPOLYLINE
  5
62B
330
1F
100
AcDbEntity
  8
Paths
100
AcDbPolyline
 90
        3
 70
     0
 43
0.0
 10
38829.61697795197
 20
38493.20058634297
 10
38830.34285578899
 20
38493.20058634297
 10
38830.34285578899
 20
38494.09547735337
  0
LWPOLYLINE
  5
62D
330
1F
100
AcDbEntity
  8
Paths
100
AcDbPolyline
 90
        2
 70
     0
 43
0.0
 10
38830.19352328902
 20
38493.20058634297
 10
38830.19352328902
 20
38492.12252278812
  0
LWPOLYLINE
  5
62E
330
1F
100
AcDbEntity
  8
Paths
100
AcDbPolyline
 90
        3
 70
     0
 43
0.0
 10
38830.34285578899
 20
38493.20058634297
 10
38833.28683726095
 20
38493.20058634297
 10
38833.28683726095
 20
38492.25049777774
  0
LWPOLYLINE
  5
62F
330
1F
100
AcDbEntity
  8
Paths
100
AcDbPolyline
 90
        3
 70
     0
 43
0.0
 10
38833.28683726095
 20
38493.20058634297
 10
38833.9464264214
 20
38493.20058634297
 10
38833.9464264214
 20
38491.98972161536
  0
LWPOLYLINE
  5
630
330
1F
100
AcDbEntity
  8
Paths
100
AcDbPolyline
 90
        4
 70
     0
 43
0.0
 10
38833.9464264214
 20
38493.20058634297
 10
38836.94895674723
 20
38493.20058634297
 10
38837.40089294207
 20
38493.20058634297
 10
38837.40089294207
 20
38492.18991573218
  0
LWPOLYLINE
  5
631
330
1F
100
AcDbEntity
  8
Paths
100
AcDbPolyline
 90
        3
 70
     0
 43
0.0
 10
38836.94895674723
 20
38493.20058634297
 10
38836.94895674723
 20
38494.56385995995
 10
38835.9503593453
 20
38494.56385995995
  0
LWPOLYLINE
  5
632
330
1F
100
AcDbEntity
  8
Paths
100
AcDbPolyline
 90
        3
 70
     0
 43
0.0
 10
38836.94895674723
 20
38494.56385995995
 10
38836.94895674723
 20
38494.90675272647
 10
38837.82590336886
 20
38494.90675272647
  0
LWPOLYLINE
  5
633
330
1F
100
AcDbEntity
  8
Paths
100
AcDbPolyline
 90
        3
 70
     0
 43
0.0
 10
38836.94895674723
 20
38494.90675272647
 10
38836.94895674723
 20
38495.77470085737
 10
38838.0295334965
 20
38495.77470085737
  0
LWPOLYLINE
  5
634
330
1F
100
AcDbEntity
  8
Paths
100
AcDbPolyline
 90
        3
 70
     0
 43
0.0
 10
38836.94895674723
 20
38495.77470085737
 10
38836.94895674723
 20
38497.39332188991
 10
38835.88766744915
 20
38497.39332188991
  0
LWPOLYLINE
  5
635
330
1F
100
AcDbEntity
  8
Paths
100
AcDbPolyline
 90
        3
 70
     0
 43
0.0
 10
38833.18926741309
 20
38498.74707704362
 10
38836.95041389072
 20
38498.74707704362
 10
38836.94895674723
 20
38497.39332188991
  0
LWPOLYLINE
  5
636
330
1F
100
AcDbEntity
  8
Paths
100
AcDbPolyline
 90
        4
 70
     0
 43
0.0
 10
38836.95041389072
 20
38498.74707704362
 10
38840.50108126559
 20
38498.74707704362
 10
38842.36361784595
 20
38497.1423978136
 10
38842.36361784595
 20
38496.36672135693
  0
LWPOLYLINE
  5
637
330
1F
100
AcDbEntity
  8
Paths
100
AcDbPolyline
 90
        5
 70
     0
 43
0.0
 10
38837.40089294207
 20
38493.20058634297
 10
38837.90360477796
 20
38493.20058634297
 10
38840.1541061488
 20
38493.20058634297
 10
38840.1541061488
 20
38492.05236894503
 10
38840.630174029
 20
38492.05236894503
  0
LWPOLYLINE
  5
638
330
1F
100
AcDbEntity
  8
Paths
100
AcDbPolyline
 90
        2
 70
     0
 43
0.0
 10
38840.1541061488
 20
38493.20058634297
 10
38840.1541061488
 20
38494.21069183757
  0
LWPOLYLINE
  5
639
330
1F
100
AcDbEntity
  8
Paths
100
AcDbPolyline
 90
        3
 70
     0
 43
0.0
 10
38840.1541061488
 20
38493.20058634297
 10
38844.42697444404
 20
38493.20058634297
 10
38844.42697444404
 20
38491.9614953093
  0
LWPOLYLINE
  5
63A
330
1F
100
AcDbEntity
  8
Paths
100
AcDbPolyline
 90
        3
 70
     0
 43
0.0
 10
38844.42697444404
 20
38493.20058634297
 10
38845.8978759953
 20
38493.20058634297
 10
38845.8978759953
 20
38494.0203747718
  0
LWPOLYLINE
  5
63B
330
1F
100
AcDbEntity
  8
Paths
100
AcDbPolyline
 90
        3
 70
     0
 43
0.0
 10
38843.14642444969
 20
38493.20058634297
 10
38843.1464244497
 20
38497.1423978136
 10
38842.36361784595
 20
38497.1423978136
  0
LWPOLYLINE
  5
63C
330
1F
100
AcDbEntity
  8
Paths
100
AcDbPolyline
 90
        3
 70
     0
 43
0.0
 10
38843.1464244497
 20
38497.1423978136
 10
38845.82865700449
 20
38497.1423978136
 10
38845.82865700449
 20
38495.97544533836
  0
LWPOLYLINE
  5
63D
330
1F
100
AcDbEntity
  8
Paths
100
AcDbPolyline
 90
        4
 70
     0
 43
0.0
 10
38845.82865700449
 20
38497.1423978136
 10
38851.94250390282
 20
38497.1423978136
 10
38853.91589424419
 20
38497.1423978136
 10
38853.91589424419
 20
38496.05379904024
  0
LWPOLYLINE
  5
63E
330
1F
100
AcDbEntity
  8
Paths
100
AcDbPolyline
 90
        5
 70
     0
 43
0.0
 10
38853.91589424419
 20
38497.1423978136
 10
38856.67514571468
 20
38497.1423978136
 10
38856.67514571468
 20
38492.51117861932
 10
38855.19073854007
 20
38492.51117861932
 10
38855.19073854007
 20
38491.76077011942
  0
LWPOLYLINE
  5
63F
330
1F
100
AcDbEntity
  8
Paths
100
AcDbPolyline
 90
        3
 70
     0
 43
0.0
 10
38855.19073854007
 20
38492.51117861932
 10
38853.91589424419
 20
38492.51117861932
 10
38853.91589424419
 20
38493.95963953209
  0
LWPOLYLINE
  5
640
330
1F
100
AcDbEntity
  8
Paths
100
AcDbPolyline
 90
        3
 70
     0
 43
0.0
 10
38856.67514571468
 20
38492.51117861932
 10
38859.62649838277
 20
38492.51117861932
 10
38859.62649838277
 20
38491.93528435741
  0
LWPOLYLINE
  5
641
330
1F
100
AcDbEntity
  8
Paths
100
AcDbPolyline
 90
        3
 70
     0
 43
0.0
 10
38856.67514571468
 20
38492.51117861932
 10
38856.67514571468
 20
38485.61794565279
 10
38858.37471194698
 20
38485.61794565279
  0
LWPOLYLINE
  5
642
330
1F
100
AcDbEntity
  8
Paths
100
AcDbPolyline
 90
        3
 70
     0
 43
0.0
 10
38856.67514571468
 20
38485.61794565279
 10
38856.67514571468
 20
38483.13978287655
 10
38858.24560983434
 20
38483.13978287655
  0
LWPOLYLINE
  5
643
330
1F
100
AcDbEntity
  8
Paths
100
AcDbPolyline
 90
        3
 70
     0
 43
0.0
 10
38856.67514571468
 20
38483.13978287655
 10
38856.67514571468
 20
38482.57445106767
 10
38858.24560983434
 20
38482.57445106767
  0
LWPOLYLINE
  5
644
330
1F
100
AcDbEntity
  8
Paths
100
AcDbPolyline
 90
        7
 70
     0
 43
0.0
 10
38856.67514571468
 20
38482.57445106767
 10
38855.34524383268
 20
38482.57445106767
 10
38855.34524383268
 20
38473.75565953674
 10
38841.96070364468
 20
38473.75565953674
 10
38841.96070364468
 20
38473.10582016019
 10
38842.41775920802
 20
38473.10582016019
 10
38842.41775920802
 20
38472.34824444355
  0
LWPOLYLINE
  5
645
330
1F
100
AcDbEntity
  8
Paths
100
AcDbPolyline
 90
        3
 70
     0
 43
0.0
 10
38841.96070364468
 20
38473.10582016019
 10
38841.59275821617
 20
38473.10582016019
 10
38841.59275821617
 20
38472.45965290417
  0
LWPOLYLINE
  5
646
330
1F
100
AcDbEntity
  8
Paths
100
AcDbPolyline
 90
        4
 70
     0
 43
0.0
 10
38841.96070364468
 20
38473.75565953674
 10
38839.12937632734
 20
38473.75565953674
 10
38836.24743898379
 20
38473.75565953674
 10
38836.24743898379
 20
38473.05040699876
  0
LWPOLYLINE
  5
647
330
1F
100
AcDbEntity
  8
Paths
100
AcDbPolyline
 90
        3
 70
     0
 43
0.0
 10
38836.24743898379
 20
38473.75565953674
 10
38835.68614623955
 20
38473.75565953674
 10
38835.68614623955
 20
38473.0018251617
  0
LWPOLYLINE
  5
648
330
1F
100
AcDbEntity
  8
Paths
100
AcDbPolyline
 90
        3
 70
     0
 43
0.0
 10
38835.68614623955
 20
38473.75565953674
 10
38832.58798803346
 20
38473.75565953674
 10
38832.58798803346
 20
38473.0327408762
  0
LWPOLYLINE
  5
649
330
1F
100
AcDbEntity
  8
Paths
100
AcDbPolyline
 90
        3
 70
     0
 43
0.0
 10
38832.58798803346
 20
38473.75565953674
 10
38827.97330940043
 20
38473.75565953674
 10
38827.97330940043
 20
38472.92267485024
  0
LWPOLYLINE
  5
64A
330
1F
100
AcDbEntity
  8
Paths
100
AcDbPolyline
 90
        4
 70
     0
 43
0.0
 10
38827.97330940043
 20
38473.75565953674
 10
38827.3366004648
 20
38473.75565953674
 10
38827.3366004648
 20
38472.06328289639
 10
38826.42915399996
 20
38472.06328289639
  0
LWPOLYLINE
  5
64B
330
1F
100
AcDbEntity
  8
Paths
100
AcDbPolyline
 90
        3
 70
     0
 43
0.0
 10
38827.3366004648
 20
38472.06328289639
 10
38827.3366004648
 20
38471.21314954312
 10
38826.38378221096
 20
38471.21314954312
  0
LWPOLYLINE
  5
64C
330
1F
100
AcDbEntity
  8
Paths
100
AcDbPolyline
 90
        2
 70
     0
 43
0.0
 10
38827.3366004648
 20
38471.21314954312
 10
38828.34613512439
 20
38471.21314954312
  0
LWPOLYLINE
  5
64D
330
1F
100
AcDbEntity
  8
Paths
100
AcDbPolyline
 90
        5
 70
     0
 43
0.0
 10
38859.62649838277
 20
38492.51117861932
 10
38862.86976323912
 20
38492.51117861932
 10
38862.86976323912
 20
38493.0922803476
 10
38863.95122148676
 20
38493.0922803476
 10
38863.95122148676
 20
38494.53931712215
  0
LWPOLYLINE
  5
64E
330
1F
100
AcDbEntity
  8
Paths
100
AcDbPolyline
 90
        2
 70
     0
 43
0.0
 10
38863.95122148676
 20
38493.0922803476
 10
38863.95122148676
 20
38491.571975917
  0
LWPOLYLINE
  5
64F
330
1F
100
AcDbEntity
  8
Paths
100
AcDbPolyline
 90
        3
 70
     0
 43
0.0
 10
38863.95122148676
 20
38493.0922803476
 10
38866.40741782836
 20
38493.0922803476
 10
38866.40741782836
 20
38494.39278181003
  0
LWPOLYLINE
  5
650
330
1F
100
AcDbEntity
  8
Paths
100
AcDbPolyline
 90
        2
 70
     0
 43
0.0
 10
38866.40741782836
 20
38493.0922803476
 10
38866.40741782836
 20
38491.51702574234
  0
LWPOLYLINE
  5
651
330
1F
100
AcDbEntity
  8
Paths
100
AcDbPolyline
 90
        3
 70
     0
 43
0.0
 10
38866.40741782836
 20
38493.0922803476
 10
38871.20982889969
 20
38493.0922803476
 10
38871.20982889969
 20
38494.42941563806
  0
LWPOLYLINE
  5
652
330
1F
100
AcDbEntity
  8
Paths
100
AcDbPolyline
 90
        4
 70
     0
 43
0.0
 10
38871.20982889969
 20
38493.0922803476
 10
38872.45625689395
 20
38493.0922803476
 10
38872.45625689395
 20
38491.15068632727
 10
38873.77600284637
 20
38491.15068632727
  0
LWPOLYLINE
  5
653
330
1F
100
AcDbEntity
  8
Walls
100
AcDbPolyline
 90
       10
 70
     0
 43
0.0
 10
38872.81657068363
 20
38492.83680016377
 10
38872.81657068363
 20
38492.19272202207
 10
38872.81657068363
 20
38491.48238911213
 10
38874.58529446898
 20
38491.48238911213
 10
38875.10370231807
 20
38491.48238911213
 10
38875.10370231807
 20
38490.26703976758
 10
38872.81657068363
 20
38490.26703976759
 10
38872.81657068363
 20
38490.92833352755
 10
38873.58423287845
 20
38490.92833352755
 10
38873.58423287845
 20
38490.26703976759
  0
LWPOLYLINE
  5
654
330
1F
100
AcDbEntity
  8
Paths
100
AcDbPolyline
 90
        3
 70
     0
 43
0.0
 10
38872.45625689395
 20
38493.0922803476
 10
38873.45555815895
 20
38493.0922803476
 10
38873.45555815895
 20
38493.98339256893
  0
LWPOLYLINE
  5
655
330
1F
100
AcDbEntity
  8
Paths
100
AcDbPolyline
 90
        2
 70
     0
 43
0.0
 10
38873.05144325008
 20
38493.0922803476
 10
38873.05144325008
 20
38491.96423578245
  0
LWPOLYLINE
  5
656
330
1F
100
AcDbEntity
  8
Paths
100
AcDbPolyline
 90
        4
 70
     0
 43
0.0
 10
38862.86976323912
 20
38492.51117861932
 10
38862.86976323912
 20
38489.7044745316
 10
38862.86976323912
 20
38488.14717881995
 10
38861.57602950189
 20
38488.14717881995
  0
LWPOLYLINE
  5
657
330
1F
100
AcDbEntity
  8
Paths
100
AcDbPolyline
 90
        3
 70
     0
 43
0.0
 10
38862.86976323912
 20
38488.14717881995
 10
38862.86976323912
 20
38485.59119454967
 10
38861.52516437539
 20
38485.59119454967
  0
LWPOLYLINE
  5
658
330
1F
100
AcDbEntity
  8
Paths
100
AcDbPolyline
 90
        3
 70
     0
 43
0.0
 10
38862.86976323912
 20
38487.17032439957
 10
38863.88617358591
 20
38487.17032439957
 10
38863.88617358591
 20
38488.52608242496
  0
LWPOLYLINE
  5
659
330
1F
100
AcDbEntity
  8
Paths
100
AcDbPolyline
 90
        2
 70
     0
 43
0.0
 10
38863.88617358591
 20
38487.17032439957
 10
38863.88617358591
 20
38485.74027855855
  0
LWPOLYLINE
  5
65A
330
1F
100
AcDbEntity
  8
Paths
100
AcDbPolyline
 90
        3
 70
     0
 43
0.0
 10
38862.86976323912
 20
38485.59119454967
 10
38862.86976323912
 20
38483.10594512547
 10
38861.63802020616
 20
38483.10594512547
  0
LWPOLYLINE
  5
65B
330
1F
100
AcDbEntity
  8
Paths
100
AcDbPolyline
 90
        3
 70
     0
 43
0.0
 10
38862.86976323912
 20
38483.10594512547
 10
38862.86976323912
 20
38482.53365603259
 10
38861.63067839331
 20
38482.53365603259
  0
LWPOLYLINE
  5
65C
330
1F
100
AcDbEntity
  8
Paths
100
AcDbPolyline
 90
        4
 70
     0
 43
0.0
 10
38862.86976323912
 20
38482.53365603259
 10
38862.86976323912
 20
38481.54315598503
 10
38863.87739199241
 20
38481.54315598503
 10
38863.87739199241
 20
38482.8491486067
  0
LWPOLYLINE
  5
65D
330
1F
100
AcDbEntity
  8
Paths
100
AcDbPolyline
 90
        3
 70
     0
 43
0.0
 10
38863.87739199241
 20
38481.54315598503
 10
38866.45450453235
 20
38481.54315598503
 10
38866.45450453235
 20
38482.5703420601
  0
LWPOLYLINE
  5
65E
330
1F
100
AcDbEntity
  8
Paths
100
AcDbPolyline
 90
        3
 70
     0
 43
0.0
 10
38863.88617358591
 20
38487.17032439957
 10
38866.36837145788
 20
38487.17032439957
 10
38866.36837145788
 20
38488.34079466644
  0
LWPOLYLINE
  5
65F
330
1F
100
AcDbEntity
  8
Paths
100
AcDbPolyline
 90
        2
 70
     0
 43
0.0
 10
38866.36837145788
 20
38487.17032439957
 10
38866.36837145788
 20
38485.66546534371
  0
LWPOLYLINE
  5
660
330
1F
100
AcDbEntity
  8
Paths
100
AcDbPolyline
 90
        3
 70
     0
 43
0.0
 10
38862.86976323912
 20
38481.54315598503
 10
38862.86976323912
 20
38479.69550856163
 10
38855.34524383268
 20
38479.69550856163
  0
LWPOLYLINE
  5
661
330
1F
100
AcDbEntity
  8
Paths
100
AcDbPolyline
 90
        2
 70
     0
 43
0.0
 10
38862.86976323912
 20
38489.7044745316
 10
38856.67514571468
 20
38489.7044745316
  0
LWPOLYLINE
  5
662
330
1F
100
AcDbEntity
  8
Paths
100
AcDbPolyline
 90
        3
 70
     0
 43
0.0
 10
38855.34524383268
 20
38478.37491483519
 10
38856.67678182906
 20
38478.37491483519
 10
38856.67678182906
 20
38478.89564672017
  0
LWPOLYLINE
  5
663
330
1F
100
AcDbEntity
  8
Paths
100
AcDbPolyline
 90
        2
 70
     0
 43
0.0
 10
38856.67678182906
 20
38478.37491483519
 10
38856.67678182906
 20
38477.6884938301
  0
LWPOLYLINE
  5
664
330
1F
100
AcDbEntity
  8
Paths
100
AcDbPolyline
 90
        2
 70
     0
 43
0.0
 10
38863.87739199241
 20
38481.54315598503
 10
38863.87739199241
 20
38480.25324080584
  0
MTEXT
  5
674
102
{ACAD_XDICTIONARY
360
675
102
}
330
1F
100
AcDbEntity
  8
Rooms
100
AcDbMText
 10
38825.62588862067
 20
38498.47158516455
 30
0.0
 40
0.1
 41
0.0444114900310524
 46
0.0
 71
     1
 72
     5
  1
AB215
 73
     1
 44
1.0
1001
AcadAnnotative
1000
AnnotativeData
1002
{
1070
     1
1070
     1
1002
}
  0
MTEXT
  5
679
330
1F
100
AcDbEntity
  8
Rooms
100
AcDbMText
 10
38825.6647653695
 20
38496.61026139057
 30
0.0
 40
0.1
 41
0.4345395634379264
 46
0.0
 71
     1
 72
     1
  1
AB214
 73
     1
 44
1.0
  0
MTEXT
  5
67A
330
1F
100
AcDbEntity
  8
Rooms
100
AcDbMText
 10
38825.70889905398
 20
38494.12061042871
 30
0.0
 40
0.1
 41
0.4333219645293316
 46
0.0
 71
     1
 72
     1
  1
AB213
 73
     1
 44
1.0
  0
MTEXT
  5
67B
330
1F
100
AcDbEntity
  8
Rooms
100
AcDbMText
 10
38828.75733140343
 20
38496.14021658469
 30
0.0
 40
0.1
 41
0.4333219645293316
 46
0.0
 71
     1
 72
     1
  1
AB212
 73
     1
 44
1.0
  0
MTEXT
  5
67C
330
1F
100
AcDbEntity
  8
Rooms
100
AcDbMText
 10
38831.66291694386
 20
38496.89298654407
 30
0.0
 40
0.1
 41
0.4333219645293316
 46
0.0
 71
     1
 72
     1
  1
AB211
 73
     1
 44
1.0
  0
MTEXT
  5
67D
330
1F
100
AcDbEntity
  8
Rooms
100
AcDbMText
 10
38831.52595346858
 20
38494.65422877874
 30
0.0
 40
0.1
 41
0.2572253045461725
 46
0.0
 71
     1
 72
     1
  1
AB214\P
 73
     1
 44
1.0
  0
MTEXT
  5
67E
330
1F
100
AcDbEntity
  8
Rooms
100
AcDbMText
 10
38834.77394769719
 20
38496.228202227
 30
0.0
 40
0.1
 41
0.4333219645293316
 46
0.0
 71
     1
 72
     1
  1
AB207
 73
     1
 44
1.0
  0
MTEXT
  5
67F
330
1F
100
AcDbEntity
  8
Rooms
100
AcDbMText
 10
38831.57072824278
 20
38491.77109669636
 30
0.0
 40
0.1
 41
0.4333219645293316
 46
0.0
 71
     1
 72
     1
  1
AB209
 73
     1
 44
1.0
  0
MTEXT
  5
680
330
1F
100
AcDbEntity
  8
Rooms
100
AcDbMText
 10
38835.43525177263
 20
38491.84927110434
 30
0.0
 40
0.1
 41
0.4333219645293316
 46
0.0
 71
     1
 72
     1
  1
AB208
 73
     1
 44
1.0
  0
MTEXT
  5
681
330
1F
100
AcDbEntity
  8
Rooms
100
AcDbMText
 10
38838.37667155694
 20
38497.00876841403
 30
0.0
 40
0.1
 41
0.4333219645293316
 46
0.0
 71
     1
 72
     1
  1
AB206
 73
     1
 44
1.0
  0
MTEXT
  5
682
330
1F
100
AcDbEntity
  8
Rooms
100
AcDbMText
 10
38838.40796341307
 20
38494.67917672996
 30
0.0
 40
0.1
 41
0.4333219645293316
 46
0.0
 71
     1
 72
     1
  1
AB205
 73
     1
 44
1.0
  0
MTEXT
  5
683
330
1F
100
AcDbEntity
  8
Rooms
100
AcDbMText
 10
38840.92881098126
 20
38494.98000578688
 30
0.0
 40
0.1
 41
0.4333219645293316
 46
0.0
 71
     1
 72
     1
  1
AB204
 73
     1
 44
1.0
  0
MTEXT
  5
684
330
1F
100
AcDbEntity
  8
Rooms
100
AcDbMText
 10
38840.37930894536
 20
38496.43908248694
 30
0.0
 40
0.1
 41
0.4333219645293316
 46
0.0
 71
     1
 72
     1
  1
AB203
 73
     1
 44
1.0
  0
MTEXT
  5
685
330
1F
100
AcDbEntity
  8
Rooms
100
AcDbMText
 10
38844.55551960998
 20
38496.01547909815
 30
0.0
 40
0.1
 41
0.4333219645293316
 46
0.0
 71
     1
 72
     1
  1
AB201
 73
     1
 44
1.0
  0
MTEXT
  5
686
330
1F
100
AcDbEntity
  8
Rooms
100
AcDbMText
 10
38844.68111977005
 20
38494.55640239808
 30
0.0
 40
0.1
 41
0.4333219645293316
 46
0.0
 71
     1
 72
     1
  1
AB202
 73
     1
 44
1.0
  0
MTEXT
  5
689
330
1F
100
AcDbEntity
  8
Rooms
100
AcDbMText
 10
38828.05477721161
 20
38491.84220601704
 30
0.0
 40
0.1
 41
0.4333219645293316
 46
0.0
 71
     1
 72
     1
  1
   
  7
Annotative
 73
     1
 44
1.0
  0
MTEXT
  5
68D
102
{ACAD_XDICTIONARY
360
68E
102
}
330
1F
100
AcDbEntity
  8
Rooms
100
AcDbMText
 10
38827.84152539582
 20
38491.88431950023
 30
0.0
 40
0.1
 41
0.0
 46
0.0
 71
     1
 72
     5
  1
ASANSÖR A
 73
     1
 44
1.0
1001
AcadAnnotative
1000
AnnotativeData
1002
{
1070
     1
1070
     1
1002
}
  0
MTEXT
  5
692
330
1F
100
AcDbEntity
  8
Rooms
100
AcDbMText
 10
38843.97343552491
 20
38491.8347776465
 30
0.0
 40
0.1
 41
0.8561152796725785
 46
0.0
 71
     1
 72
     1
  1
ASANSÖR B
 73
     1
 44
1.0
  0
MTEXT
  5
693
330
1F
100
AcDbEntity
  8
Rooms
100
AcDbMText
 10
38854.56450875008
 20
38491.4126564405
 30
0.0
 40
0.1
 41
0.8561152796725785
 46
0.0
 71
     1
 72
     1
  1
ASANSÖR C
 73
     1
 44
1.0
  0
MTEXT
  5
694
330
1F
100
AcDbEntity
  8
Rooms
100
AcDbMText
 10
38829.02459636334
 20
38491.37281837848
 30
0.0
 40
0.1
 41
0.9021691678035471
 46
0.0
 71
     1
 72
     1
  1
MERDIVEN A
 73
     1
 44
1.0
  0
MTEXT
  5
695
330
1F
100
AcDbEntity
  8
Rooms
100
AcDbMText
 10
38841.00214897349
 20
38492.18190878454
 30
0.0
 40
0.1
 41
0.9021691678035471
 46
0.0
 71
     1
 72
     1
  1
MERDIVEN B
 73
     1
 44
1.0
  0
MTEXT
  5
696
330
1F
100
AcDbEntity
  8
Rooms
100
AcDbMText
 10
38858.98560900794
 20
38491.39707979295
 30
0.0
 40
0.1
 41
0.9021691678035471
 46
0.0
 71
     1
 72
     1
  1
MERDIVEN C
 73
     1
 44
1.0
  0
MTEXT
  5
697
330
1F
100
AcDbEntity
  8
Rooms
100
AcDbMText
 10
38854.56182151569
 20
38495.78256762527
 30
0.0
 40
0.1
 41
0.9021691678035471
 46
0.0
 71
     1
 72
     1
  1
CB201
 73
     1
 44
1.0
  0
MTEXT
  5
698
330
1F
100
AcDbEntity
  8
Rooms
100
AcDbMText
 10
38854.65404627805
 20
38494.47269473797
 30
0.0
 40
0.1
 41
0.4142701227830833
 46
0.0
 71
     1
 72
     1
  1
CB202
 73
     1
 44
1.0
  0
MTEXT
  5
699
330
1F
100
AcDbEntity
  8
Rooms
100
AcDbMText
 10
38864.81869734344
 20
38496.35326982571
 30
0.0
 40
0.1
 41
0.4142701227830833
 46
0.0
 71
     1
 72
     1
  1
CB203
 73
     1
 44
1.0
  0
MTEXT
  5
69A
330
1F
100
AcDbEntity
  8
Rooms
100
AcDbMText
 10
38867.5116721578
 20
38496.45148429822
 30
0.0
 40
0.1
 41
0.4142701227830833
 46
0.0
 71
     1
 72
     1
  1
CB204
 73
     1
 44
1.0
  0
MTEXT
  5
69B
330
1F
100
AcDbEntity
  8
Rooms
100
AcDbMText
 10
38864.72041428327
 20
38490.42110660812
 30
0.0
 40
0.1
 41
0.4142701227830833
 46
0.0
 71
     1
 72
     1
  1
CB205
 73
     1
 44
1.0
  0
MTEXT
  5
69C
330
1F
100
AcDbEntity
  8
Rooms
100
AcDbMText
 10
38867.27579121065
 20
38490.44074950262
 30
0.0
 40
0.1
 41
0.4142701227830833
 46
0.0
 71
     1
 72
     1
  1
CB206
 73
     1
 44
1.0
  0
MTEXT
  5
69F
330
1F
100
AcDbEntity
  8
Rooms
100
AcDbMText
 10
38873.99840087543
 20
38491.99254043777
 30
0.0
 40
0.1
 41
0.0
 46
0.0
 71
     1
 72
     1
  1
WC KADIN
 73
     1
 44
1.0
  0
MTEXT
  5
6A0
330
1F
100
AcDbEntity
  8
Rooms
100
AcDbMText
 10
38874.07702785782
 20
38491.01039457794
 30
0.0
 40
0.1
 41
0.0
 46
0.0
 71
     1
 72
     1
  1
WC ERKEK
 73
     1
 44
1.0
  0
MTEXT
  5
6A1
330
1F
100
AcDbEntity
  8
Rooms
100
AcDbMText
 10
38860.37360964539
 20
38488.46236959488
 30
0.0
 40
0.1
 41
0.4142701227830833
 46
0.0
 71
     1
 72
     1
  1
CB210
 73
     1
 44
1.0
  0
MTEXT
  5
6A2
330
1F
100
AcDbEntity
  8
Rooms
100
AcDbMText
 10
38859.77631570683
 20
38486.60892348917
 30
0.0
 40
0.1
 41
0.4142701227830833
 46
0.0
 71
     1
 72
     1
  1
CB211
 73
     1
 44
1.0
  0
MTEXT
  5
6A3
330
1F
100
AcDbEntity
  8
Rooms
100
AcDbMText
 10
38859.90206278329
 20
38484.19001961494
 30
0.0
 40
0.1
 41
0.4142701227830833
 46
0.0
 71
     1
 72
     1
  1
CB212
 73
     1
 44
1.0
  0
MTEXT
  5
6A4
330
1F
100
AcDbEntity
  8
Rooms
100
AcDbMText
 10
38859.87062534637
 20
38481.67687183365
 30
0.0
 40
0.1
 41
0.4142701227830833
 46
0.0
 71
     1
 72
     1
  1
CB213
 73
     1
 44
1.0
  0
MTEXT
  5
6A5
330
1F
100
AcDbEntity
  8
Rooms
100
AcDbMText
 10
38864.71184104393
 20
38484.25284737329
 30
0.0
 40
0.1
 41
0.4142701227830833
 46
0.0
 71
     1
 72
     1
  1
CB207
 73
     1
 44
1.0
  0
MTEXT
  5
6A6
330
1F
100
AcDbEntity
  8
Rooms
100
AcDbMText
 10
38867.41537647574
 20
38484.158604601
 30
0.0
 40
0.1
 41
0.4142701227830833
 46
0.0
 71
     1
 72
     1
  1
CB208
 73
     1
 44
1.0
  0
MTEXT
  5
6A7
330
1F
100
AcDbEntity
  8
Rooms
100
AcDbMText
 10
38864.74327714525
 20
38478.72392293531
 30
0.0
 40
0.1
 41
0.4142701227830833
 46
0.0
 71
     1
 72
     1
  1
CB214
 73
     1
 44
1.0
  0
LWPOLYLINE
  5
6AA
330
1F
100
AcDbEntity
  8
Walls
100
AcDbPolyline
 90
        2
 70
     0
 43
0.0
 10
38860.2337211983
 20
38490.22886265033
 10
38859.96603285205
 20
38490.22886265033
  0
MTEXT
  5
6AB
330
1F
100
AcDbEntity
  8
Rooms
100
AcDbMText
 10
38860.9838843151
 20
38491.61144331948
 30
0.0
 40
0.1
 41
0.4142701227830833
 46
0.0000000000034305
 71
     1
 72
     1
  1
CB209
 73
     1
 44
1.0
  0
LWPOLYLINE
  5
6AC
330
1F
100
AcDbEntity
  8
Paths
100
AcDbPolyline
 90
        2
 70
     0
 43
0.0
 10
38860.44553189784
 20
38489.7044745316
 10
38860.44553189784
 20
38490.66138534303
  0
MTEXT
  5
6AD
330
1F
100
AcDbEntity
  8
Rooms
100
AcDbMText
 10
38871.90033327606
 20
38495.97611263403
 30
0.0
 40
0.1
 41
0.9042462482946795
 46
0.0
 71
     1
 72
     1
  1
BAY MESCIT
 73
     1
 44
1.0
  0
MTEXT
  5
6AE
330
1F
100
AcDbEntity
  8
Rooms
100
AcDbMText
 10
38873.63984607565
 20
38495.97687179615
 30
0.0
 40
0.1
 41
0.0
 46
0.0
 71
     1
 72
     1
  1
BAYAN MESCIT
 73
     1
 44
1.0
  0
MTEXT
  5
6AF
330
1F
100
AcDbEntity
  8
Rooms
100
AcDbMText
 10
38825.28277339821
 20
38492.3607204522
 30
0.0
 40
0.1
 41
0.7196009549795363
 46
0.0
 71
     1
 72
     1
  1
WC KADIN\P
 73
     1
 44
1.0
  0
MTEXT
  5
6B0
330
1F
100
AcDbEntity
  8
Rooms
100
AcDbMText
 10
38840.99133058454
 20
38471.81636120917
 30
0.0
 40
0.1
 41
0.7196009549795363
 46
0.0
 71
     1
 72
     1
  1
WC KADIN\P
 73
     1
 44
1.0
  0
MTEXT
  5
6B1
330
1F
100
AcDbEntity
  8
Rooms
100
AcDbMText
 10
38825.31236903779
 20
38490.99290774926
 30
0.0
 40
0.1
 41
0.7803376534788541
 46
0.0
 71
     1
 72
     1
  1
WC ERKEK\P
 73
     1
 44
1.0
  0
MTEXT
  5
6B2
330
1F
100
AcDbEntity
  8
Rooms
100
AcDbMText
 10
38842.35655116744
 20
38471.79856685742
 30
0.0
 40
0.1
 41
0.7803376534788541
 46
0.0
 71
     1
 72
     1
  1
WC ERKEK\P
 73
     1
 44
1.0
  0
MTEXT
  5
6B3
330
1F
100
AcDbEntity
  8
Rooms
100
AcDbMText
 10
38857.09560974691
 20
38477.49074406111
 30
0.0
 40
0.1
 41
0.7803376534788541
 46
0.0
 71
     1
 72
     1
  1
WC ERKEK\P
 73
     1
 44
1.0
  0
MTEXT
  5
6B4
330
1F
100
AcDbEntity
  8
Rooms
100
AcDbMText
 10
38857.23822816771
 20
38478.54506933115
 30
0.0
 40
0.1
 41
0.7196009549795363
 46
0.0
 71
     1
 72
     1
  1
WC KADIN\P
 73
     1
 44
1.0
  0
VIEWPORT
  5
350
102
{ACAD_XDICTIONARY
360
351
102
}
330
58
100
AcDbEntity
 67
     1
  8
0
348
9F
100
AcDbViewport
 10
5.249999639556164
 20
4.01612352170023
 30
0.0
 40
21.22481499403165
 41
9.025247021954053
 68
     1
 69
     1
 12
5.249999639556164
 22
4.01612352170023
 13
0.0
 23
0.0
 14
0.5
 24
0.5
 15
0.5
 25
0.5
 16
0.0
 26
0.0
 36
1.0
 17
0.0
 27
0.0
 37
0.0
 42
50.0
 43
0.0
 44
0.0
 45
9.025247021954053
 50
0.0
 51
0.0
 72
  1000
 90
   819232
  1

281
     0
 71
     1
 74
     0
110
0.0
120
0.0
130
0.0
111
1.0
121
0.0
131
0.0
112
0.0
122
1.0
132
0.0
 79
     0
146
0.0
170
     0
 61
     5
348
9F
292
     1
282
     1
141
0.0
142
0.0
 63
   250
421
  3355443
  0
VIEWPORT
  5
355
102
{ACAD_XDICTIONARY
360
356
102
}
330
58
100
AcDbEntity
 67
     1
  8
Rooms
348
9F
100
AcDbViewport
 10
5.24999976158142
 20
3.999999761581421
 30
0.0
 40
8.399999618530275
 41
6.399999618530272
 68
     2
 69
     2
 12
8498.118650391942
 22
15512.89689832721
 13
0.0
 23
0.0
 14
0.5
 24
0.5
 15
0.5
 25
0.5
 16
0.0
 26
0.0
 36
1.0
 17
0.0
 27
0.0
 37
0.0
 42
50.0
 43
0.0
 44
0.0
 45
29372.61147834867
 50
0.0
 51
0.0
 72
  1000
 90
   819808
  1

281
     0
 71
     1
 74
     0
110
0.0
120
0.0
130
0.0
111
1.0
121
0.0
131
0.0
112
0.0
122
1.0
132
0.0
 79
     0
146
0.0
170
     0
 61
     5
348
9F
292
     1
282
     1
141
0.0
142
0.0
 63
   250
421
  3355443
  0
ENDSEC
  0
SECTION
  2
OBJECTS
  0
DICTIONARY
  5
C
330
0
100
AcDbDictionary
281
     1
  3
ACAD_BACKGROUND
350
50F
  3
ACAD_CIP_PREVIOUS_PRODUCT_INFO
350
1A5
  3
ACAD_COLOR
350
73
  3
ACAD_DETAILVIEWSTYLE
350
1AB
  3
ACAD_GROUP
350
D
  3
ACAD_IMAGE_DICT
350
26C
  3
ACAD_IMAGE_VARS
350
26E
  3
ACAD_LAST_SAVED_VERSION_INFO
350
307
  3
ACAD_LAYOUT
350
1A
  3
ACAD_MATERIAL
350
72
  3
ACAD_MLEADERSTYLE
350
D7
  3
ACAD_MLINESTYLE
350
17
  3
ACAD_PLOTSETTINGS
350
19
  3
ACAD_PLOTSTYLENAME
350
E
  3
ACAD_RENDER_ACTIVE_RAPIDRT_SETTINGS
350
343
  3
ACAD_RENDER_RAPIDRT_SETTINGS
350
33C
  3
ACAD_SCALELIST
350
B6
  3
ACAD_SECTIONVIEWSTYLE
350
1A8
  3
ACAD_TABLESTYLE
350
86
  3
ACAD_VISUALSTYLE
350
99
  3
ACDB_RECOMPOSE_DATA
350
6C4
  3
AcDbVariableDictionary
350
66
  0
DICTIONARY
  5
18E
330
2
100
AcDbDictionary
280
     1
281
     1
  3
ACAD_LAYERSTATES
360
18F
  0
DICTIONARY
  5
E6
330
10
100
AcDbDictionary
280
     1
281
     1
  0
DICTIONARY
  5
15D
330
1F
100
AcDbDictionary
280
     1
281
     1
  3
ACAD_SORTENTS
360
290
  0
DICTIONARY
  5
385
330
383
100
AcDbDictionary
280
     1
281
     1
  3
ACAD_SORTENTS
360
386
  0
DICTIONARY
  5
363
330
362
100
AcDbDictionary
280
     1
281
     1
  3
ASDK_XREC_ANNOTATION_SCALE_INFO
360
364
  0
DICTIONARY
  5
367
330
366
100
AcDbDictionary
280
     1
281
     1
  3
ASDK_XREC_ANNOTATION_SCALE_INFO
360
368
  0
IMAGEDEF_REACTOR
  5
57E
330
57F
100
AcDbRasterImageDefReactor
 90
        2
330
57F
  0
DICTIONARY
  5
675
330
674
100
AcDbDictionary
280
     1
281
     1
  3
AcDbContextDataManager
360
676
  0
DICTIONARY
  5
68E
330
68D
100
AcDbDictionary
280
     1
281
     1
  3
AcDbContextDataManager
360
68F
  0
DICTIONARY
  5
351
330
350
100
AcDbDictionary
280
     1
281
     1
  3
ASDK_XREC_ANNOTATION_SCALE_INFO
360
352
  0
DICTIONARY
  5
356
330
355
100
AcDbDictionary
280
     1
281
     1
  3
ASDK_XREC_ANNOTATION_SCALE_INFO
360
357
  0
DICTIONARY
  5
50F
102
{ACAD_REACTORS
330
C
102
}
330
C
100
AcDbDictionary
281
     1
  0
XRECORD
  5
1A5
102
{ACAD_REACTORS
330
C
102
}
330
C
100
AcDbXrecord
280
     1
300
ACD
300
2027
300

  0
DICTIONARY
  5
73
102
{ACAD_REACTORS
330
C
102
}
330
C
100
AcDbDictionary
281
     1
  0
DICTIONARY
  5
1AB
102
{ACAD_REACTORS
330
C
102
}
330
C
100
AcDbDictionary
281
     1
  3
Imperial24
350
1AC
  0
DICTIONARY
  5
D
102
{ACAD_REACTORS
330
C
102
}
330
C
100
AcDbDictionary
281
     1
  0
DICTIONARY
  5
26C
102
{ACAD_REACTORS
330
C
102
}
330
C
100
AcDbDictionary
281
     1
  3
1
350
26D
  3
2
350
4E8
  3
IMG_3289
350
57D
  0
RASTERVARIABLES
  5
26E
102
{ACAD_REACTORS
330
C
102
}
330
C
100
AcDbRasterVariables
 90
        0
 70
     1
 71
     1
 72
     3
  0
XRECORD
  5
307
102
{ACAD_REACTORS
330
C
102
}
330
C
100
AcDbXrecord
280
     1
300
{F5B72F01-58E9-B549-8DAC-C62FC03B83EE}
301
{F1B68C8C-E94D-984A-9764-252389E13F1C}
302
{F5B72F01-58E9-B549-8DAC-C62FC03B83EE}
303
C:\Users\lenovo\campy\data\kat3_new.dxf
  0
DICTIONARY
  5
1A
102
{ACAD_REACTORS
330
C
102
}
330
C
100
AcDbDictionary
281
     1
  3
Layout1
350
59
  3
Layout2
350
5E
  3
Model
350
22
  0
DICTIONARY
  5
72
102
{ACAD_REACTORS
330
C
102
}
330
C
100
AcDbDictionary
281
     1
  3
ByBlock
350
97
  3
ByLayer
350
96
  3
Global
350
98
  0
DICTIONARY
  5
D7
102
{ACAD_REACTORS
330
C
102
}
330
C
100
AcDbDictionary
281
     1
  3
Annotative
350
E5
  3
Standard
350
D8
  0
DICTIONARY
  5
17
102
{ACAD_REACTORS
330
C
102
}
330
C
100
AcDbDictionary
281
     1
  3
Standard
350
18
  0
DICTIONARY
  5
19
102
{ACAD_REACTORS
330
C
102
}
330
C
100
AcDbDictionary
281
     1
  0
ACDBDICTIONARYWDFLT
  5
E
102
{ACAD_REACTORS
330
C
102
}
330
C
100
AcDbDictionary
281
     1
  3
Normal
350
F
100
AcDbDictionaryWithDefault
340
F
  0
ACAD_PROXY_OBJECT
  5
343
102
{ACAD_REACTORS
330
C
102
}
330
C
100
AcDbProxyObject
 90
      499
 91
      520
 71
    33
 97
      427
 70
     0
162
               534
311
419340194019001A401D401B4024690401C001C001B001A4019401CC008000D4008001C8019401B80190019401C801A401B8019C008001B0019401D8019401B001CC00
161
               201
310
40AE40E4150140502000000000000021000000000000000840CC
 94
        0
  0
DICTIONARY
  5
33C
102
{ACAD_REACTORS
330
C
102
}
330
C
100
AcDbDictionary
281
     1
  3
Coffee-Break Quality
350
340
  3
High
350
33F
  3
Low
350
33D
  3
Lunch Quality
350
341
  3
Medium
350
33E
  3
Overnight Quality
350
342
  0
DICTIONARY
  5
B6
102
{ACAD_REACTORS
330
C
102
}
330
C
100
AcDbDictionary
281
     1
  3
A0
350
B7
  3
A1
350
124
  3
A2
350
125
  3
A3
350
126
  3
A4
350
127
  3
A5
350
128
  3
A6
350
129
  3
A7
350
12A
  3
A8
350
12B
  3
A9
350
12C
  3
B0
350
12D
  3
B1
350
12E
  3
B2
350
12F
  3
B3
350
130
  3
B4
350
131
  3
B5
350
132
  3
B6
350
133
  3
B7
350
134
  3
B8
350
135
  3
B9
350
136
  3
C0
350
137
  3
C1
350
138
  3
C2
350
139
  3
C3
350
13A
  3
C4
350
13B
  3
C5
350
13C
  3
C6
350
13D
  3
C7
350
13E
  3
C8
350
13F
  3
C9
350
140
  3
D0
350
141
  3
D1
350
142
  3
D2
350
143
  0
DICTIONARY
  5
1A8
102
{ACAD_REACTORS
330
C
102
}
330
C
100
AcDbDictionary
281
     1
  3
Imperial24
350
1AA
  0
DICTIONARY
  5
86
102
{ACAD_REACTORS
330
C
102
}
330
C
100
AcDbDictionary
281
     1
  3
Standard
350
87
  0
DICTIONARY
  5
99
102
{ACAD_REACTORS
330
C
102
}
330
C
100
AcDbDictionary
281
     1
  3
2dWireframe
350
9F
  3
Basic
350
9E
  3
Brighten
350
A5
  3
ColorChange
350
A9
  3
Conceptual
350
A2
  3
Dim
350
A4
  3
EdgeColorOff
350
175
  3
Facepattern
350
A8
  3
Flat
350
9A
  3
FlatWithEdges
350
9B
  3
Gouraud
350
9C
  3
GouraudWithEdges
350
9D
  3
Hidden
350
A1
  3
JitterOff
350
173
  3
Linepattern
350
A7
  3
OverhangOff
350
174
  3
Realistic
350
A3
  3
Shaded
350
182
  3
Shaded with edges
350
181
  3
Shades of Gray
350
17E
  3
Sketchy
350
17F
  3
Thicken
350
A6
  3
Wireframe
350
A0
  3
X-Ray
350
180
  0
XRECORD
  5
6C4
102
{ACAD_REACTORS
330
C
102
}
330
C
100
AcDbXrecord
280
     1
 90
        1
330
87
  0
DICTIONARY
  5
66
102
{ACAD_REACTORS
330
C
102
}
330
C
100
AcDbDictionary
281
     1
  3
CANNOSCALE
350
F0
  3
CMLEADERSTYLE
350
EF
  3
CTABLESTYLE
350
89
  3
CVIEWDETAILSTYLE
350
1B7
  3
CVIEWSECTIONSTYLE
350
1B8
  3
DIMASSOC
350
67
  3
HIDETEXT
350
6B
  3
LAYEREVAL
350
14D
  3
LAYERNOTIFY
350
14E
  0
DICTIONARY
  5
18F
102
{ACAD_REACTORS
330
18E
102
}
330
18E
100
AcDbDictionary
281
     1
  0
SORTENTSTABLE
  5
290
102
{ACAD_REACTORS
330
15D
102
}
330
15D
100
AcDbSortentsTable
330
1F
331
371
  5
382
331
581
  5
582
331
582
  5
584
331
583
  5
586
331
584
  5
587
331
585
  5
58B
331
586
  5
58C
331
587
  5
58E
331
589
  5
58F
331
58A
  5
594
331
58B
  5
597
331
58C
  5
598
331
58D
  5
599
331
58E
  5
59C
331
58F
  5
5A0
331
593
  5
5A5
331
594
  5
5AA
331
595
  5
5AD
331
597
  5
5AE
331
598
  5
5AF
331
599
  5
5B1
331
59A
  5
5B2
331
59B
  5
5B4
331
59C
  5
5B6
331
59D
  5
5B8
331
5A0
  5
5BA
331
5A2
  5
5BC
331
5A4
  5
5BE
331
5A5
  5
5C1
331
5A6
  5
5C3
331
5A9
  5
5C5
331
5AA
  5
5C6
331
5AB
  5
5C8
331
5AC
  5
5C9
331
5AD
  5
5CB
331
5AE
  5
5CC
331
5AF
  5
5CE
331
5B0
  5
5D0
331
5B1
  5
5D2
331
5B2
  5
5D4
331
5B3
  5
5D5
331
5B4
  5
5D6
331
5B5
  5
5D9
331
5B6
  5
5DA
331
5B7
  5
5DB
331
5B8
  5
5DD
331
5B9
  5
5DE
331
5BA
  5
5DF
331
5BB
  5
5E2
331
5BC
  5
5E5
331
5BD
  5
5E8
331
5BE
  5
5EB
331
5C1
  5
5ED
331
5C2
  5
5EE
331
5C3
  5
5EF
331
5C4
  5
5F0
331
5C5
  5
5F2
331
5C6
  5
5F4
331
5C7
  5
5F5
331
5C8
  5
5F7
331
5C9
  5
5FA
331
5CA
  5
5FD
331
5CB
  5
600
331
5CC
  5
602
331
5CD
  5
604
331
5CE
  5
606
331
5CF
  5
608
331
5D0
  5
609
331
5D2
  5
60A
331
5D3
  5
60D
331
5D4
  5
610
331
5D5
  5
611
331
5D6
  5
612
331
5D7
  5
613
331
5D9
  5
615
331
5DA
  5
616
331
5DB
  5
617
331
5DD
  5
618
331
5DE
  5
619
331
5DF
  5
61A
331
5E0
  5
61B
331
5E1
  5
581
331
5E2
  5
583
331
5E3
  5
585
331
5E4
  5
58A
331
5E5
  5
589
331
5E6
  5
595
331
5E7
  5
593
331
5E8
  5
58D
331
5E9
  5
59A
331
5EA
  5
59B
331
5EB
  5
59D
331
5EC
  5
5A4
331
5ED
  5
5A2
331
5EE
  5
5B7
331
5EF
  5
5B9
331
5F0
  5
5A6
331
5F1
  5
5A9
331
5F2
  5
5AB
331
5F3
  5
5AC
331
5F4
  5
5BD
331
5F5
  5
5BB
331
5F6
  5
5B3
331
5F7
  5
5B5
331
5F8
  5
5B0
331
5F9
  5
5C4
331
5FA
  5
5C2
331
5FB
  5
61C
331
5FC
  5
61E
331
5FD
  5
61F
331
5FE
  5
5C7
331
5FF
  5
5CD
331
600
  5
5E3
331
601
  5
5CF
331
602
  5
5E0
331
603
  5
5E4
331
604
  5
5E1
331
605
  5
5E7
331
606
  5
5E9
331
607
  5
5EA
331
608
  5
5E6
331
609
  5
5EC
331
60A
  5
5FE
331
60B
  5
5FB
331
60C
  5
5FC
331
60D
  5
5FF
331
60F
  5
5F8
331
610
  5
5F9
331
611
  5
5F6
331
612
  5
5D3
331
613
  5
621
331
614
  5
603
331
615
  5
601
331
616
  5
607
331
617
  5
605
331
618
  5
60B
331
619
  5
60C
331
61A
  5
60F
331
61B
  5
614
331
61C
  5
623
331
61E
  5
5F3
331
61F
  5
5F1
331
621
  5
624
331
623
  5
625
331
624
  5
626
331
625
  5
627
331
626
  5
628
331
627
  5
629
331
628
  5
62A
331
629
  5
62B
331
62A
  5
62D
331
62B
  5
62E
331
62D
  5
62F
331
62E
  5
630
331
62F
  5
631
331
630
  5
632
331
631
  5
633
331
632
  5
634
331
633
  5
635
331
634
  5
636
331
635
  5
637
331
636
  5
638
331
637
  5
639
331
638
  5
63A
331
639
  5
63B
331
63A
  5
63C
331
63B
  5
63D
331
63C
  5
63E
331
63D
  5
63F
331
63E
  5
640
331
63F
  5
641
331
640
  5
642
331
641
  5
643
331
642
  5
644
331
643
  5
645
331
644
  5
646
331
645
  5
647
331
646
  5
648
331
647
  5
649
331
648
  5
64A
331
649
  5
64B
331
64A
  5
64C
331
64B
  5
64D
331
64C
  5
64E
331
64D
  5
64F
331
64E
  5
650
331
64F
  5
651
331
650
  5
652
331
651
  5
653
331
652
  5
654
331
653
  5
5D7
331
654
  5
655
331
655
  5
656
331
656
  5
657
331
657
  5
658
331
658
  5
659
331
659
  5
65A
331
65A
  5
65B
331
65B
  5
65C
331
65C
  5
65D
331
65D
  5
65E
331
65E
  5
65F
331
65F
  5
660
331
660
  5
661
331
661
  5
662
331
662
  5
663
331
663
  5
664
331
664
  5
674
331
674
  5
679
331
679
  5
67A
331
67A
  5
67B
331
67B
  5
67C
331
67C
  5
67D
331
67D
  5
67E
331
67E
  5
67F
331
67F
  5
680
331
680
  5
681
331
681
  5
682
331
682
  5
683
331
683
  5
684
331
684
  5
685
331
685
  5
686
331
686
  5
689
331
689
  5
68B
331
68D
  5
692
331
692
  5
693
331
693
  5
694
331
694
  5
695
331
695
  5
696
331
696
  5
697
331
697
  5
698
331
698
  5
699
331
699
  5
69A
331
69A
  5
69B
331
69B
  5
69C
331
69C
  5
69D
331
69F
  5
6A0
331
6A0
  5
6A1
331
6A1
  5
6A2
331
6A2
  5
6A3
331
6A3
  5
6A4
331
6A4
  5
6A5
331
6A5
  5
6A6
331
6A6
  5
6A7
331
6A7
  5
6A8
331
6AA
  5
5CA
  0
SORTENTSTABLE
  5
386
102
{ACAD_REACTORS
330
385
102
}
330
385
100
AcDbSortentsTable
330
383
  0
XRECORD
  5
364
102
{ACAD_REACTORS
330
363
102
}
330
363
100
AcDbXrecord
280
     1
 90
        1
340
B7
  0
XRECORD
  5
368
102
{ACAD_REACTORS
330
367
102
}
330
367
100
AcDbXrecord
280
     1
 90
        1
340
B7
  0
DICTIONARY
  5
676
102
{ACAD_REACTORS
330
675
102
}
330
675
100
AcDbDictionary
281
     1
  3
ACDB_ANNOTATIONSCALES
350
677
  0
DICTIONARY
  5
68F
102
{ACAD_REACTORS
330
68E
102
}
330
68E
100
AcDbDictionary
281
     1
  3
ACDB_ANNOTATIONSCALES
350
690
  0
XRECORD
  5
352
102
{ACAD_REACTORS
330
351
102
}
330
351
100
AcDbXrecord
280
     1
 90
        1
340
B7
  0
XRECORD
  5
357
102
{ACAD_REACTORS
330
356
102
}
330
356
100
AcDbXrecord
280
     1
 90
        1
340
B7
  0
ACDBDETAILVIEWSTYLE
  5
1AC
102
{ACAD_REACTORS
330
1AB
102
}
330
1AB
100
AcDbModelDocViewStyle
 70
     0
  3
Imperial24
290
     0
300
Imperial24
 90
        0
100
AcDbDetailViewStyle
 70
     0
 71
     0
 90
        3
 71
     1
340
11
 62
   256
 40
0.24
340
0
 62
   256
 40
0.24
300

 40
0.36
280
     3
 71
     2
340
16
 90
       25
 62
   256
 71
     3
340
11
 62
   256
 40
0.24
 90
        1
 40
0.75
 90
        1
300
%<\AcVar ViewType \f "%tc1">% %<\AcVar ViewDetailId>%\PSCALE %<\AcVar ViewScale \f "%sn">%
 71
     4
340
16
 90
       25
 62
   256
340
16
 90
       25
 62
   256
280
     0
  0
IMAGEDEF
  5
26D
102
{ACAD_REACTORS
330
26C
330
26F
102
}
330
26C
100
AcDbRasterImageDef
 90
        0
  1
C:\Users\lenovo\Downloads\1.jpg
 10
4032.0
 20
3024.0
 11
0.3527777777777778
 21
0.3527777777777778
280
     1
281
     5
  0
IMAGEDEF
  5
4E8
102
{ACAD_REACTORS
330
26C
330
4ED
102
}
330
26C
100
AcDbRasterImageDef
 90
        0
  1
..\..\Downloads\2.jpg
 10
4032.0
 20
3024.0
 11
0.3527777777777778
 21
0.3527777777777778
280
     1
281
     5
  0
IMAGEDEF
  5
57D
102
{ACAD_REACTORS
330
26C
330
57E
102
}
330
26C
100
AcDbRasterImageDef
 90
        0
  1
..\..\Downloads\IMG_3289.jpg
 10
4032.0
 20
3024.0
 11
0.3527777777777778
 21
0.3527777777777778
280
     1
281
     5
  0
LAYOUT
  5
59
102
{ACAD_REACTORS
330
1A
102
}
330
1A
100
AcDbPlotSettings
  1

  2
none_device
  4
Letter_(8.50_x_11.00_Inches)
  6

 40
6.349999904632567
 41
6.349999904632567
 42
6.350006103515625
 43
6.350006103515625
 44
215.8999938964844
 45
279.3999938964844
 46
0.0
 47
0.0
 48
0.0
 49
0.0
140
0.0
141
0.0
142
1.0
143
1.0
 70
   688
 72
     0
 73
     1
 74
     5
  7

 75
    16
147
1.0
 76
     0
 77
     2
 78
   300
148
0.0
149
0.0
100
AcDbLayout
  1
Layout1
 70
     1
 71
     1
 10
-0.2500002402958907
 20
-0.2499999962453767
 11
10.74999951940822
 21
8.249999763458731
 12
0.0
 22
0.0
 32
0.0
 14
1.049999952316282
 24
0.7999999523162851
 34
0.0
 15
9.449999570846557
 25
7.199999570846557
 35
0.0
146
0.0
 13
0.0
 23
0.0
 33
0.0
 16
1.0
 26
0.0
 36
0.0
 17
0.0
 27
1.0
 37
0.0
 76
     0
330
58
331
350
1001
ACAD_PSEXT
1000
None
1000
None
1000
Not applicable
1000
The layout will not be plotted unless a new plotter configuration name is selected.
1070
     0
  0
LAYOUT
  5
5E
102
{ACAD_REACTORS
330
1A
102
}
330
1A
100
AcDbPlotSettings
  1

  2
none_device
  4
Letter_(8.50_x_11.00_Inches)
  6

 40
6.349999904632567
 41
6.349999904632567
 42
6.350006103515625
 43
6.350006103515625
 44
215.8999938964844
 45
279.3999938964844
 46
0.0
 47
0.0
 48
0.0
 49
0.0
140
0.0
141
0.0
142
1.0
143
1.0
 70
   688
 72
     0
 73
     1
 74
     5
  7

 75
    16
147
1.0
 76
     0
 77
     2
 78
   300
148
0.0
149
0.0
100
AcDbLayout
  1
Layout2
 70
     1
 71
     2
 10
-0.2500002402958907
 20
-0.2499999962453767
 11
10.74999951940822
 21
8.249999763458731
 12
0.0
 22
0.0
 32
0.0
 14
1.049999952316282
 24
0.7999999523162851
 34
0.0
 15
9.449999570846557
 25
7.199999570846557
 35
0.0
146
0.0
 13
0.0
 23
0.0
 33
0.0
 16
1.0
 26
0.0
 36
0.0
 17
0.0
 27
1.0
 37
0.0
 76
     0
330
5D
331
362
1001
ACAD_PSEXT
1000
None
1000
None
1000
Not applicable
1000
The layout will not be plotted unless a new plotter configuration name is selected.
1070
     0
  0
LAYOUT
  5
22
102
{ACAD_XDICTIONARY
360
194
102
}
102
{ACAD_REACTORS
330
1A
102
}
330
1A
100
AcDbPlotSettings
  1

  2
none_device
  4
ANSI_A_(8.50_x_11.00_Inches)
  6

 40
6.349999904632567
 41
19.04999923706055
 42
6.350006103515625
 43
19.04998779296875
 44
215.8999938964844
 45
279.3999938964844
 46
0.0
 47
0.0
 48
0.0
 49
0.0
140
0.0
141
0.0
142
1.0
143
2.584895464708373
 70
 11952
 72
     0
 73
     1
 74
     0
  7

 75
     0
147
0.3868628397755418
 76
     0
 77
     2
 78
   300
148
0.0
149
0.0
100
AcDbLayout
  1
Model
 70
     1
 71
     0
 10
0.0
 20
0.0
 11
12.0
 21
9.0
 12
0.0
 22
0.0
 32
0.0
 14
0.0
 24
0.0
 34
0.0
 15
0.0
 25
0.0
 35
0.0
146
0.0
 13
0.0
 23
0.0
 33
0.0
 16
1.0
 26
0.0
 36
0.0
 17
0.0
 27
1.0
 37
0.0
 76
     0
330
1F
331
94
  0
MATERIAL
  5
97
102
{ACAD_XDICTIONARY
360
188
102
}
102
{ACAD_REACTORS
330
72
102
}
330
72
100
AcDbMaterial
  1
ByBlock
 94
       63
  0
MATERIAL
  5
96
102
{ACAD_XDICTIONARY
360
186
102
}
102
{ACAD_REACTORS
330
72
102
}
330
72
100
AcDbMaterial
  1
ByLayer
 94
       63
  0
MATERIAL
  5
98
102
{ACAD_XDICTIONARY
360
110
102
}
102
{ACAD_REACTORS
330
72
102
}
330
72
100
AcDbMaterial
  1
Global
 43
0.0208000000566244
 43
0.0
 43
0.0
 43
0.0
 43
0.0
 43
0.0208000000566244
 43
0.0
 43
0.0
 43
0.0
 43
0.0
 43
1.0
 43
0.0
 43
0.0
 43
0.0
 43
0.0
 43
1.0
 49
0.0208000000566244
 49
0.0
 49
0.0
 49
0.0
 49
0.0
 49
0.0208000000566244
 49
0.0
 49
0.0
 49
0.0
 49
0.0
 49
1.0
 49
0.0
 49
0.0
 49
0.0
 49
0.0
 49
1.0
142
0.0208000000566244
142
0.0
142
0.0
142
0.0
142
0.0
142
0.0208000000566244
142
0.0
142
0.0
142
0.0
142
0.0
142
1.0
142
0.0
142
0.0
142
0.0
142
0.0
142
1.0
144
0.0208000000566244
144
0.0
144
0.0
144
0.0
144
0.0
144
0.0208000000566244
144
0.0
144
0.0
144
0.0
144
0.0
144
1.0
144
0.0
144
0.0
144
0.0
144
0.0
144
1.0
 94
       63
1001
ACAD
1070
    -1
1070
     3
1070
     0
1000

1071
        0
1070
     0
  0
MLEADERSTYLE
  5
E5
102
{ACAD_REACTORS
330
D7
102
}
330
D7
100
AcDbMLeaderStyle
179
     2
170
     2
171
     1
172
     0
 90
        2
 40
0.0
 41
0.0
173
     1
 91
-1056964608
340
14
 92
       -2
290
     1
 42
0.09
291
     1
 43
0.36
  3
Standard
 44
0.18
300

342
11
174
     1
178
     1
175
     1
176
     0
 93
-1056964608
 45
0.18
292
     0
297
     0
 46
0.18
 94
-1056964608
 47
1.0
 49
1.0
140
1.0
293
     1
141
0.0
294
     1
177
     0
142
1.0
295
     0
296
     1
143
0.125
271
     0
272
     9
273
     9
298
     0
  0
MLEADERSTYLE
  5
D8
102
{ACAD_REACTORS
330
D7
102
}
330
D7
100
AcDbMLeaderStyle
179
     2
170
     2
171
     1
172
     0
 90
        2
 40
0.0
 41
0.0
173
     1
 91
-1056964608
340
14
 92
       -2
290
     1
 42
0.09
291
     1
 43
0.36
  3
Standard
 44
0.18
300

342
11
174
     1
178
     1
175
     1
176
     0
 93
-1056964608
 45
0.18
292
     0
297
     0
 46
0.18
 94
-1056964608
 47
1.0
 49
1.0
140
1.0
293
     1
141
0.0
294
     1
177
     0
142
1.0
295
     0
296
     0
143
0.125
271
     0
272
     9
273
     9
298
     0
  0
MLINESTYLE
  5
18
102
{ACAD_REACTORS
330
17
102
}
330
17
100
AcDbMlineStyle
  2
STANDARD
 70
     0
  3

 62
   256
 51
90.0
 52
90.0
 71
     2
 49
0.5
 62
   256
  6
BYLAYER
 49
-0.5
 62
   256
  6
BYLAYER
  0
ACDBPLACEHOLDER
  5
F
102
{ACAD_REACTORS
330
E
102
}
330
E
  0
ACAD_PROXY_OBJECT
  5
340
102
{ACAD_REACTORS
330
33C
102
}
330
33C
100
AcDbProxyObject
 90
      499
 91
      520
 71
    33
 97
      427
 70
     0
162
               694
311
4510C01BC019801980194019400B4010801C80194018401AC0080014401D4018401B001A401D001E40245948019401B80190019401C801CC0080019801BC01C8008000C400C0008001B401A401B801D401D0019401CC00
161
               217
310
40AD0340D014050A40502000000000000021000000000000000840CC
 94
        0
  0
ACAD_PROXY_OBJECT
  5
33F
102
{ACAD_REACTORS
330
33C
102
}
330
33C
100
AcDbProxyObject
 90
      499
 91
      520
 71
    33
 97
      427
 70
     0
162
               518
311
4112001A4019C01A00246D0401C001C001B001A4019401CC008000C400C0008001C8019401B80190019401C801A401B8019C008001B0019401D8019401B001CC00
161
               209
310
40AD0240E4290140902000000000000021000000000000000840CC
 94
        0
  0
ACAD_PROXY_OBJECT
  5
33D
102
{ACAD_REACTORS
330
33C
102
}
330
33C
100
AcDbProxyObject
 90
      499
 91
      520
 71
    33
 97
      427
 70
     0
162
               470
311
40D3001BC01DC024650401C001C001B001A4019401CC008000C4008001C8019401B80190019401C801A401B8019C008001B0019401D8019401B000
161
               193
310
40AE40E40501902000000000000021000000000000000840CC
 94
        0
  0
ACAD_PROXY_OBJECT
  5
341
102
{ACAD_REACTORS
330
33C
102
}
330
33C
100
AcDbProxyObject
 90
      499
 91
      520
 71
    33
 97
      427
 70
     0
162
               582
311
4353001D401B8018C01A00080014401D4018401B001A401D001E40245948019401B80190019401C801CC0080019801BC01C8008000D800C0008001B401A401B801D401D0019401CC00
161
               217
310
40AD0440D014053C40902000000000000021000000000000000840CC
 94
        0
  0
ACAD_PROXY_OBJECT
  5
33E
102
{ACAD_REACTORS
330
33C
102
}
330
33C
100
AcDbProxyObject
 90
      499
 91
      520
 71
    33
 97
      427
 70
     0
162
               534
311
419340194019001A401D401B4024690401C001C001B001A4019401CC008000D4008001C8019401B80190019401C801A401B8019C008001B0019401D8019401B001CC00
161
               209
310
40AD0140E4150140502000000000000021000000000000000840CC
 94
        0
  0
ACAD_PROXY_OBJECT
  5
342
102
{ACAD_REACTORS
330
33C
102
}
330
33C
100
AcDbProxyObject
 90
      499
 91
      520
 71
    33
 97
      427
 70
     0
162
               614
311
4453C01D8019401C801B801A4019C01A001D00080014401D4018401B001A401D001E40245148019401B80190019401C801CC0080019801BC01C8008000C400C8008001A001BC01D401C801CC00
161
               241
310
40AD0540D01404D002000040902000000000000021000000000000000840CC
 94
        0
  0
SCALE
  5
B7
102
{ACAD_REACTORS
330
B6
102
}
330
B6
100
AcDbScale
 70
     0
300
1:1
140
1.0
141
1.0
290
     1
  0
SCALE
  5
124
102
{ACAD_REACTORS
330
B6
102
}
330
B6
100
AcDbScale
 70
     0
300
1:2
140
1.0
141
2.0
290
     0
  0
SCALE
  5
125
102
{ACAD_REACTORS
330
B6
102
}
330
B6
100
AcDbScale
 70
     0
300
1:4
140
1.0
141
4.0
290
     0
  0
SCALE
  5
126
102
{ACAD_REACTORS
330
B6
102
}
330
B6
100
AcDbScale
 70
     0
300
1:5
140
1.0
141
5.0
290
     0
  0
SCALE
  5
127
102
{ACAD_REACTORS
330
B6
102
}
330
B6
100
AcDbScale
 70
     0
300
1:8
140
1.0
141
8.0
290
     0
  0
SCALE
  5
128
102
{ACAD_REACTORS
330
B6
102
}
330
B6
100
AcDbScale
 70
     0
300
1:10
140
1.0
141
10.0
290
     0
  0
SCALE
  5
129
102
{ACAD_REACTORS
330
B6
102
}
330
B6
100
AcDbScale
 70
     0
300
1:16
140
1.0
141
16.0
290
     0
  0
SCALE
  5
12A
102
{ACAD_REACTORS
330
B6
102
}
330
B6
100
AcDbScale
 70
     0
300
1:20
140
1.0
141
20.0
290
     0
  0
SCALE
  5
12B
102
{ACAD_REACTORS
330
B6
102
}
330
B6
100
AcDbScale
 70
     0
300
1:30
140
1.0
141
30.0
290
     0
  0
SCALE
  5
12C
102
{ACAD_REACTORS
330
B6
102
}
330
B6
100
AcDbScale
 70
     0
300
1:40
140
1.0
141
40.0
290
     0
  0
SCALE
  5
12D
102
{ACAD_REACTORS
330
B6
102
}
330
B6
100
AcDbScale
 70
     0
300
1:50
140
1.0
141
50.0
290
     0
  0
SCALE
  5
12E
102
{ACAD_REACTORS
330
B6
102
}
330
B6
100
AcDbScale
 70
     0
300
1:100
140
1.0
141
100.0
290
     0
  0
SCALE
  5
12F
102
{ACAD_REACTORS
330
B6
102
}
330
B6
100
AcDbScale
 70
     0
300
2:1
140
2.0
141
1.0
290
     0
  0
SCALE
  5
130
102
{ACAD_REACTORS
330
B6
102
}
330
B6
100
AcDbScale
 70
     0
300
4:1
140
4.0
141
1.0
290
     0
  0
SCALE
  5
131
102
{ACAD_REACTORS
330
B6
102
}
330
B6
100
AcDbScale
 70
     0
300
8:1
140
8.0
141
1.0
290
     0
  0
SCALE
  5
132
102
{ACAD_REACTORS
330
B6
102
}
330
B6
100
AcDbScale
 70
     0
300
10:1
140
10.0
141
1.0
290
     0
  0
SCALE
  5
133
102
{ACAD_REACTORS
330
B6
102
}
330
B6
100
AcDbScale
 70
     0
300
100:1
140
100.0
141
1.0
290
     0
  0
SCALE
  5
134
102
{ACAD_REACTORS
330
B6
102
}
330
B6
100
AcDbScale
 70
     0
300
1/128" = 1'-0"
140
0.0078125
141
12.0
290
     0
  0
SCALE
  5
135
102
{ACAD_REACTORS
330
B6
102
}
330
B6
100
AcDbScale
 70
     0
300
1/64" = 1'-0"
140
0.015625
141
12.0
290
     0
  0
SCALE
  5
136
102
{ACAD_REACTORS
330
B6
102
}
330
B6
100
AcDbScale
 70
     0
300
1/32" = 1'-0"
140
0.03125
141
12.0
290
     0
  0
SCALE
  5
137
102
{ACAD_REACTORS
330
B6
102
}
330
B6
100
AcDbScale
 70
     0
300
1/16" = 1'-0"
140
0.0625
141
12.0
290
     0
  0
SCALE
  5
138
102
{ACAD_REACTORS
330
B6
102
}
330
B6
100
AcDbScale
 70
     0
300
3/32" = 1'-0"
140
0.09375
141
12.0
290
     0
  0
SCALE
  5
139
102
{ACAD_REACTORS
330
B6
102
}
330
B6
100
AcDbScale
 70
     0
300
1/8" = 1'-0"
140
0.125
141
12.0
290
     0
  0
SCALE
  5
13A
102
{ACAD_REACTORS
330
B6
102
}
330
B6
100
AcDbScale
 70
     0
300
3/16" = 1'-0"
140
0.1875
141
12.0
290
     0
  0
SCALE
  5
13B
102
{ACAD_REACTORS
330
B6
102
}
330
B6
100
AcDbScale
 70
     0
300
1/4" = 1'-0"
140
0.25
141
12.0
290
     0
  0
SCALE
  5
13C
102
{ACAD_REACTORS
330
B6
102
}
330
B6
100
AcDbScale
 70
     0
300
3/8" = 1'-0"
140
0.375
141
12.0
290
     0
  0
SCALE
  5
13D
102
{ACAD_REACTORS
330
B6
102
}
330
B6
100
AcDbScale
 70
     0
300
1/2" = 1'-0"
140
0.5
141
12.0
290
     0
  0
SCALE
  5
13E
102
{ACAD_REACTORS
330
B6
102
}
330
B6
100
AcDbScale
 70
     0
300
3/4" = 1'-0"
140
0.75
141
12.0
290
     0
  0
SCALE
  5
13F
102
{ACAD_REACTORS
330
B6
102
}
330
B6
100
AcDbScale
 70
     0
300
1" = 1'-0"
140
1.0
141
12.0
290
     0
  0
SCALE
  5
140
102
{ACAD_REACTORS
330
B6
102
}
330
B6
100
AcDbScale
 70
     0
300
1-1/2" = 1'-0"
140
1.5
141
12.0
290
     0
  0
SCALE
  5
141
102
{ACAD_REACTORS
330
B6
102
}
330
B6
100
AcDbScale
 70
     0
300
3" = 1'-0"
140
3.0
141
12.0
290
     0
  0
SCALE
  5
142
102
{ACAD_REACTORS
330
B6
102
}
330
B6
100
AcDbScale
 70
     0
300
6" = 1'-0"
140
6.0
141
12.0
290
     0
  0
SCALE
  5
143
102
{ACAD_REACTORS
330
B6
102
}
330
B6
100
AcDbScale
 70
     0
300
1'-0" = 1'-0"
140
12.0
141
12.0
290
     0
  0
ACDBSECTIONVIEWSTYLE
  5
1AA
102
{ACAD_REACTORS
330
1A8
102
}
330
1A8
100
AcDbModelDocViewStyle
 70
     0
  3
Imperial24
290
     0
300
Imperial24
 90
        0
100
AcDbSectionViewStyle
 70
     0
 71
     0
 90
       78
 71
     1
340
11
 62
   256
 40
0.24
340
0
340
0
 62
   256
 40
0.24
300
I, O, Q, S, X, Z
 40
0.48
 90
        3
 40
0.18
 90
        1
 71
     2
340
16
 90
       25
 62
   256
340
16
 90
       50
 62
   256
 40
0.24
 40
0.0
 40
0.24
 71
     3
340
11
 62
   256
 40
0.24
 90
        1
 40
0.75
 90
        1
300
%<\AcVar ViewType \f "%tc1">% %<\AcVar ViewSectionStartId>%-%<\AcVar ViewSectionEndId>%\PSCALE %<\AcVar ViewScale \f "%sn">%
 71
     4
 62
   256
 62
   257
300
ANSI31
 40
1.0
 90
        0
290
     0
290
     0
 90
        6
 40
0.0
 40
1.570796326794896
 40
0.2617993877991494
 40
1.308996938995747
 40
-0.2617993877991494
 40
1.832595714594044
  0
TABLESTYLE
  5
87
102
{ACAD_XDICTIONARY
360
104
102
}
102
{ACAD_REACTORS
330
86
102
}
330
86
100
AcDbTableStyle
280
     0
  3
Standard
 70
     0
 71
     0
 40
0.06
 41
0.06
280
     0
281
     0
  7
Standard
140
0.18
170
     2
 62
     0
 63
     7
283
     0
 90
      512
 91
        0
  1

274
    -2
284
     1
 64
     0
275
    -2
285
     1
 65
     0
276
    -2
286
     1
 66
     0
277
    -2
287
     1
 67
     0
278
    -2
288
     1
 68
     0
279
    -2
289
     1
 69
     0
  7
Standard
140
0.25
170
     5
 62
     0
 63
     7
283
     0
 90
      512
 91
        0
  1

274
    -2
284
     1
 64
     0
275
    -2
285
     1
 65
     0
276
    -2
286
     1
 66
     0
277
    -2
287
     1
 67
     0
278
    -2
288
     1
 68
     0
279
    -2
289
     1
 69
     0
  7
Standard
140
0.18
170
     5
 62
     0
 63
     7
283
     0
 90
      512
 91
        0
  1

274
    -2
284
     1
 64
     0
275
    -2
285
     1
 65
     0
276
    -2
286
     1
 66
     0
277
    -2
287
     1
 67
     0
278
    -2
288
     1
 68
     0
279
    -2
289
     1
 69
     0
  0
VISUALSTYLE
  5
9F
102
{ACAD_REACTORS
330
99
102
}
330
99
100
AcDbVisualStyle
  2
2dWireframe
 70
     4
177
     3
291
     0
 70
    58
 90
        0
176
     1
 90
        2
176
     1
 90
        1
176
     1
 90
        0
176
     1
 40
0.6
176
     1
 40
30.0
176
     1
 62
     7
420
 16777215
176
     1
 90
        1
176
     1
 90
        4
176
     1
 62
     7
176
     1
 62
   257
176
     1
 90
        1
176
     1
 90
        1
176
     1
 40
1.0
176
     1
 90
        0
176
     1
 62
   257
176
     1
 40
1.0
176
     1
 90
        1
176
     1
 90
        6
176
     1
 90
        2
176
     1
 62
     7
176
     1
 90
        5
176
     1
 90
        0
176
     1
 90
        0
176
     1
290
     0
176
     1
 90
        1
176
     1
 40
0.0
176
     1
 90
        0
176
     1
290
     1
176
     1
290
     1
176
     1
290
     0
176
     1
290
     0
176
     1
290
     0
176
     1
290
     0
176
     1
290
     0
176
     1
290
     0
176
     1
290
     0
176
     1
 90
       50
176
     1
 40
0.0
176
     1
 40
1.0
176
     1
 90
        0
176
     1
 62
    18
176
     1
 90
       50
176
     1
 90
        3
176
     1
 62
     5
420
      255
176
     1
290
     0
176
     1
 90
       50
176
     1
 90
       50
176
     1
 90
       50
176
     1
290
     0
176
     1
 90
       50
176
     1
 62
   256
176
     0
 40
1.0
176
     0
 90
        2
176
     1
  1
strokes_ogs.tif
176
     1
290
     0
176
     1
 40
1.0
176
     1
 40
1.0
176
     1
  0
VISUALSTYLE
  5
9E
102
{ACAD_REACTORS
330
99
102
}
330
99
100
AcDbVisualStyle
  2
Basic
 70
     7
177
     3
291
     1
 70
    58
 90
        1
176
     1
 90
        0
176
     1
 90
        1
176
     1
 90
        0
176
     1
 40
0.6
176
     1
 40
30.0
176
     1
 62
     7
420
 16777215
176
     1
 90
        0
176
     1
 90
        4
176
     1
 62
     7
176
     1
 62
   257
176
     1
 90
        1
176
     1
 90
        1
176
     1
 40
1.0
176
     1
 90
        8
176
     1
 62
     7
176
     1
 40
1.0
176
     1
 90
        1
176
     1
 90
        6
176
     1
 90
        2
176
     1
 62
     7
176
     1
 90
        5
176
     1
 90
        0
176
     1
 90
        0
176
     1
290
     0
176
     1
 90
        1
176
     1
 40
0.0
176
     1
 90
        0
176
     1
290
     0
176
     1
290
     1
176
     1
290
     1
176
     1
290
     0
176
     1
290
     0
176
     1
290
     0
176
     1
290
     0
176
     1
290
     0
176
     1
290
     0
176
     1
 90
       50
176
     1
 40
0.0
176
     1
 40
1.0
176
     1
 90
        0
176
     1
 62
    18
176
     1
 90
       50
176
     1
 90
        3
176
     1
 62
     5
420
      255
176
     1
290
     0
176
     1
 90
       50
176
     1
 90
       50
176
     1
 90
       50
176
     1
290
     0
176
     1
 90
       50
176
     1
 62
   256
176
     0
 40
1.0
176
     0
 90
        2
176
     1
  1
strokes_ogs.tif
176
     1
290
     0
176
     1
 40
1.0
176
     1
 40
1.0
176
     1
  0
VISUALSTYLE
  5
A5
102
{ACAD_REACTORS
330
99
102
}
330
99
100
AcDbVisualStyle
  2
Brighten
 70
    12
177
     3
291
     1
 70
    58
 90
        2
176
     1
 90
        2
176
     1
 90
        1
176
     1
 90
        0
176
     1
 40
0.6
176
     1
 40
30.0
176
     1
 62
     7
420
 16777215
176
     1
 90
        1
176
     1
 90
        4
176
     1
 62
     7
176
     1
 62
   257
176
     1
 90
        1
176
     1
 90
        1
176
     1
 40
1.0
176
     1
 90
        8
176
     1
 62
     7
176
     1
 40
1.0
176
     1
 90
        1
176
     1
 90
        6
176
     1
 90
        2
176
     1
 62
     7
176
     1
 90
        5
176
     1
 90
        0
176
     1
 90
        0
176
     1
290
     0
176
     1
 90
        1
176
     1
 40
50.0
176
     1
 90
        0
176
     1
290
     0
176
     1
290
     1
176
     1
290
     1
176
     1
290
     0
176
     1
290
     0
176
     1
290
     0
176
     1
290
     0
176
     1
290
     0
176
     1
290
     0
176
     1
 90
       50
176
     1
 40
0.0
176
     1
 40
1.0
176
     1
 90
        0
176
     1
 62
    18
176
     1
 90
       50
176
     1
 90
        3
176
     1
 62
     5
420
      255
176
     1
290
     0
176
     1
 90
       50
176
     1
 90
       50
176
     1
 90
       50
176
     1
290
     0
176
     1
 90
       50
176
     1
 62
   256
176
     0
 40
1.0
176
     0
 90
        2
176
     1
  1
strokes_ogs.tif
176
     1
290
     0
176
     1
 40
1.0
176
     1
 40
1.0
176
     1
  0
VISUALSTYLE
  5
A9
102
{ACAD_REACTORS
330
99
102
}
330
99
100
AcDbVisualStyle
  2
ColorChange
 70
    16
177
     3
291
     1
 70
    58
 90
        2
176
     1
 90
        2
176
     1
 90
        3
176
     1
 90
        0
176
     1
 40
0.6
176
     1
 40
30.0
176
     1
 62
     8
420
  8421504
176
     1
 90
        1
176
     1
 90
        4
176
     1
 62
     7
176
     1
 62
   257
176
     1
 90
        1
176
     1
 90
        1
176
     1
 40
1.0
176
     1
 90
        8
176
     1
 62
     8
420
  8421504
176
     1
 40
1.0
176
     1
 90
        1
176
     1
 90
        6
176
     1
 90
        2
176
     1
 62
     7
176
     1
 90
        5
176
     1
 90
        0
176
     1
 90
        0
176
     1
290
     0
176
     1
 90
        1
176
     1
 40
0.0
176
     1
 90
        0
176
     1
290
     0
176
     1
290
     1
176
     1
290
     1
176
     1
290
     0
176
     1
290
     0
176
     1
290
     0
176
     1
290
     0
176
     1
290
     0
176
     1
290
     0
176
     1
 90
       50
176
     1
 40
0.0
176
     1
 40
1.0
176
     1
 90
        0
176
     1
 62
    18
176
     1
 90
       50
176
     1
 90
        3
176
     1
 62
     5
420
      255
176
     1
290
     0
176
     1
 90
       50
176
     1
 90
       50
176
     1
 90
       50
176
     1
290
     0
176
     1
 90
       50
176
     1
 62
   256
176
     0
 40
1.0
176
     0
 90
        2
176
     1
  1
strokes_ogs.tif
176
     1
290
     0
176
     1
 40
1.0
176
     1
 40
1.0
176
     1
  0
VISUALSTYLE
  5
A2
102
{ACAD_REACTORS
330
99
102
}
330
99
100
AcDbVisualStyle
  2
Conceptual
 70
     9
177
     3
291
     0
 70
    58
 90
        3
176
     1
 90
        2
176
     1
 90
        1
176
     1
 90
        0
176
     1
 40
0.6
176
     1
 40
30.0
176
     1
 62
     7
420
 16777215
176
     1
 90
        2
176
     1
 90
        2
176
     1
 62
     7
176
     1
 62
   257
176
     1
 90
        1
176
     1
 90
        1
176
     1
 40
40.0
176
     1
 90
        8
176
     1
 62
     7
176
     1
 40
1.0
176
     1
 90
        1
176
     1
 90
        6
176
     1
 90
        2
176
     1
 62
     7
176
     1
 90
        3
176
     1
 90
        0
176
     1
 90
        0
176
     1
290
     0
176
     1
 90
        1
176
     1
 40
0.0
176
     1
 90
        0
176
     1
290
     0
176
     1
290
     1
176
     1
290
     1
176
     1
290
     0
176
     1
290
     0
176
     1
290
     0
176
     1
290
     0
176
     1
290
     0
176
     1
290
     0
176
     1
 90
       50
176
     1
 40
0.0
176
     1
 40
1.0
176
     1
 90
        0
176
     1
 62
    18
176
     1
 90
       50
176
     1
 90
        3
176
     1
 62
     5
420
      255
176
     1
290
     0
176
     1
 90
       50
176
     1
 90
       50
176
     1
 90
       50
176
     1
290
     0
176
     1
 90
       50
176
     1
 62
   256
176
     0
 40
1.0
176
     0
 90
        2
176
     1
  1
strokes_ogs.tif
176
     1
290
     0
176
     1
 40
1.0
176
     1
 40
1.0
176
     1
  0
VISUALSTYLE
  5
A4
102
{ACAD_REACTORS
330
99
102
}
330
99
100
AcDbVisualStyle
  2
Dim
 70
    11
177
     3
291
     1
 70
    58
 90
        2
176
     1
 90
        2
176
     1
 90
        1
176
     1
 90
        0
176
     1
 40
0.6
176
     1
 40
30.0
176
     1
 62
     7
420
 16777215
176
     1
 90
        1
176
     1
 90
        4
176
     1
 62
     7
176
     1
 62
   257
176
     1
 90
        1
176
     1
 90
        1
176
     1
 40
1.0
176
     1
 90
        8
176
     1
 62
     7
176
     1
 40
1.0
176
     1
 90
        1
176
     1
 90
        6
176
     1
 90
        2
176
     1
 62
     7
176
     1
 90
        5
176
     1
 90
        0
176
     1
 90
        0
176
     1
290
     0
176
     1
 90
        1
176
     1
 40
-50.0
176
     1
 90
        0
176
     1
290
     0
176
     1
290
     1
176
     1
290
     1
176
     1
290
     0
176
     1
290
     0
176
     1
290
     0
176
     1
290
     0
176
     1
290
     0
176
     1
290
     0
176
     1
 90
       50
176
     1
 40
0.0
176
     1
 40
1.0
176
     1
 90
        0
176
     1
 62
    18
176
     1
 90
       50
176
     1
 90
        3
176
     1
 62
     5
420
      255
176
     1
290
     0
176
     1
 90
       50
176
     1
 90
       50
176
     1
 90
       50
176
     1
290
     0
176
     1
 90
       50
176
     1
 62
   256
176
     0
 40
1.0
176
     0
 90
        2
176
     1
  1
strokes_ogs.tif
176
     1
290
     0
176
     1
 40
1.0
176
     1
 40
1.0
176
     1
  0
VISUALSTYLE
  5
175
102
{ACAD_REACTORS
330
99
102
}
330
99
100
AcDbVisualStyle
  2
EdgeColorOff
 70
    22
177
     3
291
     1
 70
    58
 90
        2
176
     0
 90
        2
176
     0
 90
        0
176
     0
 90
        0
176
     0
 40
0.6
176
     0
 40
30.0
176
     0
 62
     7
420
 16777215
176
     0
 90
        1
176
     0
 90
        4
176
     0
 62
     7
176
     0
 62
   257
176
     0
 90
        1
176
     0
 90
        1
176
     0
 40
1.0
176
     0
 90
        8
176
     2
 62
     7
176
     0
 40
1.0
176
     0
 90
        1
176
     0
 90
        6
176
     0
 90
        2
176
     0
 62
     7
176
     0
 90
        5
176
     0
 90
        0
176
     0
 90
        0
176
     0
290
     0
176
     0
 90
        1
176
     0
 40
0.0
176
     0
 90
        0
176
     0
290
     0
176
     1
290
     1
176
     1
290
     1
176
     1
290
     0
176
     1
290
     0
176
     1
290
     0
176
     1
290
     0
176
     1
290
     0
176
     1
290
     0
176
     1
 90
       50
176
     1
 40
0.0
176
     1
 40
1.0
176
     1
 90
        0
176
     1
 62
    18
176
     1
 90
       50
176
     1
 90
        3
176
     1
 62
     5
420
      255
176
     1
290
     0
176
     1
 90
       50
176
     1
 90
       50
176
     1
 90
       50
176
     1
290
     0
176
     1
 90
       50
176
     1
 62
   256
176
     0
 40
1.0
176
     0
 90
        2
176
     1
  1
strokes_ogs.tif
176
     1
290
     0
176
     1
 40
1.0
176
     1
 40
1.0
176
     1
  0
VISUALSTYLE
  5
A8
102
{ACAD_REACTORS
330
99
102
}
330
99
100
AcDbVisualStyle
  2
Facepattern
 70
    15
177
     3
291
     1
 70
    58
 90
        2
176
     1
 90
        2
176
     1
 90
        1
176
     1
 90
        0
176
     1
 40
0.6
176
     1
 40
30.0
176
     1
 62
     7
420
 16777215
176
     1
 90
        1
176
     1
 90
        4
176
     1
 62
     7
176
     1
 62
   257
176
     1
 90
        1
176
     1
 90
        1
176
     1
 40
1.0
176
     1
 90
        8
176
     1
 62
     7
176
     1
 40
1.0
176
     1
 90
        1
176
     1
 90
        6
176
     1
 90
        2
176
     1
 62
     7
176
     1
 90
        5
176
     1
 90
        0
176
     1
 90
        0
176
     1
290
     0
176
     1
 90
        1
176
     1
 40
0.0
176
     1
 90
        0
176
     1
290
     0
176
     1
290
     1
176
     1
290
     1
176
     1
290
     0
176
     1
290
     0
176
     1
290
     0
176
     1
290
     0
176
     1
290
     0
176
     1
290
     0
176
     1
 90
       50
176
     1
 40
0.0
176
     1
 40
1.0
176
     1
 90
        0
176
     1
 62
    18
176
     1
 90
       50
176
     1
 90
        3
176
     1
 62
     5
420
      255
176
     1
290
     0
176
     1
 90
       50
176
     1
 90
       50
176
     1
 90
       50
176
     1
290
     0
176
     1
 90
       50
176
     1
 62
   256
176
     0
 40
1.0
176
     0
 90
        2
176
     1
  1
strokes_ogs.tif
176
     1
290
     0
176
     1
 40
1.0
176
     1
 40
1.0
176
     1
  0
VISUALSTYLE
  5
9A
102
{ACAD_REACTORS
330
99
102
}
330
99
100
AcDbVisualStyle
  2
Flat
 70
     0
177
     3
291
     1
 70
    58
 90
        2
176
     1
 90
        1
176
     1
 90
        1
176
     1
 90
        2
176
     1
 40
0.6
176
     1
 40
30.0
176
     1
 62
     7
420
 16777215
176
     1
 90
        0
176
     1
 90
        0
176
     1
 62
     7
176
     1
 62
   257
176
     1
 90
        1
176
     1
 90
        1
176
     1
 40
1.0
176
     1
 90
        8
176
     1
 62
     7
176
     1
 40
1.0
176
     1
 90
        1
176
     1
 90
        6
176
     1
 90
        2
176
     1
 62
     7
176
     1
 90
        5
176
     1
 90
        0
176
     1
 90
        0
176
     1
290
     0
176
     1
 90
       13
176
     1
 40
0.0
176
     1
 90
        0
176
     1
290
     0
176
     1
290
     1
176
     1
290
     1
176
     1
290
     0
176
     1
290
     0
176
     1
290
     0
176
     1
290
     0
176
     1
290
     0
176
     1
290
     0
176
     1
 90
       50
176
     1
 40
0.0
176
     1
 40
1.0
176
     1
 90
        0
176
     1
 62
    18
176
     1
 90
       50
176
     1
 90
        3
176
     1
 62
     5
420
      255
176
     1
290
     0
176
     1
 90
       50
176
     1
 90
       50
176
     1
 90
       50
176
     1
290
     0
176
     1
 90
       50
176
     1
 62
   256
176
     0
 40
1.0
176
     0
 90
        2
176
     1
  1
strokes_ogs.tif
176
     1
290
     0
176
     1
 40
1.0
176
     1
 40
1.0
176
     1
  0
VISUALSTYLE
  5
9B
102
{ACAD_REACTORS
330
99
102
}
330
99
100
AcDbVisualStyle
  2
FlatWithEdges
 70
     1
177
     3
291
     1
 70
    58
 90
        2
176
     1
 90
        1
176
     1
 90
        1
176
     1
 90
        2
176
     1
 40
0.6
176
     1
 40
30.0
176
     1
 62
     7
420
 16777215
176
     1
 90
        1
176
     1
 90
        0
176
     1
 62
     7
176
     1
 62
   257
176
     1
 90
        1
176
     1
 90
        1
176
     1
 40
1.0
176
     1
 90
        0
176
     1
 62
   257
176
     1
 40
1.0
176
     1
 90
        1
176
     1
 90
        6
176
     1
 90
        2
176
     1
 62
     7
176
     1
 90
        5
176
     1
 90
        0
176
     1
 90
        0
176
     1
290
     0
176
     1
 90
       13
176
     1
 40
0.0
176
     1
 90
        0
176
     1
290
     0
176
     1
290
     1
176
     1
290
     1
176
     1
290
     0
176
     1
290
     0
176
     1
290
     0
176
     1
290
     0
176
     1
290
     0
176
     1
290
     0
176
     1
 90
       50
176
     1
 40
0.0
176
     1
 40
1.0
176
     1
 90
        0
176
     1
 62
    18
176
     1
 90
       50
176
     1
 90
        3
176
     1
 62
     5
420
      255
176
     1
290
     0
176
     1
 90
       50
176
     1
 90
       50
176
     1
 90
       50
176
     1
290
     0
176
     1
 90
       50
176
     1
 62
   256
176
     0
 40
1.0
176
     0
 90
        2
176
     1
  1
strokes_ogs.tif
176
     1
290
     0
176
     1
 40
1.0
176
     1
 40
1.0
176
     1
  0
VISUALSTYLE
  5
9C
102
{ACAD_REACTORS
330
99
102
}
330
99
100
AcDbVisualStyle
  2
Gouraud
 70
     2
177
     3
291
     1
 70
    58
 90
        2
176
     1
 90
        2
176
     1
 90
        1
176
     1
 90
        2
176
     1
 40
0.6
176
     1
 40
30.0
176
     1
 62
     7
420
 16777215
176
     1
 90
        0
176
     1
 90
        0
176
     1
 62
     7
176
     1
 62
   257
176
     1
 90
        1
176
     1
 90
        1
176
     1
 40
1.0
176
     1
 90
        0
176
     1
 62
     7
176
     1
 40
1.0
176
     1
 90
        1
176
     1
 90
        6
176
     1
 90
        2
176
     1
 62
     7
176
     1
 90
        5
176
     1
 90
        0
176
     1
 90
        0
176
     1
290
     0
176
     1
 90
       13
176
     1
 40
0.0
176
     1
 90
        0
176
     1
290
     0
176
     1
290
     1
176
     1
290
     1
176
     1
290
     0
176
     1
290
     0
176
     1
290
     0
176
     1
290
     0
176
     1
290
     0
176
     1
290
     0
176
     1
 90
       50
176
     1
 40
0.0
176
     1
 40
1.0
176
     1
 90
        0
176
     1
 62
    18
176
     1
 90
       50
176
     1
 90
        3
176
     1
 62
     5
420
      255
176
     1
290
     0
176
     1
 90
       50
176
     1
 90
       50
176
     1
 90
       50
176
     1
290
     0
176
     1
 90
       50
176
     1
 62
   256
176
     0
 40
1.0
176
     0
 90
        2
176
     1
  1
strokes_ogs.tif
176
     1
290
     0
176
     1
 40
1.0
176
     1
 40
1.0
176
     1
  0
VISUALSTYLE
  5
9D
102
{ACAD_REACTORS
330
99
102
}
330
99
100
AcDbVisualStyle
  2
GouraudWithEdges
 70
     3
177
     3
291
     1
 70
    58
 90
        2
176
     1
 90
        2
176
     1
 90
        1
176
     1
 90
        2
176
     1
 40
0.6
176
     1
 40
30.0
176
     1
 62
     7
420
 16777215
176
     1
 90
        1
176
     1
 90
        0
176
     1
 62
     7
176
     1
 62
   257
176
     1
 90
        1
176
     1
 90
        1
176
     1
 40
1.0
176
     1
 90
        0
176
     1
 62
   257
176
     1
 40
1.0
176
     1
 90
        1
176
     1
 90
        6
176
     1
 90
        2
176
     1
 62
     7
176
     1
 90
        5
176
     1
 90
        0
176
     1
 90
        0
176
     1
290
     0
176
     1
 90
       13
176
     1
 40
0.0
176
     1
 90
        0
176
     1
290
     0
176
     1
290
     1
176
     1
290
     1
176
     1
290
     0
176
     1
290
     0
176
     1
290
     0
176
     1
290
     0
176
     1
290
     0
176
     1
290
     0
176
     1
 90
       50
176
     1
 40
0.0
176
     1
 40
1.0
176
     1
 90
        0
176
     1
 62
    18
176
     1
 90
       50
176
     1
 90
        3
176
     1
 62
     5
420
      255
176
     1
290
     0
176
     1
 90
       50
176
     1
 90
       50
176
     1
 90
       50
176
     1
290
     0
176
     1
 90
       50
176
     1
 62
   256
176
     0
 40
1.0
176
     0
 90
        2
176
     1
  1
strokes_ogs.tif
176
     1
290
     0
176
     1
 40
1.0
176
     1
 40
1.0
176
     1
  0
VISUALSTYLE
  5
A1
102
{ACAD_REACTORS
330
99
102
}
330
99
100
AcDbVisualStyle
  2
Hidden
 70
     6
177
     3
291
     0
 70
    58
 90
        1
176
     1
 90
        2
176
     1
 90
        2
176
     1
 90
        0
176
     1
 40
0.6
176
     1
 40
30.0
176
     1
 62
     7
420
 16777215
176
     1
 90
        2
176
     1
 90
        2
176
     1
 62
     7
176
     1
 62
   257
176
     1
 90
        2
176
     1
 90
        1
176
     1
 40
40.0
176
     1
 90
        0
176
     1
 62
   257
176
     1
 40
1.0
176
     1
 90
        1
176
     1
 90
        6
176
     1
 90
        2
176
     1
 62
     7
176
     1
 90
        3
176
     1
 90
        0
176
     1
 90
        0
176
     1
290
     0
176
     1
 90
        1
176
     1
 40
0.0
176
     1
 90
        0
176
     1
290
     0
176
     1
290
     1
176
     1
290
     1
176
     1
290
     0
176
     1
290
     0
176
     1
290
     0
176
     1
290
     0
176
     1
290
     0
176
     1
290
     0
176
     1
 90
       50
176
     1
 40
0.0
176
     1
 40
1.0
176
     1
 90
        0
176
     1
 62
    18
176
     1
 90
       50
176
     1
 90
        3
176
     1
 62
     5
420
      255
176
     1
290
     0
176
     1
 90
       50
176
     1
 90
       50
176
     1
 90
       50
176
     1
290
     0
176
     1
 90
       50
176
     1
 62
   256
176
     0
 40
1.0
176
     0
 90
        2
176
     1
  1
strokes_ogs.tif
176
     1
290
     0
176
     1
 40
1.0
176
     1
 40
1.0
176
     1
  0
VISUALSTYLE
  5
173
102
{ACAD_REACTORS
330
99
102
}
330
99
100
AcDbVisualStyle
  2
JitterOff
 70
    20
177
     3
291
     1
 70
    58
 90
        2
176
     0
 90
        2
176
     0
 90
        0
176
     0
 90
        0
176
     0
 40
0.6
176
     0
 40
30.0
176
     0
 62
     7
420
 16777215
176
     0
 90
        1
176
     0
 90
        4
176
     0
 62
     7
176
     0
 62
   257
176
     0
 90
        1
176
     0
 90
        1
176
     0
 40
1.0
176
     0
 90
       10
176
     2
 62
     7
176
     0
 40
1.0
176
     0
 90
        1
176
     0
 90
        6
176
     0
 90
        2
176
     0
 62
     7
176
     0
 90
        5
176
     0
 90
        0
176
     0
 90
        0
176
     0
290
     0
176
     0
 90
        1
176
     0
 40
0.0
176
     0
 90
        0
176
     0
290
     0
176
     1
290
     1
176
     1
290
     1
176
     1
290
     0
176
     1
290
     0
176
     1
290
     0
176
     1
290
     0
176
     1
290
     0
176
     1
290
     0
176
     1
 90
       50
176
     1
 40
0.0
176
     1
 40
1.0
176
     1
 90
        0
176
     1
 62
    18
176
     1
 90
       50
176
     1
 90
        3
176
     1
 62
     5
420
      255
176
     1
290
     0
176
     1
 90
       50
176
     1
 90
       50
176
     1
 90
       50
176
     1
290
     0
176
     1
 90
       50
176
     1
 62
   256
176
     0
 40
1.0
176
     0
 90
        2
176
     1
  1
strokes_ogs.tif
176
     1
290
     0
176
     1
 40
1.0
176
     1
 40
1.0
176
     1
  0
VISUALSTYLE
  5
A7
102
{ACAD_REACTORS
330
99
102
}
330
99
100
AcDbVisualStyle
  2
Linepattern
 70
    14
177
     3
291
     1
 70
    58
 90
        2
176
     1
 90
        2
176
     1
 90
        1
176
     1
 90
        0
176
     1
 40
0.6
176
     1
 40
30.0
176
     1
 62
     7
420
 16777215
176
     1
 90
        1
176
     1
 90
        4
176
     1
 62
     7
176
     1
 62
   257
176
     1
 90
        7
176
     1
 90
        7
176
     1
 40
1.0
176
     1
 90
        8
176
     1
 62
     7
176
     1
 40
1.0
176
     1
 90
        1
176
     1
 90
        6
176
     1
 90
        2
176
     1
 62
     7
176
     1
 90
        5
176
     1
 90
        0
176
     1
 90
        0
176
     1
290
     0
176
     1
 90
        1
176
     1
 40
0.0
176
     1
 90
        0
176
     1
290
     0
176
     1
290
     1
176
     1
290
     1
176
     1
290
     0
176
     1
290
     0
176
     1
290
     0
176
     1
290
     0
176
     1
290
     0
176
     1
290
     0
176
     1
 90
       50
176
     1
 40
0.0
176
     1
 40
1.0
176
     1
 90
        0
176
     1
 62
    18
176
     1
 90
       50
176
     1
 90
        3
176
     1
 62
     5
420
      255
176
     1
290
     0
176
     1
 90
       50
176
     1
 90
       50
176
     1
 90
       50
176
     1
290
     0
176
     1
 90
       50
176
     1
 62
   256
176
     0
 40
1.0
176
     0
 90
        2
176
     1
  1
strokes_ogs.tif
176
     1
290
     0
176
     1
 40
1.0
176
     1
 40
1.0
176
     1
  0
VISUALSTYLE
  5
174
102
{ACAD_REACTORS
330
99
102
}
330
99
100
AcDbVisualStyle
  2
OverhangOff
 70
    21
177
     3
291
     1
 70
    58
 90
        2
176
     0
 90
        2
176
     0
 90
        0
176
     0
 90
        0
176
     0
 40
0.6
176
     0
 40
30.0
176
     0
 62
     7
420
 16777215
176
     0
 90
        1
176
     0
 90
        4
176
     0
 62
     7
176
     0
 62
   257
176
     0
 90
        1
176
     0
 90
        1
176
     0
 40
1.0
176
     0
 90
        9
176
     2
 62
     7
176
     0
 40
1.0
176
     0
 90
        1
176
     0
 90
        6
176
     0
 90
        2
176
     0
 62
     7
176
     0
 90
        5
176
     0
 90
        0
176
     0
 90
        0
176
     0
290
     0
176
     0
 90
        1
176
     0
 40
0.0
176
     0
 90
        0
176
     0
290
     0
176
     1
290
     1
176
     1
290
     1
176
     1
290
     0
176
     1
290
     0
176
     1
290
     0
176
     1
290
     0
176
     1
290
     0
176
     1
290
     0
176
     1
 90
       50
176
     1
 40
0.0
176
     1
 40
1.0
176
     1
 90
        0
176
     1
 62
    18
176
     1
 90
       50
176
     1
 90
        3
176
     1
 62
     5
420
      255
176
     1
290
     0
176
     1
 90
       50
176
     1
 90
       50
176
     1
 90
       50
176
     1
290
     0
176
     1
 90
       50
176
     1
 62
   256
176
     0
 40
1.0
176
     0
 90
        2
176
     1
  1
strokes_ogs.tif
176
     1
290
     0
176
     1
 40
1.0
176
     1
 40
1.0
176
     1
  0
VISUALSTYLE
  5
A3
102
{ACAD_REACTORS
330
99
102
}
330
99
100
AcDbVisualStyle
  2
Realistic
 70
     8
177
     3
291
     0
 70
    58
 90
        2
176
     1
 90
        3
176
     1
 90
        0
176
     1
 90
        2
176
     1
 40
0.6
176
     1
 40
30.0
176
     1
 62
     7
420
 16777215
176
     1
 90
        0
176
     1
 90
        0
176
     1
 62
     7
176
     1
 62
   257
176
     1
 90
        1
176
     1
 90
        1
176
     1
 40
1.0
176
     1
 90
        8
176
     1
 62
   257
176
     1
 40
1.0
176
     1
 90
        1
176
     1
 90
        6
176
     1
 90
        2
176
     1
 62
     7
176
     1
 90
        3
176
     1
 90
        0
176
     1
 90
        0
176
     1
290
     0
176
     1
 90
       13
176
     1
 40
0.0
176
     1
 90
        0
176
     1
290
     0
176
     1
290
     1
176
     1
290
     1
176
     1
290
     0
176
     1
290
     0
176
     1
290
     0
176
     1
290
     0
176
     1
290
     0
176
     1
290
     0
176
     1
 90
       50
176
     1
 40
0.0
176
     1
 40
1.0
176
     1
 90
        0
176
     1
 62
    18
176
     1
 90
       50
176
     1
 90
        3
176
     1
 62
     5
420
      255
176
     1
290
     0
176
     1
 90
       50
176
     1
 90
       50
176
     1
 90
       50
176
     1
290
     0
176
     1
 90
       50
176
     1
 62
   256
176
     0
 40
1.0
176
     0
 90
        2
176
     1
  1
strokes_ogs.tif
176
     1
290
     0
176
     1
 40
1.0
176
     1
 40
1.0
176
     1
  0
VISUALSTYLE
  5
182
102
{ACAD_REACTORS
330
99
102
}
330
99
100
AcDbVisualStyle
  2
Shaded
 70
    27
177
     3
291
     0
 70
    58
 90
        2
176
     1
 90
        2
176
     1
 90
        1
176
     1
 90
        2
176
     1
 40
0.6
176
     1
 40
30.0
176
     1
 62
     7
420
 16777215
176
     1
 90
        0
176
     1
 90
        4
176
     1
 62
     7
176
     1
 62
   257
176
     1
 90
        1
176
     1
 90
        1
176
     1
 40
1.0
176
     1
 90
        8
176
     1
 62
   257
176
     1
 40
1.0
176
     1
 90
        1
176
     1
 90
        6
176
     1
 90
        2
176
     1
 62
     8
420
  7895160
176
     1
 90
        3
176
     1
 90
        0
176
     1
 90
        0
176
     1
290
     0
176
     1
 90
        5
176
     1
 40
0.0
176
     1
 90
        0
176
     1
290
     0
176
     1
290
     1
176
     1
290
     1
176
     1
290
     0
176
     1
290
     0
176
     1
290
     0
176
     1
290
     0
176
     1
290
     0
176
     1
290
     0
176
     1
 90
       50
176
     1
 40
0.0
176
     1
 40
1.0
176
     1
 90
        0
176
     1
 62
    18
176
     1
 90
       50
176
     1
 90
        3
176
     1
 62
     5
420
      255
176
     1
290
     0
176
     1
 90
       50
176
     1
 90
       50
176
     1
 90
       50
176
     1
290
     0
176
     1
 90
       50
176
     1
 62
   256
176
     0
 40
1.0
176
     0
 90
        2
176
     1
  1
strokes_ogs.tif
176
     1
290
     0
176
     1
 40
1.0
176
     1
 40
1.0
176
     1
  0
VISUALSTYLE
  5
181
102
{ACAD_REACTORS
330
99
102
}
330
99
100
AcDbVisualStyle
  2
Shaded with edges
 70
    26
177
     3
291
     0
 70
    58
 90
        2
176
     1
 90
        2
176
     1
 90
        1
176
     1
 90
        2
176
     1
 40
0.6
176
     1
 40
30.0
176
     1
 62
     7
420
 16777215
176
     1
 90
        1
176
     1
 90
        2
176
     1
 62
     7
176
     1
 62
   257
176
     1
 90
        2
176
     1
 90
        1
176
     1
 40
1.0
176
     1
 90
        8
176
     1
 62
   257
176
     1
 40
1.0
176
     1
 90
        1
176
     1
 90
        6
176
     1
 90
        2
176
     1
 62
     7
176
     1
 90
        3
176
     1
 90
        0
176
     1
 90
        0
176
     1
290
     0
176
     1
 90
        5
176
     1
 40
0.0
176
     1
 90
        0
176
     1
290
     0
176
     1
290
     1
176
     1
290
     1
176
     1
290
     0
176
     1
290
     0
176
     1
290
     0
176
     1
290
     0
176
     1
290
     0
176
     1
290
     0
176
     1
 90
       50
176
     1
 40
0.0
176
     1
 40
1.0
176
     1
 90
        0
176
     1
 62
    18
176
     1
 90
       50
176
     1
 90
        3
176
     1
 62
     5
420
      255
176
     1
290
     0
176
     1
 90
       50
176
     1
 90
       50
176
     1
 90
       50
176
     1
290
     0
176
     1
 90
       50
176
     1
 62
   256
176
     0
 40
1.0
176
     0
 90
        2
176
     1
  1
strokes_ogs.tif
176
     1
290
     0
176
     1
 40
1.0
176
     1
 40
1.0
176
     1
  0
VISUALSTYLE
  5
17E
102
{ACAD_REACTORS
330
99
102
}
330
99
100
AcDbVisualStyle
  2
Shades of Gray
 70
    23
177
     3
291
     0
 70
    58
 90
        2
176
     1
 90
        2
176
     1
 90
        3
176
     1
 90
        0
176
     1
 40
0.6
176
     1
 40
30.0
176
     1
 62
     7
420
 16777215
176
     1
 90
        2
176
     1
 90
        2
176
     1
 62
     7
176
     1
 62
     7
176
     1
 90
        1
176
     1
 90
        1
176
     1
 40
40.0
176
     1
 90
        8
176
     1
 62
     7
176
     1
 40
1.0
176
     1
 90
        1
176
     1
 90
        6
176
     1
 90
        2
176
     1
 62
     7
176
     1
 90
        3
176
     1
 90
        0
176
     1
 90
        0
176
     1
290
     0
176
     1
 90
        1
176
     1
 40
0.0
176
     1
 90
        0
176
     1
290
     0
176
     1
290
     1
176
     1
290
     1
176
     1
290
     0
176
     1
290
     0
176
     1
290
     0
176
     1
290
     0
176
     1
290
     0
176
     1
290
     0
176
     1
 90
       50
176
     1
 40
0.0
176
     1
 40
1.0
176
     1
 90
        0
176
     1
 62
    18
176
     1
 90
       50
176
     1
 90
        3
176
     1
 62
     5
420
      255
176
     1
290
     0
176
     1
 90
       50
176
     1
 90
       50
176
     1
 90
       50
176
     1
290
     0
176
     1
 90
       50
176
     1
 62
   256
176
     0
 40
1.0
176
     0
 90
        2
176
     1
  1
strokes_ogs.tif
176
     1
290
     0
176
     1
 40
1.0
176
     1
 40
1.0
176
     1
  0
VISUALSTYLE
  5
17F
102
{ACAD_REACTORS
330
99
102
}
330
99
100
AcDbVisualStyle
  2
Sketchy
 70
    24
177
     3
291
     0
 70
    58
 90
        1
176
     1
 90
        2
176
     1
 90
        2
176
     1
 90
        0
176
     1
 40
0.6
176
     1
 40
30.0
176
     1
 62
     7
420
 16777215
176
     1
 90
        2
176
     1
 90
        2
176
     1
 62
     7
176
     1
 62
     7
176
     1
 90
        1
176
     1
 90
        1
176
     1
 40
40.0
176
     1
 90
       11
176
     1
 62
     7
176
     1
 40
1.0
176
     1
 90
        1
176
     1
 90
        6
176
     1
 90
        2
176
     1
 62
     7
176
     1
 90
        6
176
     1
 90
        0
176
     1
 90
        0
176
     1
290
     0
176
     1
 90
        1
176
     1
 40
0.0
176
     1
 90
        0
176
     1
290
     0
176
     1
290
     1
176
     1
290
     1
176
     1
290
     0
176
     1
290
     0
176
     1
290
     0
176
     1
290
     0
176
     1
290
     0
176
     1
290
     0
176
     1
 90
       50
176
     1
 40
0.0
176
     1
 40
1.0
176
     1
 90
        0
176
     1
 62
    18
176
     1
 90
       50
176
     1
 90
        3
176
     1
 62
     5
420
      255
176
     1
290
     0
176
     1
 90
       50
176
     1
 90
       50
176
     1
 90
       50
176
     1
290
     0
176
     1
 90
       50
176
     1
 62
   256
176
     0
 40
1.0
176
     0
 90
        2
176
     1
  1
strokes_ogs.tif
176
     1
290
     0
176
     1
 40
1.0
176
     1
 40
1.0
176
     1
  0
VISUALSTYLE
  5
A6
102
{ACAD_REACTORS
330
99
102
}
330
99
100
AcDbVisualStyle
  2
Thicken
 70
    13
177
     3
291
     1
 70
    58
 90
        2
176
     1
 90
        2
176
     1
 90
        1
176
     1
 90
        0
176
     1
 40
0.6
176
     1
 40
30.0
176
     1
 62
     7
420
 16777215
176
     1
 90
        1
176
     1
 90
        4
176
     1
 62
     7
176
     1
 62
   257
176
     1
 90
        1
176
     1
 90
        1
176
     1
 40
1.0
176
     1
 90
       12
176
     1
 62
     7
176
     1
 40
1.0
176
     1
 90
        1
176
     1
 90
        6
176
     1
 90
        2
176
     1
 62
     7
176
     1
 90
        5
176
     1
 90
        0
176
     1
 90
        0
176
     1
290
     0
176
     1
 90
        1
176
     1
 40
0.0
176
     1
 90
        0
176
     1
290
     0
176
     1
290
     1
176
     1
290
     1
176
     1
290
     0
176
     1
290
     0
176
     1
290
     0
176
     1
290
     0
176
     1
290
     0
176
     1
290
     0
176
     1
 90
       50
176
     1
 40
0.0
176
     1
 40
1.0
176
     1
 90
        0
176
     1
 62
    18
176
     1
 90
       50
176
     1
 90
        3
176
     1
 62
     5
420
      255
176
     1
290
     0
176
     1
 90
       50
176
     1
 90
       50
176
     1
 90
       50
176
     1
290
     0
176
     1
 90
       50
176
     1
 62
   256
176
     0
 40
1.0
176
     0
 90
        2
176
     1
  1
strokes_ogs.tif
176
     1
290
     0
176
     1
 40
1.0
176
     1
 40
1.0
176
     1
  0
VISUALSTYLE
  5
A0
102
{ACAD_REACTORS
330
99
102
}
330
99
100
AcDbVisualStyle
  2
Wireframe
 70
     5
177
     3
291
     0
 70
    58
 90
        0
176
     1
 90
        2
176
     1
 90
        0
176
     1
 90
        0
176
     1
 40
0.6
176
     1
 40
30.0
176
     1
 62
     7
420
 16777215
176
     1
 90
        1
176
     1
 90
        4
176
     1
 62
     7
176
     1
 62
   257
176
     1
 90
        1
176
     1
 90
        1
176
     1
 40
1.0
176
     1
 90
        0
176
     1
 62
   257
176
     1
 40
1.0
176
     1
 90
        1
176
     1
 90
        6
176
     1
 90
        2
176
     1
 62
     7
176
     1
 90
        3
176
     1
 90
        0
176
     1
 90
        0
176
     1
290
     0
176
     1
 90
        1
176
     1
 40
0.0
176
     1
 90
        0
176
     1
290
     0
176
     1
290
     1
176
     1
290
     1
176
     1
290
     0
176
     1
290
     0
176
     1
290
     0
176
     1
290
     0
176
     1
290
     0
176
     1
290
     0
176
     1
 90
       50
176
     1
 40
0.0
176
     1
 40
1.0
176
     1
 90
        0
176
     1
 62
    18
176
     1
 90
       50
176
     1
 90
        3
176
     1
 62
     5
420
      255
176
     1
290
     0
176
     1
 90
       50
176
     1
 90
       50
176
     1
 90
       50
176
     1
290
     0
176
     1
 90
       50
176
     1
 62
   256
176
     0
 40
1.0
176
     0
 90
        2
176
     1
  1
strokes_ogs.tif
176
     1
290
     0
176
     1
 40
1.0
176
     1
 40
1.0
176
     1
  0
VISUALSTYLE
  5
180
102
{ACAD_REACTORS
330
99
102
}
330
99
100
AcDbVisualStyle
  2
X-Ray
 70
    25
177
     3
291
     0
 70
    58
 90
        2
176
     1
 90
        2
176
     1
 90
        1
176
     1
 90
        1
176
     1
 40
0.5
176
     1
 40
30.0
176
     1
 62
     7
420
 16777215
176
     1
 90
        1
176
     1
 90
        0
176
     1
 62
     7
176
     1
 62
   257
176
     1
 90
        1
176
     1
 90
        1
176
     1
 40
1.0
176
     1
 90
        8
176
     1
 62
     7
176
     1
 40
1.0
176
     1
 90
        1
176
     1
 90
        6
176
     1
 90
        2
176
     1
 62
     7
176
     1
 90
        3
176
     1
 90
        0
176
     1
 90
        0
176
     1
290
     0
176
     1
 90
       13
176
     1
 40
0.0
176
     1
 90
        0
176
     1
290
     0
176
     1
290
     1
176
     1
290
     1
176
     1
290
     0
176
     1
290
     0
176
     1
290
     0
176
     1
290
     0
176
     1
290
     0
176
     1
290
     0
176
     1
 90
       50
176
     1
 40
0.0
176
     1
 40
1.0
176
     1
 90
        0
176
     1
 62
    18
176
     1
 90
       50
176
     1
 90
        3
176
     1
 62
     5
420
      255
176
     1
290
     0
176
     1
 90
       50
176
     1
 90
       50
176
     1
 90
       50
176
     1
290
     0
176
     1
 90
       50
176
     1
 62
   256
176
     0
 40
1.0
176
     0
 90
        2
176
     1
  1
strokes_ogs.tif
176
     1
290
     0
176
     1
 40
1.0
176
     1
 40
1.0
176
     1
  0
DICTIONARYVAR
  5
F0
102
{ACAD_REACTORS
330
66
102
}
330
66
100
DictionaryVariables
280
     0
  1
1:1
  0
DICTIONARYVAR
  5
EF
102
{ACAD_REACTORS
330
66
102
}
330
66
100
DictionaryVariables
280
     0
  1
STANDARD
  0
DICTIONARYVAR
  5
89
102
{ACAD_REACTORS
330
66
102
}
330
66
100
DictionaryVariables
280
     0
  1
STANDARD
  0
DICTIONARYVAR
  5
1B7
102
{ACAD_REACTORS
330
66
102
}
330
66
100
DictionaryVariables
280
     0
  1
Imperial24
  0
DICTIONARYVAR
  5
1B8
102
{ACAD_REACTORS
330
66
102
}
330
66
100
DictionaryVariables
280
     0
  1
Imperial24
  0
DICTIONARYVAR
  5
67
102
{ACAD_REACTORS
330
66
102
}
330
66
100
DictionaryVariables
280
     0
  1
2
  0
DICTIONARYVAR
  5
6B
102
{ACAD_REACTORS
330
66
102
}
330
66
100
DictionaryVariables
280
     0
  1
1
  0
DICTIONARYVAR
  5
14D
102
{ACAD_REACTORS
330
66
102
}
330
66
100
DictionaryVariables
280
     0
  1
0
  0
DICTIONARYVAR
  5
14E
102
{ACAD_REACTORS
330
66
102
}
330
66
100
DictionaryVariables
280
     0
  1
0
  0
DICTIONARY
  5
677
102
{ACAD_REACTORS
330
676
102
}
330
676
100
AcDbDictionary
281
     1
  3
*A1
350
678
  0
DICTIONARY
  5
690
102
{ACAD_REACTORS
330
68F
102
}
330
68F
100
AcDbDictionary
281
     1
  3
*A1
350
691
  0
DICTIONARY
  5
194
330
22
100
AcDbDictionary
280
     1
281
     1
  0
DICTIONARY
  5
188
330
97
100
AcDbDictionary
280
     1
281
     1
  3
FBXASSET
360
189
  0
DICTIONARY
  5
186
330
96
100
AcDbDictionary
280
     1
281
     1
  3
FBXASSET
360
187
  0
DICTIONARY
  5
110
330
98
100
AcDbDictionary
280
     1
281
     1
  3
BUMPTILE
360
112
  3
DIFFUSETILE
360
111
  3
FBXASSET
360
18A
  3
OPACITYTILE
360
113
  3
REFLECTIONTILE
360
114
  0
DICTIONARY
  5
104
330
87
100
AcDbDictionary
280
     1
281
     1
  3
ACAD_ROUNDTRIP_2008_TABLESTYLE_CELLSTYLEMAP
360
6C3
  0
ACDB_MTEXTOBJECTCONTEXTDATA_CLASS
  5
678
102
{ACAD_REACTORS
330
677
102
}
330
677
100
AcDbObjectContextData
 70
     4
290
     1
100
AcDbAnnotScaleObjectContextData
340
B7
 70
     1
 10
1.0
 20
0.0
 30
0.0
 11
38825.62588862067
 21
38498.47158516455
 31
0.0
 40
0.0444114900310524
 41
0.0
 42
0.4138472032742156
 43
0.1021145975443384
 71
     2
 72
     1
 44
0.0444114900310524
 45
500.0
 73
     0
 74
     0
 46
0.0
  0
ACDB_MTEXTOBJECTCONTEXTDATA_CLASS
  5
691
102
{ACAD_REACTORS
330
690
102
}
330
690
100
AcDbObjectContextData
 70
     4
290
     1
100
AcDbAnnotScaleObjectContextData
340
B7
 70
     1
 10
1.0
 20
0.0
 30
0.0
 11
38827.84152539582
 21
38491.88431950023
 31
0.0
 40
0.0
 41
0.0
 42
0.8153478854024557
 43
0.1218281036834925
 71
     0
  0
XRECORD
  5
189
102
{ACAD_REACTORS
330
188
102
}
330
188
100
AcDbXrecord
280
     1
 70
     1
 90
429727718
  1
508B35C9-AEE7-456F-BE74-D52651303AC6
310
504B03040A0000080000B670623B3DEE336E79000000790000001B0000006175746F6465736B2D64657369676E2D7061636B6167652E786D6C3C3F786D6C2076657273696F6E3D22312E302220656E636F64696E673D227574662D3822203F3E3C666F726D6174733E3C666F726D61743E687474703A2F2F736368656D612E
310
6175746F6465736B2E636F6D2F64657369676E2D7061636B6167652F323030393C2F666F726D61743E3C2F666F726D6174733E504B0304140006080800B670623BD486FD9CA0000000F4000000130000005B436F6E74656E745F54797065735D2E786D6C7D8EC10E82300C865F65E91D8A1E8C310C0EEA1BF002731658846E
310
D98AC1B77784ABF1D8FE5FBFBF75BBCE937A534CCEB38643598122B6FEE978D0B0485F9C41B54DDD7D022595594E1A469170414C76A4D9A4D207E29CF43ECE46F218070CC6BECC4078ACAA135ACF422C856C0E68EA1BF5669944DDD7BCDE7B1F8E415D77AECB980613C2E4AC91FC167A2B244592486606FC29C8FD7F045B9A
310
EF7053A7E60B504B0304140006080800B670623B28ED286BEB0000007C01000008000000636F72652E786D6C8D90416EC3201045AF82665B6183218D6D61A254764FD00B204C5C94182C03558F5F9C3852BBEB6A467FFE9B197D71FA9E6FE8CBACC17AD7012D0820E3B41FAD9B3A48F1826B40272956EFE32F1B20A766D3C1
310
268314D3EAD3B24BDABB685CCCAAF3A3D94515828980F42D371D04FD696655A814B3235C8B45E9AB9A4C419F5D8653B2237A1CB163DE672FD6AC209BF3C08E0D1B30EB19C3FC9D72FCC6EB231EFA33EDE96BDD341517E5064B11EDFCBCAF57A3A2194156843498524CAA0FCA5B7268F9E185D42D21A2DCEC7FA0B48CFF8492
310
759155FBBB0F2C80A4F991FB408A72CB22977B50B96EB9C91F504B0304140006080800B670623B55019EA25F0000007C00000007000000636E782E786D6C4DCB3B0E80201045D1AD90E915ED2CF8AC45050C11660C8261F98AB1B07AC9C97D42D718D865D3E909258CFD00CCE24AC6E326A164D74DC0B4128928FF32603847
310
2BA13128B1252AC747C6BAB984FC68F0B87FE8960A5C09FE86CFB69FBA01504B0304140006080800B670623B7BC41AC871010000D40300000C0000006662782F636F72652E786D6CC553ED6E8320147D15C2DF4501B56B6D90A64BBB27D80B50A5CE54C120983EFEAE1F4DD7A56BBA5FF3879273EEE59E7310BE393735EA95
310
ED2AA333CC428A91D2B9292A5D66D8BB63B0C26823B835C67D2BC348CB46657880B1E0A535BE9DA1DC68A7B403549B42CDA0EC3AE530CA6B5864B8CB3F552343E91D5474A7B095F949962A6421D0502778E72C0840D390E18DC5F170E664C205F7BE2A66B62A605A75AC94C522DDEEE3651AEF837817C741F2CE92E02D592D
310
83FD6ECB76EC7595A651C2C9D02CB8AB9A8BBADC2AE954814544691A3016D0E883256BBA58278B17BA5A53CAC9507ED3E4DBE2C9265F691747B3DCA9ADC382819091F8E1162272A8933DE82182932144F88C09DF060D8140C84E1EEA8B8F1340BDCA9DB1093085F157AA97B557309586747CD0EF0B4EA64E983A6E0EAEEFCE
310
889E9EF17847386AA94B30211D2C0FDE0D3AF9A4610EAD5536E8DD1969631B593F67E381C33F5157F17725E5A636F6BF1491F980C8FC7B90E13E8A2F504B0304140006080800B670623B70102A487D0000009D0000000B0000006662782F636E782E786D6C4DCCD10A83201886E15B91FFDC95A5C30335ACCDFB886521330D
310
A76397BF1A1DECE883878F57749FD5A3B74D2F17830472A901D9F088930B8B849267CC01754AA418F3DF0D5018572BE160506249B16C274D761E8BCFBB7A179E27F65CB39A0F14D396184C9921B81F34C3ACA1B4B99ABB6E6F062A25AA5F69DF23ACBE504B0304140006080800B670623B3610CA3329010000120200003100
310
00006662782F42384135303843342D343331462D343546312D424341352D3532343432364645413344462F636F72652E786D6C8D515B6EC32010BC0AE22B55850D0E446E848992B43E412FE000495162B07854397EA176A4F62F3F2C9A9D991D58BEBB8F37F0AD7D30CE76905418026DA553C65E3A98E219B510EC04F7CEC5
310
3F3408EC30EA0E16180A7EF12E4D0B249D8DDAC68C5AA7F4020E21E80881BCE54B0783FCD2E3500D296646B856D320AFC34557A4CAEDCC133C449F0380794839A138B47B86DB2345744D7A44594FD0E1B867883594369BFE63BF7EEF793D0B054FC9A8456E548E63CE46FB674D8A58F068C6477CE9F510B582A2C1F80D1182
310
70F349E816B32D65AFB8DD62CCEB42FF274A937A52948C8DEB66893BCB021484D7734370E5D2E9F608A3EF93F3119479ABA0E50B14B8C298119A43CCC4FCFCECB8A18B6388CEE7EF5D5D4F994BD86CBBA182D76543B9FCAE2FD7B24DF103504B0304140006080800B670623B1B8617914E0100003303000030000000666278
310
2F42384135303843342D343331462D343546312D424341352D3532343432364645413344462F636E782E786D6CD593C16EC32010447F0571AD6CE3D489D20813A9877E410FBD62D82434182CC055F3F75D1292E692438FBD206B7698593D61BEFD1E2DF982108D773D6D6B460938E5B571FB9ECE6957AD29D90A1EBC4F7736
310
4A9C1CA1A759A682EF839FA72269D8C9D92654AD71C72206887E0E0A22CAF926B15E498B01E0AA19451807D01A34B919F16B070157417138917400F2F6FA41FCF0092A45DEE414C19BDC21783E4BD39D891265658C3D8DEA00A3ACE59CBC8678ACB54CB26EEB6BD7839D7E9348BE70AD9C8321B9BCA7F9A4A26C542347DEE0
310
50F09802D22BA6749A800A394DD62899107273365E3C82CFC6A55557BC06C10774B7ABE7AEC3B0F34CF06446280E154026D0542C187BA9DAB6628BF7B6DBB0E5A65B3EB1F58631DE64BBE083F7B65CC218087E22CABB042E51D1F2268F1FE12B3EA24D40D63E9CFE00120194D60B9D5BC67FE6D39CDF37E20AF817881F504B
310
0304140006080800B670623BBFEF2E3B690500003C100000340000006662782F42384135303843342D343331462D343546312D424341352D3532343432364645413344462F6F626A656374732E786D6CAD575D739B3814FD2B0CFB0C98D84E931D4227B6938EA793B6534F3BFB90198F0099B001899144EAECAFDF231018B0
310
D37A3FFC609090EEE7B94757C1FB7D915B2F54C88CB31BDB7727B64559CC938CA53776A576CE956DBD0F03C1B9EA2DB32D460A7A63EB693B0C52C1ABD24C257447AA5C8D66EF177F5832A68CDA569C13296F6C193FD182B8A4523CA1F2D94D88226EBADBBBBEDB2C1C8A4D05299F46424B222853B014F30C52ACC6287F389C
310
D85E1878FA7B18E87FB36AFAF62AAFF667A83F635211161F291B8999FAB3D5DDC5FCDA99CF6653677679E13B8BFBC5CAF1DF4D27CBCBE5F2FAF6EE1A8AA51290642C117467871F101B91C581D77CEA2C36869F3229E68CD1B8F61F1ED6361B89092D294B90C78C4A68EB793D190E7D1D9BDEE7A91E1B95FDE9F3BCEAEFE809
310
6A6D6F9F7D4B79F4275C90E7A04248AA51D5C4C738DAE06F72885AC4796EBE65D22A88A22223B995679120E2D50EB1542F098381188D4EA111AE3DB043FF20AF6F2B4AE3D7D83D65E5AECA730D4D3BAC91BD05FEA992B565D95F549CD6069B90AB2A63EACA38A45E4B6A87D781574F86817E4C2FCCC72690D62E2729520E37
310
9BAF234797BAF6D62B3BFC781FED37BA1E4F2B2F052FA9501A3E80569BB8F6A9A364D4FA67654E6F803383981F82F21591FF84F23D9882BC896C3FDBCF8C162508933B2E0AE4C69DD43F6BD2BE38DDDBF10BF86CB4FA784D37F3AF16075E67EC9030DECA1FC0A55373F5DFF3378C591FA9BDF485C10B0A8C8BA909E5262639
310
A8E72163488806A595734C81CB77D1DE0ED7604A303B76913CEC0272F412782FF88EFF4636D8AA56DF7B322474C4B767303F625997056C7B032C473C592B36CEBD15F3F9FF5233B7ABCDC74D257624A60F8658567497B14CE1EC3C80B76FD02011038F9EE9EB0F2E12387A9C844D3F09855125116D1D731DF8B43D2CF4E0A0
310
79A020C6BE946BCE0B7EA1E1219331CD73C228AF5A2DDD31A4B1DA918CE91350854D40A71723140BFA92E94E62B0626016CEFA5864A50E5977E8753CEDBEE1CBB7F52780D20E17AF0BA0F5F9B02A3AD07DCC732EB6D1EBB661421BE0C39E21BABF0FE16D22EA6929407C8DE596724C88B749B6DB5512BC7B228ADFD7CB7EA6
310
3A22397E690BA8D5D8D4E40CEC8CDA23C2C0B7D5898640101CEC9C6D331CE328CB93CAFBBAC70A642DF70DF95155945B52F08AA973C23469FD69ADEF84F7BB18F983A8F8C90E37F5D35980B2139A1C523540813E824EF83448CF7C72B598CE97D7CEEDDDDD3B6736BFBC771677EF66CE6A7E7139F7A793E9EDF2B2B3A8B624
310
0CDA13AA5F8388264EC4A0129909F3B7F5A16CEDF08128E97D680ACA4B9BE7B7B58BB638F0B00700EF36AE8B32A705658A68F83EE897FC2B41573190D1CCAF0B92D233A47CFEB019D9809933F67DD1A5467F8CF69AD9A5AE859342D45355448C64F968A371DC2D596ADC6E43D93D1B466F877A64E2893E54F23C4B40388995
310
525E5005DA3983ED45412510D3EFCA13737B3863F74BD30F2A12E5B4B5E489A025CE25500DB855B11ACE5BBFA185D35DD48D8DC3CE7DC69F2944DB42AA6F6CF09BCA622ADD08C7A36E7C6AE18000BAB08E040135C2D21C9D75B3A91B77BB746C403F38018DFE6EC939DD92F16B40BC05294B9CDA035AAD6D330AE27FE4786B
310
8E45145EA34A75BE1C263A676A35A8ACC6297337400BF16C54EF515F3F77CB77EB3583889C754FFA29081AA98E2222ADEF05DA3E63D2EDEA8B8756C05A7FB6CABC4A91CBF325398202CC952E70A008A830324BA200D5E5EF8F5F04C75DB4B0EE3340E071C98B823333B83577596BF3849B69F2085AA0FAFA212F26BEFF5877
310
FDE622B28D88A42E49E43326DA82D31E8CB006401E1DA726059ECEC168F97A6599036306A135688F9AD2E61A6EA178F4CD51974A9F2CCB9F36FE5EBD14601068D9C3BF01504B0304140006080000B670623B000000000000000000000000350000006662782F42384135303843342D343331462D343546312D424341352D35
310
32343432364645413344462F76657274696365732E62696E504B0304140006080800B670623BF270F1330600000004000000360000006662782F42384135303843342D343331462D343546312D424341352D3532343432364645413344462F747269616E676C65732E62696E636660600000504B0304140006080000B67062
310
3B000000000000000000000000370000006662782F42384135303843342D343331462D343546312D424341352D3532343432364645413344462F617474726962757465732E62696E504B0304140006080800B670623B08DA0BD19000000041010000360000006662782F42384135303843342D343331462D343546312D4243
310
41352D3532343432364645413344462F6469726563746F72792E786D6C858F410AC3201045AF22B36F53E9A60B35CBEEBAE80D244E44489C6234F4F835464A48035D0DF398FF9F8AF63D0E6CC63039F212F8F9020C7D47C6792B21C5FE7403D62A1188E2E60C98D7234A5830286103A55745067B9D86B8A3CF9C7F90C11DE6
310
07FB144396D7B6A82D282E9A152AD114D5EF2CB866EEE831B8EEA07A7BB5A8D7D61A2BAAEB7FD5F70921FF497D00504B0304140006080800B670623B3B4606F3FE000000A00100003B0000006662782F42384135303843342D343331462D343546312D424341352D3532343432364645413344462F7265736F75726365732F
310
636F72652E786D6C8D504B6E833010BD0A9A6D65B08134808CA354A427E8052C332156828DFCA97AFC9A40A576D7CDCCE87D344F8F9FBEE647F689CE6B6B7A6039850C8DB2A336530F315C4903D94970676DF82583CCC8197B5861107C72362E3BA4AC096842428D1D7107A5F71820538F74F4E0D50D6799CB1892C2DFF345
310
AABB9C306779A2934E701F5C0A906D4FD609C2A1B7D129F4BCD858C163D4E3AED163FAA9AF1A1D88F67CA98E6D35906AA82A52BFB39ABCD5CD915C86331BD86BD3B665CD8BD52C78D0F34F46E550061C419494B6843142CB0F5677F4D0D58717DA7494F26295FF31C565FCA7296A13AA728FBBD93C0896823C09C18BB5AFB4
310
9E65A6BD762BBE01504B010214000A0000080000B670623B3DEE336E79000000790000001B00000000000000000000000000000000006175746F6465736B2D64657369676E2D7061636B6167652E786D6C504B01021400140006080800B670623BD486FD9CA0000000F40000001300000000000000000000000000B2000000
310
5B436F6E74656E745F54797065735D2E786D6C504B01021400140006080800B670623B28ED286BEB0000007C010000080000000000000000000000000083010000636F72652E786D6C504B01021400140006080800B670623B55019EA25F0000007C000000070000000000000000000000000094020000636E782E786D6C50
310
4B01021400140006080800B670623B7BC41AC871010000D40300000C00000000000000000000000000180300006662782F636F72652E786D6C504B01021400140006080800B670623B70102A487D0000009D0000000B00000000000000000000000000B30400006662782F636E782E786D6C504B01021400140006080800B6
310
70623B3610CA3329010000120200003100000000000000000000000000590500006662782F42384135303843342D343331462D343546312D424341352D3532343432364645413344462F636F72652E786D6C504B01021400140006080800B670623B1B8617914E010000330300003000000000000000000000000000D10600
310
006662782F42384135303843342D343331462D343546312D424341352D3532343432364645413344462F636E782E786D6C504B01021400140006080800B670623BBFEF2E3B690500003C10000034000000000000000000000000006D0800006662782F42384135303843342D343331462D343546312D424341352D35323434
310
32364645413344462F6F626A656374732E786D6C504B01021400140006080000B670623B0000000000000000000000003500000000000000000000000000280E00006662782F42384135303843342D343331462D343546312D424341352D3532343432364645413344462F76657274696365732E62696E504B010214001400
310
06080800B670623BF270F133060000000400000036000000000000000000000000007B0E00006662782F42384135303843342D343331462D343546312D424341352D3532343432364645413344462F747269616E676C65732E62696E504B01021400140006080000B670623B00000000000000000000000037000000000000
310
00000000000000D50E00006662782F42384135303843342D343331462D343546312D424341352D3532343432364645413344462F617474726962757465732E62696E504B01021400140006080800B670623B08DA0BD1900000004101000036000000000000000000000000002A0F00006662782F42384135303843342D3433
310
31462D343546312D424341352D3532343432364645413344462F6469726563746F72792E786D6C504B01021400140006080800B670623B3B4606F3FE000000A00100003B000000000000000000000000000E1000006662782F42384135303843342D343331462D343546312D424341352D3532343432364645413344462F72
310
65736F75726365732F636F72652E786D6C504B0506000000000E000E0080040000651100000000
  0
XRECORD
  5
187
102
{ACAD_REACTORS
330
186
102
}
330
186
100
AcDbXrecord
280
     1
 70
     1
 90
429727718
  1
887D55A9-D0DD-414E-B741-A7DCD4DA2B4C
310
504B03040A0000080000B670623B3DEE336E79000000790000001B0000006175746F6465736B2D64657369676E2D7061636B6167652E786D6C3C3F786D6C2076657273696F6E3D22312E302220656E636F64696E673D227574662D3822203F3E3C666F726D6174733E3C666F726D61743E687474703A2F2F736368656D612E
310
6175746F6465736B2E636F6D2F64657369676E2D7061636B6167652F323030393C2F666F726D61743E3C2F666F726D6174733E504B0304140006080800B670623BD486FD9CA0000000F4000000130000005B436F6E74656E745F54797065735D2E786D6C7D8EC10E82300C865F65E91D8A1E8C310C0EEA1BF002731658846E
310
D98AC1B77784ABF1D8FE5FBFBF75BBCE937A534CCEB38643598122B6FEE978D0B0485F9C41B54DDD7D022595594E1A469170414C76A4D9A4D207E29CF43ECE46F218070CC6BECC4078ACAA135ACF422C856C0E68EA1BF5669944DDD7BCDE7B1F8E415D77AECB980613C2E4AC91FC167A2B244592486606FC29C8FD7F045B9A
310
EF7053A7E60B504B0304140006080800B670623BBC1638F5EC0000007C01000008000000636F72652E786D6C8D90416EC3201045AF82665B61836BE2D8C24471DB9CA01740401C94182C03558F5F9C3852BBEB6A467FFE9B197D7EF89E6EE8CB2CC17AD7032D0820E394D7D68D3DA478C67B4007C117EFE32F1B202727D3C3
310
2A83E0E3E2D3BC49CABB685CCCAAF3DA6CA20CC14440EA969B1E82BA98491632C5EC08D76296EA2A4753D06797E194AC468F2356E77DF66CCD02825543D50CACC62D39ED70FDC68EB8FD68F6F8787A6784342D1DDA1D2F5758F068A7E77DB518198D065111D2624A31A93E69DD11D6D5EC85EC3B4278B9DAFF4069D6FF8492
310
75F1B5DADE7D600104CD8FDC0782976B16B9DC83CA75CD4DFC00504B0304140006080800B670623B55019EA25F0000007C00000007000000636E782E786D6C4DCB3B0E80201045D1AD90E915ED2CF8AC45050C11660C8261F98AB1B07AC9C97D42D718D865D3E909258CFD00CCE24AC6E326A164D74DC0B4128928FF326038
310
472BA13128B1252AC747C6BAB984FC68F0B87FE8960A5C09FE86CFB69FBA01504B0304140006080800B670623B3586FFB671010000D40300000C0000006662782F636F72652E786D6CC553ED6E8320147D15C2DF4541A76D6D90A6DDD627D80B50A4CE54C120983EFEAE1F4DD7A55BBA5FF3879273EEE59E7310B6393735EA
310
95ED2AA3731C851423A5A5292A5DE6D8BB63B0C268C39935C67D29C3488B46E578803167A535BE9D2169B453DA01AA4DA16650749D7218C91A1639EEE4876A4428BC838AEE14B6429E44A9C228041AEA38EB9C0501681A32BC313F1ECE8C4C3867DE57C5CC56054CAB8E95B298A7F12E5EEED224C8E87E11242FE936C8DE96
310
AB60BB7F4D295D66D12E5B30323473E6AAE6A24E5A259C2A308F29CD82280A68FC1E256B9AAE93F489AED694323294DF34F9B678B0C957DA3DC7B3DCA9ADC33C022123F1CD2D44E450277AD04338234388F01913BE0D1A0281909D38D4171F27807A259DB1093085F157AA17B557309586747CD0CF0B46A64E983A6E0EAEEF
310
CE881F9EF1FB8E70D44297604238581EBC1B74B249C31C5AAB6CD0BB33D2C636A27ECCC62F0EFF445DC5DF95244D6DEC7F2922F30191F9F720C37DE49F504B0304140006080800B670623B4220A0FF7D0000009D0000000B0000006662782F636E782E786D6C4DCCD10A83201886E15B91FFDCE542CB0335D0EC3E6259C84A
310
C3E9D8E5AF46073BFAE0E1E315DD675BD1DBA5978F41C2FD4600B9F088930F8B849267CC01754AA418F3DF0D50183727E164506249B1EC174D6E1ECB9A0F5D7D785E68DB8151CD286E5A5363CA6B8A39E90D36D40E96B086F55A43A544F52B1D7B86D517504B0304140006080800B670623B2FA3FEDE290100001202000031
310
0000006662782F45374635344235342D363743322D343832342D383044432D4334454645303536354442422F636F72652E786D6C8D515B6EC32010BC0AE22B55850D2E386E848994D7097A0117488A1283C5A3CAF10BB523B57FF961D1ECCCECC0F2ED7DBC816FED8371B687A4C210682B9D32F6D2C314CFA883602BB8772E
310
FEA141608751F7B0C050F08B77695A20E96CD43666D43AA5177008414708E42D5F7A18E4971E876A483133C2B59A06791D2EBA22556E679EE021FA1C00CC43CA09C5717D6274C7286AD7FB06D1AEA1A8C3873DDAD3E3E98859CB0EBB1DAF67A1E02919B5C88DCA71CCD968FFAC49110B1ECDF8882FBD1EA256503418BF2342
310
106E3E08DD60B6A1EC15771B8C795DE8FF4469524F8A92B1F1AD59E2CEB20005E1F5DC105CB9F4797B84D1F7C9F908CABC55D0F2050A5C61CC1AD2F27A26E6E767C7962E8E213A9FBF7775FDCC5CC266DB960A5E970DE5F2BBBE5CCB36C50F504B0304140006080800B670623B1B8617914E01000033030000300000006662
310
782F45374635344235342D363743322D343832342D383044432D4334454645303536354442422F636E782E786D6CD593C16EC32010447F0571AD6CE3D489D20813A9877E410FBD62D82434182CC055F3F75D1292E692438FBD206B7698593D61BEFD1E2DF982108D773D6D6B460938E5B571FB9ECE6957AD29D90A1EBC4F77
310
364A9C1CA1A759A682EF839FA72269D8C9D92654AD71C72206887E0E0A22CAF926B15E498B01E0AA19451807D01A34B919F16B070157417138917400F2F6FA41FCF0092A45DEE414C19BDC21783E4BD39D891265658C3D8DEA00A3ACE59CBC8678ACB54CB26EEB6BD7839D7E9348BE70AD9C8321B9BCA7F9A4A26C542347DE
310
E050F09802D22BA6749A800A394DD62899107273365E3C82CFC6A55557BC06C10774B7ABE7AEC3B0F34CF06446280E154026D0542C187BA9DAB6628BF7B6DBB0E5A65B3EB1F58631DE64BBE083F7B65CC218087E22CABB042E51D1F2268F1FE12B3EA24D40D63E9CFE00120194D60B9D5BC67FE6D39CDF37E20AF817881F50
310
4B0304140006080800B670623B29652116630500003C100000340000006662782F45374635344235342D363743322D343832342D383044432D4334454645303536354442422F6F626A656374732E786D6CAD575D739B3814FD2B0CFB0C989834C90EA1639B24E3E9A6EDD4D3CE3E64C623834CD8006224913AFDF57B040203
310
B65BEF871F0C12D2FD3CF7E8CA7FBFCB33E3957291B2E2D674ED8969D02262715A24B76625B7D6B569BC0F7CCE98EC2D338D82E4F4D654D366E0279C55A59E8AE99654991CCDDECFFF3444440B6A1A514684B83545F44C7362934AB2988A173B2692D8C97667BB76B3702836E1A47C1E092D09A78584A5982F20C5688C7287
310
C389E904BEA3BE07BEFAD7ABA6A75739B53F43FD69212429A20365233153D70BEF2E2E6FAC4BCF9B5ADEBB0BD79ADFCF43CBBD9A4E16EF168B9BD9DD0D140BC921495BC2E9D60C1E101B9E46BED37CEA2CD6861F3329624541A3DA7F7858DBAC25C6B4A4458C3CA654405BCFEBC970E8AAD8F43E4FD558ABEC4F9FE7557F47
310
4F506B7BFBEC5BCA367FC105710E2AB8A00A554D7CB4A30DFE26FBA86D18CBF4B75418399194A72433B274C3097F33032C554B027F2046A1932B842B0FCCC0DDCBEBDB8AD2F835768F59B9ADB24C41D30C6A64AF817F2A456D59FA83F2E3DA60137255A585BCD60EC9B7929AC18DEFD49381AF1ED30BFDB109A4B1CD488294
310
C3CDE6EBC8D185AABD6568061FEE37BB95AAC7E3CA4BCE4ACAA5820FA0D526AE7DAA2869B5EE5999531BE0CC20E6FBA07C41E43FA27CF7A6206F3CDD793B4F6B919C1462CB788EDCD893FA674CDA17AB7B3B7C019F8D561FAEE966FED562DFE98C1D12C6A9FC015C2A35D7FF3D7FC398F591DA4B5FE0BFA2C0189FEA50AE22
310
92817A1ED3020951A03432862970F976B33383259812CC8E5D240BBA801CBCF8CE2BBEE3BF910DB6AAD5F79E05123AE2DB33981FB1ACCB02B69D00CB014FD68AB573A7627EF9BFD4CC2C5C7D58557C4B22FAA88925A4DBB44825CECE3D78FB060D1231F0E885BE7D673C86A3874958F593906B5502D1563157814FDAC3420D
310
F69A070A22EC4B98E23CFF171A1E5311D12C23056555ABA53B8614563B92D17D02AAB009E8F46284624E5F53D5490C560CCCC2591FF1B45421EB0EBD8EA7ED13BE7C5D7E0428CD60FEF60779EB13E6664FF711CB185F6FDED60D139A001FF60CD1FD6D086F1D51474901E26B2CB794A343BC8ED3EDB612E0DD2351FCB65CF4
310
33D511C9E14B5B40ADC6A6263DB0336A8F700DDF56271A024E70B0B3629DE21847591E55DED73D56206AB927E46FAABC5C939C55853C274C93D69FD6FA4E78BF8B11DF898C9ECD60553FAD39283BA6F18984AA23E8884F83F45C5F5F859797B31B2B9C84A1E5B9DE9D35BFF25C6B76152E422F9C5DCC3D847F5801ED09D5AF
310
41441327A25FF15487F9EB725FB666F048A4701E9A827292E6F97569A32DF61DEC01C0BB8DCBBCCC684E0B49147C1FD54BF685A0AB18C868E6973949E819523E3DAC463660E68C7D9F55A9D1EFA3BD7A76A16AE1A810F95CE59B82A4D968A376DC2E8B44BBDD86B27B368CDE0ED548C7137DA860591A83706223A12CA712B4
310
7306DBF39C0A20A6DF95C7FAF670C6EED7A61F946493D1D6926782963813403548A78AE470DEF80D2D9CEAA26E4D1C76F60BFE74219A06527D6B82DF641A51616F703CAAC6A7160E08A00BEB4810A0274592A1B36E3675E36E978A0DE80727A0D6DF2D39A75BD27E0D8837276589537B40ABB56D5A41F48F1C6FCD3188C4EB
310
A6929D2FFB89CE995A4D00AE813BDD032DC48B56BD437DFDDC2DD7AED70C2272D63DE9A72068A45A92F0A4BE17A8A06B9366E16707AD80B1FC649459952097E74BB23805982B55E0401150A165964402AA8BDF9F3E7386BB686EDCA780C0D382E5392BF460A6EFB2C6EA1937D3F809B440D5F5435C4C5CF7A9EEFAF54564BD
310
2182DA24162F98680B4E7930C21A0079709CEAEB99A372305ABE0C0D7D6078105A83F6A0296DAEE1068A47DD1C55A9F4C9B2FC69E3EFD44B81028E963DF81B504B0304140006080000B670623B000000000000000000000000350000006662782F45374635344235342D363743322D343832342D383044432D433445464530
310
3536354442422F76657274696365732E62696E504B0304140006080800B670623BF270F1330600000004000000360000006662782F45374635344235342D363743322D343832342D383044432D4334454645303536354442422F747269616E676C65732E62696E636660600000504B0304140006080000B670623B00000000
310
0000000000000000370000006662782F45374635344235342D363743322D343832342D383044432D4334454645303536354442422F617474726962757465732E62696E504B0304140006080800B670623B08DA0BD19000000041010000360000006662782F45374635344235342D363743322D343832342D383044432D4334
310
454645303536354442422F6469726563746F72792E786D6C858F410AC3201045AF22B36F53E9A60B35CBEEBAE80D244E44489C6234F4F835464A48035D0DF398FF9F8AF63D0E6CC63039F212F8F9020C7D47C6792B21C5FE7403D62A1188E2E60C98D7234A5830286103A55745067B9D86B8A3CF9C7F90C11DE607FB144396
310
D7B6A82D282E9A152AD114D5EF2CB866EEE831B8EEA07A7BB5A8D7D61A2BAAEB7FD5F70921FF497D00504B0304140006080800B670623B6378F24DFF000000A00100003B0000006662782F45374635344235342D363743322D343832342D383044432D4334454645303536354442422F7265736F75726365732F636F72652E
310
786D6C8D504B6E833010BD0A9A6D65B0094E42641C85B639412F6099496225D8C89FAAC7AF09546A77DDCC8CDE47F3F4C4F16B7C149FE88371B603565228D06A37187BED20C50BD9437194C23B177FC9A0B06AC40E6618A4B87A97A615D2CE46B431A3D60DB8822A048C50E8473E3A08FA86A32A558A5911EEE5A4F45D5DB1
310
6465A6B34E8A107D0E502C4FE609D26370C96B0CA25A58295232C3AA3143FE692E063D485EF7F5AEE71BD2D2F39634AFFC44DAF7DD9E9CCE6F9CD25DCBFA762BAAD92C4534E34F46ED51451C40D694B6843142EB0FD61C283F34FC85EE0F948A6A96FF31A569F8A729191B37F51A77B105902C0779125254735F793DCBCC7B
310
EE567E03504B010214000A0000080000B670623B3DEE336E79000000790000001B00000000000000000000000000000000006175746F6465736B2D64657369676E2D7061636B6167652E786D6C504B01021400140006080800B670623BD486FD9CA0000000F40000001300000000000000000000000000B20000005B436F6E
310
74656E745F54797065735D2E786D6C504B01021400140006080800B670623BBC1638F5EC0000007C010000080000000000000000000000000083010000636F72652E786D6C504B01021400140006080800B670623B55019EA25F0000007C000000070000000000000000000000000095020000636E782E786D6C504B010214
310
00140006080800B670623B3586FFB671010000D40300000C00000000000000000000000000190300006662782F636F72652E786D6C504B01021400140006080800B670623B4220A0FF7D0000009D0000000B00000000000000000000000000B40400006662782F636E782E786D6C504B01021400140006080800B670623B2F
310
A3FEDE290100001202000031000000000000000000000000005A0500006662782F45374635344235342D363743322D343832342D383044432D4334454645303536354442422F636F72652E786D6C504B01021400140006080800B670623B1B8617914E010000330300003000000000000000000000000000D2060000666278
310
2F45374635344235342D363743322D343832342D383044432D4334454645303536354442422F636E782E786D6C504B01021400140006080800B670623B29652116630500003C10000034000000000000000000000000006E0800006662782F45374635344235342D363743322D343832342D383044432D4334454645303536
310
354442422F6F626A656374732E786D6C504B01021400140006080000B670623B0000000000000000000000003500000000000000000000000000230E00006662782F45374635344235342D363743322D343832342D383044432D4334454645303536354442422F76657274696365732E62696E504B01021400140006080800
310
B670623BF270F13306000000040000003600000000000000000000000000760E00006662782F45374635344235342D363743322D343832342D383044432D4334454645303536354442422F747269616E676C65732E62696E504B01021400140006080000B670623B0000000000000000000000003700000000000000000000
310
000000D00E00006662782F45374635344235342D363743322D343832342D383044432D4334454645303536354442422F617474726962757465732E62696E504B01021400140006080800B670623B08DA0BD190000000410100003600000000000000000000000000250F00006662782F45374635344235342D363743322D34
310
3832342D383044432D4334454645303536354442422F6469726563746F72792E786D6C504B01021400140006080800B670623B6378F24DFF000000A00100003B00000000000000000000000000091000006662782F45374635344235342D363743322D343832342D383044432D4334454645303536354442422F7265736F75
310
726365732F636F72652E786D6C504B0506000000000E000E0080040000611100000000
  0
XRECORD
  5
112
102
{ACAD_REACTORS
330
110
102
}
330
110
100
AcDbXrecord
280
     1
270
     1
271
     1
  0
XRECORD
  5
111
102
{ACAD_REACTORS
330
110
102
}
330
110
100
AcDbXrecord
280
     1
270
     1
271
     1
  0
XRECORD
  5
18A
102
{ACAD_REACTORS
330
110
102
}
330
110
100
AcDbXrecord
280
     1
 70
     0
 90
1778669749
  1
9BF507EE-FAF7-4A99-A33D-4EE51894BC40
310
504B03040A0000080000B670623B3DEE336E79000000790000001B0000006175746F6465736B2D64657369676E2D7061636B6167652E786D6C3C3F786D6C2076657273696F6E3D22312E302220656E636F64696E673D227574662D3822203F3E3C666F726D6174733E3C666F726D61743E687474703A2F2F736368656D612E
310
6175746F6465736B2E636F6D2F64657369676E2D7061636B6167652F323030393C2F666F726D61743E3C2F666F726D6174733E504B0304140006080800B670623BD486FD9CA0000000F4000000130000005B436F6E74656E745F54797065735D2E786D6C7D8EC10E82300C865F65E91D8A1E8C310C0EEA1BF002731658846E
310
D98AC1B77784ABF1D8FE5FBFBF75BBCE937A534CCEB38643598122B6FEE978D0B0485F9C41B54DDD7D022595594E1A469170414C76A4D9A4D207E29CF43ECE46F218070CC6BECC4078ACAA135ACF422C856C0E68EA1BF5669944DDD7BCDE7B1F8E415D77AECB980613C2E4AC91FC167A2B244592486606FC29C8FD7F045B9A
310
EF7053A7E60B504B0304140006080800B670623BCA089DFFEC0000007C01000008000000636F72652E786D6C8D90416E83301045AF62CDB632D8402020E32882F604BD80653BC44AB011B6AB1EBF262152BBEB6A467FFE9B197D76FA9EEFE84BAFDE38DB03CD08206DA553C64E3DC470C1474027CE56E7C22F1B202B66DDC3
310
260367D3EAE2B24BD2D9A06D48AA754AEFA2F05E0740F29E9A1EBCBCEA59642286E4F0B76C11F226269DD15797E0188D42CF2346A57DE662F40ABCAEC77628C6120F654571D50C04B7F5B9C1E3997CD4F550BE3745C3F20DE62C98F9755FAE5A04AD801784B498524C8A4F5A75E4D055873772EC0861F966FF03C545FD138A
310
C686B2D8DF7D621E384D8F3C069CE55B16A93C824A75CB8DFF00504B0304140006080800B670623B55019EA25F0000007C00000007000000636E782E786D6C4DCB3B0E80201045D1AD90E915ED2CF8AC45050C11660C8261F98AB1B07AC9C97D42D718D865D3E909258CFD00CCE24AC6E326A164D74DC0B4128928FF326038
310
472BA13128B1252AC747C6BAB984FC68F0B87FE8960A5C09FE86CFB69FBA01504B0304140006080800B670623B68FC0B7272010000D40300000C0000006662782F636F72652E786D6CC5535B6E833010BC8AE5DF0A6C1E8124328E22D29EA01770C0A128602363A31CBFCB234A53A555FA553EC09AD9F5CE8C31DB5DDA060D
310
D2F4B556190E7C8A9154852E6B5565D8D993B7C668C799D1DA7E29C3488956667884316795D1AE5BA0422B2B950554E9522EA0E87B69312A1A5864B82F3E642B7CE12C54F467BF13C55954D20F7CA0A18EB3DE1A1080E621E31BF3D3F1C2C88C73E65C5D2E6C5DC2B4FA544B8379921C36797888BC3C8A032F4E73EA6D927D
310
EA1DF6F42D49F2E8350D5346C666CE6CDD5ED515460A2B4BCC434A375E1078347C0FE22D5D6DE3D50B5D6F2965642CBF6B725DF96493AB958DC245EEDCD6631E809089F8E61622B2A81703E8219C913144F84C09DF070D8140C8561C9BAB8F3340832CAC363130A576376A108D933095FA747AD0CF0B46E64E983A6D0EAE1F
310
CE089F9EF1FB8E70D44255604258581E9D1D75B259C3125A278D37D80B52DAB4A279CEC62F0EFF44DDC43F9454E8469BFF5244960322CBEF41C6FBC83F01504B0304140006080800B670623B0F71DDB67E0000009D0000000B0000006662782F636E782E786D6C4DCCD10A83201886E15B91FFDCA54DB73F502386BB8F5816
310
32D3703976F9ABD1C18E3E78F87855FB990379BBFCF2296AE02706C4C5471A7C9C349475A408A4352AA7B4FEDD80C47E761A7606A3A69CCA72D0E0C6BE8475D3E0E3F3409428EA6B27A84079A782899AA2EC1A7AE3ECCC2FD858CB2D544655BFD2B67BD87C01504B0304140006080800B670623BE134B4FB28010000120200
310
00310000006662782F38353834323741342D343835462D343034322D383541392D4331303331363839454531452F636F72652E786D6C8D515B6EC32010BC0AE22B55850D0EA424C24451959EA0172086A42831583CAA1CBF503B52FB971F16CDCECC0EACD8DFC71BF836215AEF7A481A0C817183D7D65D7A98D3197108F652
310
04EFD31F1A044E8DA6871586525C82CFD3020DDE25E352419DD76601558C264130DCCAA58771F832A36A544E8511AFCDA486ABBA988634A55D7852C4144A00300FA927949C71DABD1D28A29C7D208A6987383B6CD13BC16BB2E1DBE3911C453B0BA5C8D9EA456E758963CFD684674DAA588A64C747FC2118958C86B2C3788B
310
0841B8FB247487D98EB257CC77188BB6D2FF89F2A49F1465EBD2BA5BE2CEB2082511EDDC9042FB7CBA3DC298FBE4430275DE2A9AE1054ADC60CC08E3A29D89E5F9C5714317C7987C28DFBBBA9E0A97B0D97643A568EB864AF95D5FA9759BF207504B0304140006080800B670623B1B8617914E010000330300003000000066
310
62782F38353834323741342D343835462D343034322D383541392D4331303331363839454531452F636E782E786D6CD593C16EC32010447F0571AD6CE3D489D20813A9877E410FBD62D82434182CC055F3F75D1292E692438FBD206B7698593D61BEFD1E2DF982108D773D6D6B460938E5B571FB9ECE6957AD29D90A1EBC4F
310
77364A9C1CA1A759A682EF839FA72269D8C9D92654AD71C72206887E0E0A22CAF926B15E498B01E0AA19451807D01A34B919F16B070157417138917400F2F6FA41FCF0092A45DEE414C19BDC21783E4BD39D891265658C3D8DEA00A3ACE59CBC8678ACB54CB26EEB6BD7839D7E9348BE70AD9C8321B9BCA7F9A4A26C542347
310
DEE050F09802D22BA6749A800A394DD62899107273365E3C82CFC6A55557BC06C10774B7ABE7AEC3B0F34CF06446280E154026D0542C187BA9DAB6628BF7B6DBB0E5A65B3EB1F58631DE64BBE083F7B65CC218087E22CABB042E51D1F2268F1FE12B3EA24D40D63E9CFE00120194D60B9D5BC67FE6D39CDF37E20AF817881F
310
504B0304140006080800B670623B5933D422630500003B100000340000006662782F38353834323741342D343835462D343034322D383541392D4331303331363839454531452F6F626A656374732E786D6CAD575B6FA33814FE2B887D0642934E9B156594264D158D3A534DD4D13E548A0C38942D60649B4EBABF7E3F8321
310
40924EF6928780CDF1B97EE762EFF32E4B8D37CA45C2F21BD3B547A641F39045491EDF98A5DC5AD7A6F1D9F73863B243661A39C9E88DA9B64DDF8B392B0BBD15D12D295339D85DDEFE618890E6D434C2940871638AF08566C426A5641115AF764424B1E3EDCE76ED9AB0CF36E6A47819302D08A7B984A6D8CFC1C5A89572FB
310
CB91E9F89EA3BEFB9EFAD754E3D3544E654F5F7E920B49F2F040D880CDD89D2CEE2E2EA7D6E56432B6269F2E5CEB7679BBB0DCABF168FE693E9FCEEEA6102C240727AD09A75BD3BF876F78127A4EFDA9D5582B7E4CA590E5390D2BFB6161A5B3E618D182E611E2985001691DAB47FDA5AB7CD3F93C566B2DB2BB7D9E55DD13
310
1D468DEECDB3AB290BFE8409E21C54704115AA6AFF68436BFC8DF65E0B184BF5B74418199194272435D224E084BF9B3E481589EFF5D828747285706581E9BB7B7E5D5D911ABFC6EE312DB7659A2A689A7E85EC0DF04FA5A8344BFEA2FCB834E8845895492EAFB541F2BDA0A63FF59C6AD3F7D4637CA13FD68E34B629891172
310
98597F1D183A57B9B75A98FE9765B05BAB7C3C2EBCE0ACA05C2AF8005A4DE09AA7F29216EB9E15397500C6F47CBE77CA7778FE2BD277AF0AE2C693DD6437D1522427B9D8329E2136F6A8FA19A3E6C56ADF0E5F50CF06D48734EDCEBF22F69C56D97EC138153F804B85E6FABFC7AFEFB32E523BE1F3BD372418E363EDCA7548
310
52949E8724474014288D94610BB57C1BEC4C7F854A89CA8E5324F55B871CBC78CE1BBEE3BFE68D6A5589EF3C730474506FCFA8FCF0659516D0ED04580EEA6425581B77CAE797FF4BCECC16EB2FEB926F49481F746159D06D922712BD730FDEAE42BD40F42C7AA5EF3F198F60E86110D6DD20645A9480B795CF95E3E3A659A8
310
C55E724F408873315335CFFB8584874484344D494E59D94869DB90C26A5B64F49C802CAC1D3ABE18A098D3B7444D123D8A9E5AE8F5214F0AE5B2B6E9B575DA3E61CBD3EA2B4009FA940524DD1305FB6A1FB294F14DF0BEA90BA109ECE1481FDC3FFAE8D60E75141700BE82725371B4873751B2DD960265F788137FACE6DD40
310
B575E4F0A5C99F46629D92131467A41EE11ABD8D4CCC039CA0AFB37C93A08B232B8F0AEFCA1E0A1015DF13FC83322B362463652ECF71D3A8B1A7D1BE65DE1D62C44F22C317D35F574FEB16153BA2D13E543D10A80E74C4A65E78A6B7CBCBD1D5DD9DB59C2DAFACC96C3AB566E3F1C29ADCDD5DBAD7D3C9ED7C822ED74F80A6
310
41755310DE4443F44A9E68373FADF6596BFA0F440AE7BECE2727AE9F4F2B1B53B1E7E00CF0DD1E5C65454A339A4BA2D0FBA05ED2EF0443458F47BDBFCA484CCFE0F2ED7E3DD0013B679C7B5499467F0ECEEADDB9CA85A34CE44B99053949D2C1416DB85DE4B136BB7165FBAC0B7AB3542BED4F8CA182A549847A1319316519
310
95A83A67147B9E5101C47487F2485F1ECE38FD568F839204296D3479219888530154036E6528FBFBC66F98E0D4107563A2D7D9AFF8D389681A08F58D89F22693900A3B407754734FC51C10C010D6D640809EE4718AC1BA3ED4AEDB53CA37283F68805A7E4B72CEB0A4EDEAD5DD8C14059A76AFAA56BA6901E13F32BC51C720
310
12AF41295B5BF61BAD3195181FB506E6B40F4C10AF5AF40EF9F5B159AE5DD1F43C72D635E94310D45C2D49785C5D0B94D3B54AB3C5A38349C0587D338AB48C11CBF339599C02CCA54A70A008A8D03C0B2201D5F9EFCF8F9CE12A9A19CB0410789EB32C63B95ECCF455D658BFE0621A3DA32C5075FB101723D77DAE867E7D0F
310
D90444509B44E2151B4DC2290B065803200FBAA9BE9D392A0603F2D5C2D00D6302A615680F66D2FA166E2079D4C551A54AB758161FCEFD4E450A14704CECFEDF504B0304140006080000B670623B000000000000000000000000350000006662782F38353834323741342D343835462D343034322D383541392D4331303331
310
363839454531452F76657274696365732E62696E504B0304140006080800B670623BF270F1330600000004000000360000006662782F38353834323741342D343835462D343034322D383541392D4331303331363839454531452F747269616E676C65732E62696E636660600000504B0304140006080000B670623B000000
310
000000000000000000370000006662782F38353834323741342D343835462D343034322D383541392D4331303331363839454531452F617474726962757465732E62696E504B0304140006080800B670623B08DA0BD19000000041010000360000006662782F38353834323741342D343835462D343034322D383541392D43
310
31303331363839454531452F6469726563746F72792E786D6C858F410AC3201045AF22B36F53E9A60B35CBEEBAE80D244E44489C6234F4F835464A48035D0DF398FF9F8AF63D0E6CC63039F212F8F9020C7D47C6792B21C5FE7403D62A1188E2E60C98D7234A5830286103A55745067B9D86B8A3CF9C7F90C11DE607FB1443
310
96D7B6A82D282E9A152AD114D5EF2CB866EEE831B8EEA07A7BB5A8D7D61A2BAAEB7FD5F70921FF497D00504B0304140006080800B670623BD9A3B367FE000000A00100003B0000006662782F38353834323741342D343835462D343034322D383541392D4331303331363839454531452F7265736F75726365732F636F7265
310
2E786D6C8D504B6E833010BD0A9A6D65B01D0201194711694FD00B586642AD043BF2A7EAF16B122AB5BB6E6646EFA3797AE2F8B5DC8A4FF4C1383B002B291468B59B8C9D0748F1420E501CA5F0CEC55F3228AC5A708015062966EFD27D83B4B3116DCCA875136EA00A012314FA968F0182FEC045952AC5AC08D7F2AEF455CD
310
58B232D3592745883E07289E4FD609D26370C96B0CA27AB252A464A64D63A6FCD35C0C7A904D73EE467EE664DCD58CD4ED4849D79C5A723ED1B7A61977AF2D6F45B59AA58866F9C9A83DAA8813484E6947182394BFB3BAA7FBBEDEBFD0434FA9A856F91F53BA4FFF342563E38E6F719FB60092E5200F428A6AED2BAF479979
310
AFDDCA6F504B010214000A0000080000B670623B3DEE336E79000000790000001B00000000000000000000000000000000006175746F6465736B2D64657369676E2D7061636B6167652E786D6C504B01021400140006080800B670623BD486FD9CA0000000F40000001300000000000000000000000000B20000005B436F6E
310
74656E745F54797065735D2E786D6C504B01021400140006080800B670623BCA089DFFEC0000007C010000080000000000000000000000000083010000636F72652E786D6C504B01021400140006080800B670623B55019EA25F0000007C000000070000000000000000000000000095020000636E782E786D6C504B010214
310
00140006080800B670623B68FC0B7272010000D40300000C00000000000000000000000000190300006662782F636F72652E786D6C504B01021400140006080800B670623B0F71DDB67E0000009D0000000B00000000000000000000000000B50400006662782F636E782E786D6C504B01021400140006080800B670623BE1
310
34B4FB280100001202000031000000000000000000000000005C0500006662782F38353834323741342D343835462D343034322D383541392D4331303331363839454531452F636F72652E786D6C504B01021400140006080800B670623B1B8617914E010000330300003000000000000000000000000000D3060000666278
310
2F38353834323741342D343835462D343034322D383541392D4331303331363839454531452F636E782E786D6C504B01021400140006080800B670623B5933D422630500003B10000034000000000000000000000000006F0800006662782F38353834323741342D343835462D343034322D383541392D4331303331363839
310
454531452F6F626A656374732E786D6C504B01021400140006080000B670623B0000000000000000000000003500000000000000000000000000240E00006662782F38353834323741342D343835462D343034322D383541392D4331303331363839454531452F76657274696365732E62696E504B01021400140006080800
310
B670623BF270F13306000000040000003600000000000000000000000000770E00006662782F38353834323741342D343835462D343034322D383541392D4331303331363839454531452F747269616E676C65732E62696E504B01021400140006080000B670623B0000000000000000000000003700000000000000000000
310
000000D10E00006662782F38353834323741342D343835462D343034322D383541392D4331303331363839454531452F617474726962757465732E62696E504B01021400140006080800B670623B08DA0BD190000000410100003600000000000000000000000000260F00006662782F38353834323741342D343835462D34
310
3034322D383541392D4331303331363839454531452F6469726563746F72792E786D6C504B01021400140006080800B670623BD9A3B367FE000000A00100003B000000000000000000000000000A1000006662782F38353834323741342D343835462D343034322D383541392D4331303331363839454531452F7265736F75
310
726365732F636F72652E786D6C504B0506000000000E000E0080040000611100000000
  0
XRECORD
  5
113
102
{ACAD_REACTORS
330
110
102
}
330
110
100
AcDbXrecord
280
     1
270
     1
271
     1
  0
XRECORD
  5
114
102
{ACAD_REACTORS
330
110
102
}
330
110
100
AcDbXrecord
280
     1
270
     1
271
     1
  0
CELLSTYLEMAP
  5
6C3
102
{ACAD_REACTORS
330
104
102
}
330
104
100
AcDbCellStyleMap
 90
        3
300
CELLSTYLE
  1
TABLEFORMAT_BEGIN
 90
        5
170
     1
 91
        0
 92
    32768
 62
   257
 93
        1
300
CONTENTFORMAT
  1
CONTENTFORMAT_BEGIN
 90
        0
 91
        0
 92
      512
 93
        0
300

 40
0.0
140
1.0
 94
        5
 62
     0
340
11
144
0.25
309
CONTENTFORMAT_END
171
     1
301
MARGIN
  1
CELLMARGIN_BEGIN
 40
0.06
 40
0.06
 40
0.06
 40
0.06
 40
0.18
 40
0.18
309
CELLMARGIN_END
 94
        6
 95
        1
302
GRIDFORMAT
  1
GRIDFORMAT_BEGIN
 90
        0
 91
        1
 62
     0
 92
       -2
340
0
 93
        0
 40
0.045
309
GRIDFORMAT_END
 95
        2
302
GRIDFORMAT
  1
GRIDFORMAT_BEGIN
 90
        0
 91
        1
 62
     0
 92
       -2
340
0
 93
        0
 40
0.045
309
GRIDFORMAT_END
 95
        4
302
GRIDFORMAT
  1
GRIDFORMAT_BEGIN
 90
        0
 91
        1
 62
     0
 92
       -2
340
0
 93
        0
 40
0.045
309
GRIDFORMAT_END
 95
        8
302
GRIDFORMAT
  1
GRIDFORMAT_BEGIN
 90
        0
 91
        1
 62
     0
 92
       -2
340
0
 93
        0
 40
0.045
309
GRIDFORMAT_END
 95
       16
302
GRIDFORMAT
  1
GRIDFORMAT_BEGIN
 90
        0
 91
        1
 62
     0
 92
       -2
340
0
 93
        0
 40
0.045
309
GRIDFORMAT_END
 95
       32
302
GRIDFORMAT
  1
GRIDFORMAT_BEGIN
 90
        0
 91
        1
 62
     0
 92
       -2
340
0
 93
        0
 40
0.045
309
GRIDFORMAT_END
309
TABLEFORMAT_END
  1
CELLSTYLE_BEGIN
 90
        1
 91
        1
300
_TITLE
309
CELLSTYLE_END
300
CELLSTYLE
  1
TABLEFORMAT_BEGIN
 90
        5
170
     1
 91
        0
 92
        0
 62
   257
 93
        1
300
CONTENTFORMAT
  1
CONTENTFORMAT_BEGIN
 90
        0
 91
        0
 92
      512
 93
        0
300

 40
0.0
140
1.0
 94
        5
 62
     0
340
11
144
0.18
309
CONTENTFORMAT_END
171
     1
301
MARGIN
  1
CELLMARGIN_BEGIN
 40
0.06
 40
0.06
 40
0.06
 40
0.06
 40
0.18
 40
0.18
309
CELLMARGIN_END
 94
        6
 95
        1
302
GRIDFORMAT
  1
GRIDFORMAT_BEGIN
 90
        0
 91
        1
 62
     0
 92
       -2
340
0
 93
        0
 40
0.045
309
GRIDFORMAT_END
 95
        2
302
GRIDFORMAT
  1
GRIDFORMAT_BEGIN
 90
        0
 91
        1
 62
     0
 92
       -2
340
0
 93
        0
 40
0.045
309
GRIDFORMAT_END
 95
        4
302
GRIDFORMAT
  1
GRIDFORMAT_BEGIN
 90
        0
 91
        1
 62
     0
 92
       -2
340
0
 93
        0
 40
0.045
309
GRIDFORMAT_END
 95
        8
302
GRIDFORMAT
  1
GRIDFORMAT_BEGIN
 90
        0
 91
        1
 62
     0
 92
       -2
340
0
 93
        0
 40
0.045
309
GRIDFORMAT_END
 95
       16
302
GRIDFORMAT
  1
GRIDFORMAT_BEGIN
 90
        0
 91
        1
 62
     0
 92
       -2
340
0
 93
        0
 40
0.045
309
GRIDFORMAT_END
 95
       32
302
GRIDFORMAT
  1
GRIDFORMAT_BEGIN
 90
        0
 91
        1
 62
     0
 92
       -2
340
0
 93
        0
 40
0.045
309
GRIDFORMAT_END
309
TABLEFORMAT_END
  1
CELLSTYLE_BEGIN
 90
        2
 91
        1
300
_HEADER
309
CELLSTYLE_END
300
CELLSTYLE
  1
TABLEFORMAT_BEGIN
 90
        5
170
     1
 91
        0
 92
        0
 62
   257
 93
        1
300
CONTENTFORMAT
  1
CONTENTFORMAT_BEGIN
 90
        0
 91
        0
 92
      512
 93
        0
300

 40
0.0
140
1.0
 94
        2
 62
     0
340
11
144
0.18
309
CONTENTFORMAT_END
171
     1
301
MARGIN
  1
CELLMARGIN_BEGIN
 40
0.06
 40
0.06
 40
0.06
 40
0.06
 40
0.18
 40
0.18
309
CELLMARGIN_END
 94
        6
 95
        1
302
GRIDFORMAT
  1
GRIDFORMAT_BEGIN
 90
        0
 91
        1
 62
     0
 92
       -2
340
0
 93
        0
 40
0.045
309
GRIDFORMAT_END
 95
        2
302
GRIDFORMAT
  1
GRIDFORMAT_BEGIN
 90
        0
 91
        1
 62
     0
 92
       -2
340
0
 93
        0
 40
0.045
309
GRIDFORMAT_END
 95
        4
302
GRIDFORMAT
  1
GRIDFORMAT_BEGIN
 90
        0
 91
        1
 62
     0
 92
       -2
340
0
 93
        0
 40
0.045
309
GRIDFORMAT_END
 95
        8
302
GRIDFORMAT
  1
GRIDFORMAT_BEGIN
 90
        0
 91
        1
 62
     0
 92
       -2
340
0
 93
        0
 40
0.045
309
GRIDFORMAT_END
 95
       16
302
GRIDFORMAT
  1
GRIDFORMAT_BEGIN
 90
        0
 91
        1
 62
     0
 92
       -2
340
0
 93
        0
 40
0.045
309
GRIDFORMAT_END
 95
       32
302
GRIDFORMAT
  1
GRIDFORMAT_BEGIN
 90
        0
 91
        1
 62
     0
 92
       -2
340
0
 93
        0
 40
0.045
309
GRIDFORMAT_END
309
TABLEFORMAT_END
  1
CELLSTYLE_BEGIN
 90
        3
 91
        2
300
_DATA
309
CELLSTYLE_END
  0
ENDSEC
  0
SECTION
  2
ACDSDATA
 70
     2
 71
     8
  0
ACDSSCHEMA
 90
        0
  1
AcDb_Thumbnail_Schema
  2
AcDbDs::ID
280
    10
 91
        8
  2
Thumbnail_Data
280
    15
 91
        0
101
ACDSRECORD
 95
        0
 90
        1
  2
AcDbDs::TreatedAsObjectData
280
     1
291
     1
101
ACDSRECORD
 95
        0
 90
        2
  2
AcDbDs::Legacy
280
     1
291
     1
101
ACDSRECORD
  1
AcDbDs::ID
 90
        3
  2
AcDs:Indexable
280
     1
291
     1
101
ACDSRECORD
  1
AcDbDs::ID
 90
        4
  2
AcDbDs::HandleAttribute
280
     7
282
     1
  0
ACDSSCHEMA
 90
        1
  1
AcDbDs::TreatedAsObjectDataSchema
  2
AcDbDs::TreatedAsObjectData
280
     1
 91
        0
  0
ACDSSCHEMA
 90
        2
  1
AcDbDs::LegacySchema
  2
AcDbDs::Legacy
280
     1
 91
        0
  0
ACDSSCHEMA
 90
        3
  1
AcDbDs::IndexedPropertySchema
  2
AcDs:Indexable
280
     1
 91
        0
  0
ACDSSCHEMA
 90
        4
  1
AcDbDs::HandleAttributeSchema
  2
AcDbDs::HandleAttribute
280
     7
 91
        1
284
     1
  0
ACDSRECORD
 90
        0
  2
AcDbDs::ID
280
    10
320
22
  2
Thumbnail_Data
280
    15
 94
    11415
310
89504E470D0A1A0A0000000D49484452000001000000006C0803000000B2ED9CC100000300504C5445212830FFFFFF2128300000000000000000000000000000000000000000000000000000330000660000990000CC0000FF0033000033330033660033990033CC0033FF0066000066330066660066990066CC0066FF0099
310
000099330099660099990099CC0099FF00CC0000CC3300CC6600CC9900CCCC00CCFF00FF0000FF3300FF6600FF9900FFCC00FFFF3300003300333300663300993300CC3300FF3333003333333333663333993333CC3333FF3366003366333366663366993366CC3366FF3399003399333399663399993399CC3399FF33CC00
310
33CC3333CC6633CC9933CCCC33CCFF33FF0033FF3333FF6633FF9933FFCC33FFFF6600006600336600666600996600CC6600FF6633006633336633666633996633CC6633FF6666006666336666666666996666CC6666FF6699006699336699666699996699CC6699FF66CC0066CC3366CC6666CC9966CCCC66CCFF66FF0066
310
FF3366FF6666FF9966FFCC66FFFF9900009900339900669900999900CC9900FF9933009933339933669933999933CC9933FF9966009966339966669966999966CC9966FF9999009999339999669999999999CC9999FF99CC0099CC3399CC6699CC9999CCCC99CCFF99FF0099FF3399FF6699FF9999FFCC99FFFFCC0000CC00
310
33CC0066CC0099CC00CCCC00FFCC3300CC3333CC3366CC3399CC33CCCC33FFCC6600CC6633CC6666CC6699CC66CCCC66FFCC9900CC9933CC9966CC9999CC99CCCC99FFCCCC00CCCC33CCCC66CCCC99CCCCCCCCCCFFCCFF00CCFF33CCFF66CCFF99CCFFCCCCFFFFFF0000FF0033FF0066FF0099FF00CCFF00FFFF3300FF3333
310
FF3366FF3399FF33CCFF33FFFF6600FF6633FF6666FF6699FF66CCFF66FFFF9900FF9933FF9966FF9999FF99CCFF99FFFFCC00FFCC33FFCC66FFCC99FFCCCCFFCCFFFFFF00FFFF33FFFF66FFFF99FFFFCCFFFFFF0000000D0D0D1A1A1A2828283535354343435050505D5D5D6B6B6B787878868686939393A1A1A1AEAEAEBB
310
BBBBC9C9C9D6D6D6E4E4E4F1F1F1FFFFFF0000000000000000000000000000000000000000000000000000000000002E4550F100001E854944415478DAAD5C3D9ADB4892ED23749F222F403ACB93B01CD059B68B0BB4A59243B421CC11D6D99133A0B1849CFE7410B9A32289FF1F5E60DF8BC84C2450A599EE418124008224
310
0A11F1E2C54F26EAA79F168BB9DF8B371F3FDEB855B0E573F626784EDB371E7CCAEBAF2E87F95BF3D37FBA18B98EC85E68E4AF3BB257CD23C5DE4A10851FC97B2B7A749F8E84E729A65F4C5B0A1C59E1237D3B1D981412FD59E1572BC05D5634DB4C3BFB42F643635A89BC4EECDE5E8E464FFAFE29B4BC3D9B9E55955E144E
310
194E07F3D7EBB7DC3B2CF6B839AC51C0BD78BA3B25044857BB174F91BD5C6FFDD0FCDE21A205EE43205878CC91BF2F163EF0EFDD0092AACC87A82823078303DF16EB1440931533D34633B3DD3D1202545B8545CEF9F7C5C23D14344E210B8C89D0FB039F11948CB7D89323F292657FF8172E7008347258CF0133AFBF2F1D76
310
6EC3891B26DE08BF35C346F0E953740F10E5301F183E80797100420EA29808EB72CFA31FA8B5E7E280D79209D6B9403441533D3D9A850207566E9DA7CC385190E0FDC77D255A7C2FF07CDD8B1CFAEF6AFD1F119FD8385AA0E1B783FF4859609D0B889EC36827CE2BC652F10F7B475F4E9C28F4F948396F2282BD3BD7531406
310
50C727B2E3F93EB2921FC4CEBAA64C91B57AB07C08B4F241D960BD0BDC274272224EFB62A67D51BC19E0A32901081D7F6288C813C91C578527562BCFBD5864034F13DDEFCB821CB554C2C1ADD747015D6EF7BD6CF637D9BDDD78889B1B8FDE22D9BDDEEE5739BAF7367D8A02570F024974FF414A5528B91CF656E2BDDA5F1C
310
1E6FF630EB5334F70070BEE50177F01E7C2E9FAC50C0EDBA7DD96EB7D71B5610EF7ADD5EB9B3BDDEB7DB97171CE0E37A973574B0858AAE78BF10CD99789619DCBDD73C459600EE16F98AFBA762EE0B628849CEFD216085A8F4874148373287A5911B3E5C830068001241055755007570A7B979F446C3DF6E57AE68F8FB4DF7
310
6CDA737F951A16B35C72114D34EBD9FB9C2F9A428186462CCA0433141487DF74AB30900BB8EAD55C01D66B7138AC7281BD0038B29EC01D5D8B17EFCD5F58EE3E138C5E1515CEFCF749E8FB940A16968A8BFB4DDF1F7C50D87BD3FF0649B181616E3494F82436B7B524183053544C746F0383A14BBC18F8C98BFACAE6E5055B
310
7962972F5DBEBFBC98FBDCF7038A283C974E55C05FD16D902DDCC205A0DDAE4C8416A580E7679BFE197185F84F2C2F9BADF141F4BE282D55EC28C880EF069A95E5E54A956EA060D1AD55AD6A15BAA79C26C804EEE27B16AF1274D766826A6B0DD44F3E0DD6DDBBF9FAF5BA35B135C4B4B517EF8FFCB4892181B987A964480C
310
4136A93883FCBBEB9F31BE28A0F0619F5421D4A47C7497AC726522745742F621ECC9BB2C14B0BF5E615E23D1C0C4575DA000D98A2A60A98DC1268EA1813FBD9077CD46A4832A0C4C7FBBED705A92B06158C207F475B3C7DA0459C0DE1BDFEEAD5540A4C41452B5C7697477166748B89A9B8B8B46C2452CAA114D6CA9887843
310
246F04C4A489ABECF280F087EC6CFDCE7F1949372283AF99ABB8B4C1811D369BED35E2BB3DD583B559A640EFD70F087D350A3C747F907D5A61B71705D010586F107B44012AB753009E9BEDCFF19F5CE8F23B01777423CF5ECDEE1E61DF44CCC37638DB4E3C9F7FD3BBC0BFA894D7F503A2C9F36D86B677908804863751005D
310
60AFF6BF6DE9197823D8D89225806800372613C8124BD4D86C150696ED62AE77E0D4971DBE4EFBD299CD8D0810A7164CE0085D604FE343F902039F1690080ED1AC867C876228A875A67A4DD4808BF84A05C4F175BB5104303DDAA80B9015A81A7833A2E50BD511BFCCE972B6D8835BD9EEEE36A5E11928263066EEBAC1DF92
310
0F1021C4ED8CA780A78375820F6135B02E0A44F27A221332603F69B6663DC188A1C505AE7B5ECC9E6C00F36DBE0A12841EF7139DC71BB3139A84F5AE9AA85C796047A68BAFC26D5BA5945B443BD3DE0807A28DBB11868F882725419CF9FAB2BD4E2E70080B059F32AD6D8A167EEDD3359BBFF3222CD5D11F0312E782CBE387
310
9B1BE12F718108606E2D0EAEC4A64E2386BDDDA8352A602B642A62C2D01BC64FE6B620C11BD96FF3A251604FDE011A8C2F0F09800FF3DED05A17D0EE5FE19820F2915A39C045812D91C06B96CC08B26C68530F754950E9121B7F606F1540E2D8EE45527E25A2027094A762D48BD405180F1805F6A402E1009B0288974487A7
310
B023F0C1AF8413D623E03EDB4C1D026482128BD505E462B6571B05E4838D503A188DE26EE92C5BA35F806434FD7523A4C9AFFBBA62131BD5CC8D7E00BDECB6247CF2A1965BB03A83A1943CFC9B7B336F0B1DC278B8B221228D1FC53B571A05341790DAC488E9BC9DF7B7AFC0ED55A380738EAF820D4055151039BA8022B652
310
5E331A20B0514BF8B5798102C485E802C0BDB80E131BFC9C6A88C48B6E71840F222369077B84CEF887657FE4F00EC550E1BA749215469E116086DD5E1070A32BC6B7EB2D48842449BE5148FBC99E0A9003B1F2DF55022791BE2763DEB6BBAD240FB7AD7C5FF31DD8DBC402012A407343A8067F14C9818919064901B314E879
310
EA0A7E584782FBA2984AD5A7A95C1150109F5B09763F0A6EAFAA84ED9F0A83D26A20086E3682C4AF7F161EB2315FC4767DE10F53676C2D025C6B361CB7B95B046CAFF17FB4B0362E6E77DF6C60FDCB0C90F9040145129528203CBF459E0147B9C61BA9B991435D5F249732B7D8E601D350483842B43A0A48F6A76D7AD5C5D3
310
D4B9C011F21EADF0126B9AA325EB8619DF8BD6AF2C8399F9B123F01DAB5F362FF29959D4C47822446809BC80C7BF51315D6091001E8A3908D62642851F9A0C46EB6C2D40C8427028E0A738007CFC16505913523ED444EC34145372A915F00F65FC0589D38E05028100027CF9F9E53B7201D2ECD536440E3EEDF31981D5C3F3
310
2A0578D01FF6D370ED54175ECDD7AB1318E41D0B3D03B050C9CD55C666FBFD85B2FDF3E505017CA3DD026D0DD892C2FA94D3D49691D3BC782542636F7180BC8F25C57099207B62D217FBE078703D022C0144453048310DDE8AF4F4684884AA5F72DB2BE3762CE9ADE4E9E6E5E7EFE6FB3FF1F88E247E2B89DE862EB0BFCF66
310
0E44467D0579C00EBCBFD1349A21940A90C4403711FD0EDA64DC886FFBAF5F990841EE6747FF07CB04F6D8BA4448C762A681DAFB6CD0060C8572409DF6FB2FCC5F369A025F770CF21B51C07748FEB335E62F2C0C99C9996239DC5198DD0BD30243C6BB9A9F0CDB5D5FA536B84A18BC33CE465A071B283540C4E1A0C62FB972
310
4B09B5F06D79588780D78372D3DBABAD0588D8AF5F252BBB5D5D9D72BDF92866A46FBA61198724C76C8091E054919A0C5F619D0F81590DF337372DFAA0003677A41F20E5309EA0D197EB9D7F9B07CAE7039FE501ABC37351CA1E0FF1C0F33A17D06CFA07CB0D62B3D267CB07A064DEB2DBAB02A49C871B18890B22CC4F8692
310
DD7786F99E9CD79A485611EB449A59188F3D24C438364476F10E644C87B1035586E921FEE07D5F18C2E16ECAB2E2F3B92AF5811D7B883BE50A050894E84AD0EBE11095FA1E3A3EC8EA2FF5AEE74BA9D7563D63F5CC2BADA6B0E72B4BED0CC448F5D8E62B8C0E35BF3E5955D55575AAB89CCA4A9753E5967A8D02045314BA94
310
0BC59B92FBCF7200B0B583733A8A531E5C2E823DFC267209C4EEC623A5AC4A382A25AFAAE76A5A70B9381401DDD11D768F981EED6EB1F437A90065739E1B7F14DEA0233485CC60B999BAAEAB5A57B2D51DBF5AA100C249D0F4AC16D3970557551646F7A767298294BAE8370F78DE0F5575AC446AD960EDAC54735DDB0701BD
310
7B9507E0CF703918B98C67A3D324A84C289524573775D3D458EB2B58E4ED0A058838F3E539D829F492F89D72FA8C1E488B167A900A294A1157A554816B6B1F6734D9886C314262B01C6248CE539746CF67CA83A0A870EA354D92340D9E8D6CEC8E2C3557AB1450852E652FDE9BAC34555D4E6E474F9457293295F610BE7E28
310
9DB81EA5B45A5D7BBB71A7A94D0493C6C7BB989C8E772C45017A5A5E4EFD5C9963792C046ACFF8F3655D9A2449DAC4AD5E2F2B14504FD75DF98BAFBCCD70497C574D4E575695FFB87656A6BD9A10946A19B18EB39B6C818063F9DF7101C556279E8B7FE2189726C68F4EB56C00137851F95CCBA7B568A47D7B49EC639D0202
310
90BE5A2AE344976F9C6A317E13B81F04D3DF0B1EABCA0A2F1F247C35DE4EDC33B46D7C8457ABC64F3539E02892031FB178BB01A68E166B6210D37659D7B5EEC1A7BCDCB25E018DE317B9F8C65A90900D916125D7AFE983A6C51A4AA18981040ADED4D00AF1DAF21C27ECCB656283F301F4315C2B588E71B5A805C8A3EA5A65
310
5D7D84023ABBB41D35C10D5799AEDA6E85022C5455165EB85B74AF328DD58687B47C527B124A849EAA5A1CB4A202DAB6A1AF52E48E4AE056AC96E0459A83C0405663D5DD983A88074059591306405B7DAC8104EE8B027A3C64F37A59A380505EBB0A505BCB1792DA7A712D1B91350020E4C517E091A200714D794D98BD5005
310
B2324798353E95A2F967384AD39A535CD5B180FE18C3C9440149F3EB89A8C38A38EC65E964D571C73EEC7395029240DED9D2AA02C4E06D2290B6D2B7624CFB8065490382F1AA38D4CE41ADC85D68B51ED2C2A671751464912F400BCFE480990B1056A7848E54639B3805FC60E9FA150A0804CE1245AEB51FD7C0272EA5E533
310
B1ACAB1AB000576F14CA134D201A26D655DB99E0623C6E497E27D8D940428B3853C627131342AD89E58FCB55D529F14602493E9A7EE06378537E1C5DA1002F6C6B65B44B266FAAC4F0F3ACB16A09B0DF09FB28331144B287A09D4C74A5522B702D823B03501FC5DB252E644D229E6F62F11813776D860D5E497282DAA9056A
310
64C0222A703BD83D0F223C9FEB140069E7D135B318CEE0DA463CA451B3372EF608A75913F73DF612E56551809ABDED27C9FBC12A60000734A75FE3BA0AA3000800D771219965CA692496B43D8923504F50409E43F4DC6921976DDE8B3A867508C8ACD0126033EBD70A62886C129B6FC8937127E9AC8BEB4AC4BD4001900F0A
310
A828388FB693E07D9FCB658A02EA061CF0EBC9906B33E15B902080C6D36436DC199E3B4952BE1AFE3D03F9DD32E48A03BB157DAC5140173EBA497CB162834BA252140F2A71B8F42E38B5EAE78D282070CFA1BF70358C622B28C4C0A9AB188AC569994064F47820A013623582A50C9CD7656902D1EB1488CA3A33E67CE4F212
310
25E479A885150AF049C5C45CC18218E53F705F11F427ADDD75B22BDC9BAA0A70EF0DC4CBC4B3CFF3DE24E9B1899B4F94B8534E01025223094E6F320114491F9F7F8205DAE4D22276E4E308D9E5C5470008595629E095D49371DBBAB3D89C8EAB022C11B4936644E6840A5092EA1D67712D36E30624480E4074E18F705A444A
310
93120102256CBEE29754409652BDA75438C550FE2F788D0A05EEF0D0F04591B14E0173A91DAC05DA7567BA29DD20B3752E17B7F657AFC1AE08DDD6B5578090D668812A36C3062E90220CA6C8ED5C88CCE002D4479F5172BBE987AE4D9147B41A4DCCB85C720583D5C62A0578A143D16DE06E3A631398DEC5F36E2A433A8700
310
F1009A5ABE629979109C0AFE05BB7F70DB99E4946818E4AF48AADC4F817D9C7B30CA9CE673DF5F80FDB64D930BCE788602BE2C35101E58A38085E05D1F669DE0DFC941DA3315D0869C6061A378F7B827ED771D15F0472E8E6B2DD68F633A8D0E4D61901C108BE8B28102780E2020851FA44483191F239E0F15F7CB5C11F9B8
310
16017D287C90B8505AE30CDF5BAA0B73DB80ECD5E89EFD72325E3E90AF0408BCD43F8000D3C469726C4FB5605E4E4265200514E36333642075460FB57FDB5DA8808788FFE5074A58A380DEC17DB27B3F5340F881570019BB0DE4A7ECB94FD6244AF512B3903680CCD25EFC75C095C2DF6B305B2344CF0CA22709A6F5BC16C0
310
395049D00952FC992103021E4E78AF83400BAB5CC027ACDDAB2CBB2502F8E1D97F6D828802BF1F02F3E7BD27FDB187BCD8AA530F96B846089BA42798D65CECAF00F8342887417C60DE611C2E5D8A940244D823E133566EA78547A886D51CD0CF5110E4AFC8FACCB99BD55DAFF607477B2E411305407222DEC6AB7CBAD236EE
310
D226BD6876AF19028EA52DF452C3E11B0006C90774C75A72100F40B43316000B08A82EF05CE502FD9CF882EC7D681309C95DE002CEFF85EB2C01F643B8E4EAFCBDE66BF2C685EDF10FB800519D7666CA918080CB625818EE03EF4068E50A6730A353C0E36165FEE2C45FCB01DD5BCE3F68998584CF6628FACC16E6775EE089
310
90EB5C810D7F98CA6AC6CCFC318C0F2AE0537341FE1B2C29A38028C37497F482B228A7E8294E981201E3601E1309CCB060D7EB10D0FDA0CF3048187449C0590A9CA1EB1640F1D5A992A0D8DC2AC037C5D9FB60998C2B45C86B9B4B9A6A2B29CD60E2AE6714E0CFE121488E818F4BDB704DA8A57D77EE03044C1EF078BF2830
310
D7C1E0833A93D059358F8DE343D676FEBB01FEA90284FFBEAA5A3F9820ADF4FA504B14786B41B0110A31FD7001FDC1FA040080801DE1C9C744020F4F030FFF5CC901CBFE8A5703EC3EFF4237C99CF796EDD499A7040047E0ED7D5527AEDBAE0D67C4545140FD6AE4333D394E14757729B23F62FF92F70203A6C28FC9091E1E
310
F98F7741008CFAB616A80098A61B66CC6F3F7296CF25FCE53D9BE3ADFAC0481404AAB467842B2311AA51FB77315B43A73A65CB37793669929A8135003220FEEA22F0C7EB6FF89E94D366F4F23FA6A4D0A3E0F14E5160F0925933A3129B21A09B7D5303BF254010669D082CB4082273B6B3E6313ECCFF60268874A743725797
310
C7A23A41BDA63BB592FBD105C8B60CFE29D470412804074835F8784C1EF008CDFF581F05BAB78C2FDBB65D2840A27E273EDFDBF8DF0D56012D14A0F920D623A1E074E97F3E8E760C4014501F8100E6BF973A95AE27C25D7F96D0270820FE5B72008BA1290B9AC49F62C1BB71C03007021321F2BFA4EDBD2B072694D81FB02D
310
C886692A2E21A718FBBAF655A5FEB42D1B51C029980B96B081261CA0446A2E040EDC3EEDAC1BB02446D01CE72C3817FF7D14E0259A7AAD8A806EE23F9734BABAC702A1732141C850EA7EC4C0A69B2225431C11F0D0EE4F6E51219C874C30110430E1E9C4E8ED45C82F1536902FCEDDFF11A400EFC1013F02C0D0F6A10B0C2E
310
ED7321C04A2CCD4E5EBEAB0A4739D198873930170A5BC7CFA6E3EFA4F52599954961E23EBF9C8900B6414002CE0D0000FE811909FAE75422BF8B02863913BE52C0E0A2C0A0F99EFB058032500110893A486D4C1CF2B07935FE8117C7458E74811F2FAC01297ECA5848F1535B0ECF428087C0FB7140E0D20102BA490136F90F
310
931E6F71284088B1F305CE98DB36402ECD3087809C996063DA13CA9E8B91BF034E0111708C97DA250212944A1C54131A40628C4CF00751C0EB60BD0B0C4B350CD605824C5014322C5D46B892CE0117E846C98DB46F3B0CDAB063F4770A80A98EE080845E9E08BBA0BC68EB8C753713EDCE40FE53972617A4CAD0051D022151
310
7A82B34C7842C0E31DA3C0D0CF48D0BA805D78B567C701FD3CCDE9687CE580419A00A2000BFF8006D810A99008413E98D970C8356938A322E1C0A0F4FF45EEEE94100899F4526448CA2CC55F54C56B1530A17F4A755501B8DA9AB31D0D523D298229AC58CE77C604FA4440EF7A02327A41CB0FA207CF03BD1643C8FCD8F237
310
2ED560B99569CD65C0FFD50595D3A93EB5888EC991B32DAB6AEA082DE06FD5F18E089855434D579BAAD8DD7677A3635D12F6E8AF76AA82B6813BE574D48EA91C4E7B3F86A90A95C630BB64AA80F613EAC0CB9B2408CC1F15FA64817FB4D5E1181DEA445DE0F106FF3FDE0301DEF8A1F5F968DACABCF3D2A0F405057C6A6502
310
804C3B70E3CE5C3E75C03D03810C0A00074D535549675E15C37315BC870B048AF00F1474A62A0F95B91D59CF72F25C79B273C64E9CE675E42CA753756CB0698EF5E9575EF2B13E9EEC2EBF714A4EBF7E6A9A4F4DCA01DFD421805E0E41FF4F5ABF29DB9FB47B06124CF169726A4014A82779EAA435F344F85559BC4601C3B2
310
09E04B7C2AA095B90A267EC7A515AA6FD213EC4D923BB59F9045279F5AF7BE6FC97FE0C153070C24323A1CC07E5609BE4F393C8160987890FEDB70E452266E9858E6C89695391D4D2C53298F158EE2D087D21C4F8673FB38DAD1A0CC15BB737247C249209F92541FAD44B5142ED012231CFAFF845573248AF848F03835150E
310
420D477E7E2AC1849C5AF53A110EDEBE07070C41223C8D73344966383F840AD0C9448DA92BCE631197E55199BE509D4CEBEF243AD5C47E031F6804F95083B336BD1BA52F57E2E6C8F9000076C9E5A9FAF9D4DAF0275E826F7699E6018B1C3840C1BA44689897F8612804FC3881002E60B20470E460FEB132B59B536174E684
310
39D6268166A890FA2FD3E28974083B7F62F3F4E4E7675D5A3E386D8045C31B69D0E39D52E1E18D44D80DF150381849A09DE84C3913DD8D4C03AC396A2213AB5ADEE19298A6E140626B1A9926D8C93C3286C5741A4176532C6C8D8C855350529910D836C8F99244465F2F036BE29E9D71E98CB66692F5CD9EC03A17185ED500
310
4E07BCBEE5CD5CB71D45CC9AC6CDE68202708C1993CCA9339DCEE5D0E1215734CABE8C0D3C24ADFFE3216F69BC3FB5F85EE0BC19EAD4B2DA05867915E85400A873A2A49DC32933FBCCAE3432A5346BA80010440617288800C003299CE9ED54164D856560546647F423DB45CC0E4511BD0E993E445D43D03B92B944839BB891
310
D9064BD0077EA3205CCF014BF16D31D48204137050653899879C6E90159E64E2734B86D4392E05500166C0AB7508B0E9302B22B608C79E4D51F6CAA45D3AB29536AA2A82BCE62108E1AF1F8F713114F04621344582951CB0EC83780C70DA12A78022C82532511646BEDD68EB4CE68CE228E73A9117E8FB8979A60298E14B97
310
8C9D529D45C706F3DF68685CAF9688BDB8C0108EEF3CC66FAE6A7A8443612E09FE368EF386D0FB206058968081169244883E837D1B99370AB8DF8100BA400DFE333A9DD21491C9C80C9C016D5A9D45E2E79DF901443B4D400715A19E60D8F4311FEAC9ADEC8F7937FC312F00DE696C70410201070E1CDBFAEBD97EE7F1AF13
310
9846DF1B9B26F5E4B63A1E8731ACEC29F930CC0C1DB6C2162560A088F71D190A3201DF33D7E91C8151FBD9AC1A376B821FDA56909BD7379BCC346B12E6D6D6614E4B4E9C8640DFF0FFF0AB932BAC991F90206C7326785D7775134E73D4591F7D1E8E7C0F7EC85B0740FC84BD7118A7597BE3FC98A5C4D904B757CBACCF317B
310
3CDEEC01CCBAC2AB1400EEFA58C1C3EDCD205D7FE60446927C631BDDC37CF89F7D313BB9D20E060FAE1526AF3691CFFBD6CFABC432C5C540077928FEB818EE59DA7D3914F06EE302DDABB1E16928D8891F0EFFB24F26D35AB3966D206F753B309CF7E5BDED3B3791D4DE35D18D1300F257EDF2B9125E617E3639E6D53CA1D5
310
2EF059443967CCED33990791712EC0D96E7BC94432370B24E708DF70C681733F893F04735787BA54257242014F10882EE6FFB59666633FCDD1C5DF5CF875BEE40ADD2C1031B1E31A04B459F2F163D6D5D9C7FAE3C726FB98D57820D57DCE92CFA76728A5F99CD59FDB2C0F9BE176EAF3E0FBC7C3D403EFBB71D655D141E4D1
310
11625F1EDCED1376B6612F495118DC87BF3F8FBDCE111504FDCE498AC9EFA19B3C66D4B94A01FEFE862E9BA67F0CCC41BB603A8C9FFFD396D5D0F2C601A6462816783349328161EC8F45C704A2D33A01C9235EDD941C0F699B6B9C39AB8BCDB02C727DEB9FFF67D08939C422E026E972BE181A0C5C611507C8AD000DEF70E3
310
2D5C9C063304F9F0749786A380A2123F91C6F0B9B5B9FAE027B30FE55DB17F66AB176EA4009948D0358A739DF63D8D1B04398E24CEDFF2F1DBE0BE3059FEDB386F08AD7401DE0001A1652A93D0562FC3C1B65E0DBA05960180F06E0807BDC399EB3222D4777692901D419D6223A51E86AAB451826584A6926DBF88865936DA
310
C9083A20CD028200F8F22D9C2D3AA9601502E0618A57E9437432AD2191FABDAEE5A611F601DACE4DFBEFEB66E0DD52AEB8D7F9DCC314FE9B9A6102E60FEEEEFCDDCEF6E7DC99A210B1886C45F8D0F7730A7C0C9F9F7309A367F91B6719895C244CB3C8B90E013AF1FB77B96B8A7D0C476CB37EB1CB8386F65EF572BF1462C7
310
EF99BB7568CA80FAC38D0184978FC872B62CEFD2A1913320C77C0AAAFD30BE4A064730102EE1CC61E8B34D96BF2CE6450500F8B69203FC100F04127B86BEBFC88278A46959CD9CE525D67169805DDA9A6A3BEBDCA3AC7763843E096849827D3E9F4134CEE77E66767855275B8FECA7CC20BFC889D785414E050E67CA9D755A
310
D4D0CF2B23CF866D3B747E5E79F79A093A9D4863CF7876123A00F4C59DC9265E89BDEBB4F31CF098C2E020F7D3C8BD53A0A8DF39C36CB2FEB76502BDE6A6A9CFF5E73AC93E261FFFD12209F8D87C4E2E9FB9D764DDE72ECBDAF3E0C6B7EC58F8BD10FEE20536ADBDED34004A5FDEDA3EB1EEAFB3A478F9BE1618AACA767E32
310
04423CE679A1C8337CAE4781D0302F1E1E16F15FC65981F858C901995056F37B86A80E5696B20F7BCA63593F1B378371CBBA273B8107F068ED8871D047AA0A0983D959E2A4F0E33004C52127CC712839978926B64930CB8DBF49FF30FF960FAF73E5C7822ED6A7C2E07AB93156EE9AAEDBB7A78C854347DD346FFE8D7E3AE7
310
D70EF3E1F321C804471944063F4AE758636FD7EA0D396DEEE4CBFF91E59C3960BBC9F0BA79D9FC0877D7470119814FF482827B877E74A772517692DFD9FF0AF191F79677C18C38144372579DCD04E576739F099204A49A64AD41923C130796709D4CDFFAFFFDBB4EC8517CE5FDB0A8011FB306D25F40C0FF03003A102CD7CC
310
38E10000000049454E44AE4260828D81DD37DD61F1479E11CD338130D947D42E9E46362AECA6B713E896BBCC9D2C6C63051B6CD1F254776D35DCEFBCDCEEAFA4F49FDB76E410C5A4B8A79FFC213B2269E969DACBCD946BD08F81AD41956B9DCFA05BAE99DD6107D3F87393F954A876D865A528782BF8BCCE89E226D29E0F45
310
81E076588A6EF3E6515A5D93B3D48304DC782FD8753A075A533FE8CECBC3D174C9D689695A94548EEAD58FB24010A8FCF6D80B763A1EE9698E456C070E610B9F5AD68EC563EB4026A760B7BA13A0F536F5B2AFE3C1B33EAEBE8B4F5BD3E4AD56108EF1A05C7B69E7F743B960B17BD466740F67936A4E6505D9310EC8DD7487
310
7EFA737D3D975F71532D8CFD059FD9692AE4E00D0F63F27D36D945E43FF2562B45B9A9A8965008198BE3F3FE3E6ABCB81AA7D86DEB29A7AF1BDD71F7E1757E5B5EAE5B03A0D5ADCD9F4DD34B4A8201C392082C81BB273A9F367C7D265DFB93B3582A5601D44E5BDE19512A29D83A765534BCEFF220E167E9904ACD6833D57C
310
0000036749444154FF714B9FD7A305BA35AD0BBE9E79F331D935A6C7E6F9946F1F7ADA7E0037DE319EA194E507A9F60DA38112869081382A41159241FE2133512AB6308205F599EFA57D3AEE91813B65CCCB7C9D51AED33C5D2F13C9F50C6899A5B9CC137DD1F1C1812ECB159B88D10603706531A14169EB10B52F0656C57F
310
7E83FC01F277917FFCFD1FFFC087BFFF373D8BFCF177F891EF3FBEBF3FE1973E29754D90D13E3D540041BDC217113C043C98F72B6374B94CCDD43497B74BF3D7DBFC7ADD9AE1090F092E21DC043484ED2A4D81A96964C7655D927F3738507153D26D8C63E42D5F998EE54DEFF05DB27BBC55D72075F7A449DDCA5AD4C93F9B
310
6642067081A7E6C2C7F6C6B7BFE0010CC55F7F367FCEFEE53B02CE70286F7A6C492EFA7521284BB932A6939C263E5C49254AB9CAC355744500117D410168F8F942CA434FF875A1EB46FFF692F48B7E725AFCEBEDD6954DC5420390DAF8A101230BC63795AE97DD3FC4B2D148ED1C76FBEEC5CEA924DBCC6DAC074951A69B77
310
FE6719789328B48EBA5575DAFDD57065C9CBEDD64FFB4369F92C13872D6DE14DE944DD7C4C5E1E76E5941F29DF7E925FC49B7385F3814B643E91C3113EB833ECF460CABE9DDA1696FD42D985FA69DBE0B1F47CC62230F8EB9F3906B98A1DBFAD461AC51B2D9CA01CECD2CC30DABD13E856D43E9434C3FF94241DB7E7DD124B
310
4052EEA78067CCE18931EF919E8A289E72B1311582172CB5C42A1AAD2B74AFDFAF3AADA7D63E52C446379B974FFC7A58A564E1F8AC67E9B61D97498D51B66E3BB4D1909128217A9B128BB1E8801A6852752F474B7A39DD8BBC18AD58493B5393394AF6CA8EFF04B75F8DC6B1D8EE5B825B63DEC03A21656CB201BA6F82490A
310
96F3644867CFB0737C5E3B920C2EDB2DDD8BD3A60D829F71F8099CF13000192BFB73862CED44CF610823DC8C76ECCCD99F54253804666B2F476B28E2A5771D8EB8336B917A1D533A7153ECC64374BE0C0FDAE3F7B60839E023F7E835452A51B679C1660143E158DFCB1DB684D9BE18AD7F3569AA54A952A54A952A55AA54A9
310
52A54A952A55AA54A952A54A952A55AA54A952A54A952A55AA54A952A54A952A55AA54A952A54A952A55AA54A952A54A952A55AA54A952A54A952A55AA54A952A54A952A55AA54A952A54A952A55AA54A952A54A952A55AA54A952A54A952A55AA54A952A54A952A55AA54A95225CBFF0239E65F18D171F0A3000000004945
310
4E44AE426082010F7F7B26343326E5C8040B60DF4CD16702C1B5CCE7CB43451F5B66A567F4D224872F8F7F51676DEAC34504450CEB262DBC6E66ACDBF469B6729DDCC0FFCC261D9EF55FCF106F8E4ECA784912C0F169D877721443949279FCEB4225F56C6D238468CBDF92297F37E987FDA24BA072C1DC2A7E6F97BFD69CE0
310
A6485E722D9B8480DD1840ABFF990536BDB29A1222C5DEA901489E8D6BD89E43662D283A577CF3977F522A7D6A186DBA04DE6A6EF8FED5E6DBCFA8F7B86893FFBAC043E667335551CECDE649C67086F3FBD3F26F04F0FF8E22F98E89D8DB520000000049454E44AE426082115FF70A6E5262579AE3940F38E28456F968EE60
310
7E3A2EFE796E0790CEB7107AB00081B294EE452E0F256172EA77AE1A803564BED01BB4897232405AD0198C810C0A2FA426EB680830599AFF9532BDBB9AC16845030239C195951FAD64807A6BBF76966BCD0809567C039BC0443820F1EB5503BE2C8D2D250157C9E0B2205519618905B385061CC1B0B5A23845F3D6A31428E5
310
206BEF06944EEC698894FE0E1DDA0041DAA36CB272B18BBE0CE97EDF7F30107E2D66AB1B0C8E840336D99A87AB2551D70524B5FF89C320C34E4A9D476CCE4789E1CD96A0308A0DE03D6C0269DF050835FF44E1282BC6F716059672286F10D22C15CF85023CC7847F13104D6EE8421D14FD8AB22902372F08770582C76ED000
310
8F1E0A6C1E869C442A16E6C5D91D702025C4BC2561B9D97E32D2E9C0EA8C990F0D1A0C8802A57782DBEC21F9B9008728BDC2AB3ABF4DABC75DD921703F2E65DF0CFE5C930CEB3E01E2FC2A253C735900DA70E7FDA3B6B250C2E65C764AAB01CB2F5C2C99006B80164ABABFBB95EC80F4C680F0ED978F75B9FDD9717B406D11
310
8F68C1AF4B1D38C11A0176D3263E60531F600500CC4D2F4529B96F12065903C40F74BA53C4E35A1FCF4D72AE591BA06B23DDD12E13CEE130B03D78E682410832861971A22B2469BE434EFB29015A06DD6785BEF5BA49DD00D55E703EE4F128BD5F3AB3D53E1044150860CAA38A56122138C240FE9C3520F1D2205BE0104A12
310
65B53ACF86B9ABF34B30855D80102F14E50D43CEE337244806C3B938A254E0B3AC1C07193862FFD743760E2154F3BDE4E5098B4213DA5742505CF0D71629CA93002463B3DD0B1E13291165EB9C0DA2691E265057084000936972A331678476E395A2240CD87782A64CB9AF24ACFFAD8D75A80CA348C16130E528204EB02E9D
310
CEFB875EFAA45CEE0DCDE057FF1380C841DB058FEFFCEF20580053DE438A676197394BBD3143545A1266CFABFCC4B85F2FE0416CB26678F00BF480726769158EEABF4735814F29B344517BD83F2F37A3811ABFB51448DEBC40FAAB641DEF55001C32BEFCC718D7EC1555B6892BEEEEA87DF147D316B58F7CB69A49BDAE34AF
310
90DAED497A233A263DFABE37F004431F476F647781886F91AE922F24015014202B8022F4461A42839AC10A0DD8F38A375984A702C012AA88C16DA9AEB2CBFB10345E0940681201C05814085DFF654C73D21607F3BF4F69770AC9CDE133B3E2270B4056CA062EF0A2E50B291B920FBBDC804D28089A453AC44774C1057217B1
310
EB57D953997C00DBC00714E1B58A06AC51C1FD9A4CDE6281F30DAF3860E2EC4634602A4B0BCA4614D2A196AF414B78F68155A70C848EA3EC28A75B025D7060A5435B19686798ECEF3083113B771540ECD828B92913DD12E877ED1634AD8DDCA64411E016D10B4DF3F83D10D60DCCD19151A0D84779020582FE267B3151AAA0
310
0BC64803D69837E620D17D1733E0841192DE5095D9AEFFB729F783953B3B41CE9349030409E64D22DF53A0F912038A22E83F1270B5458EDF011FE076D94B160E1BA45DC749A1EF98147EBD3858058B66F930ACE327D6C63248EBD6A05524844AD4830646FB46E3375E3E2784C1100B2AF8EEBFDBC87018FE0D5DE6C001ED2D
310
E9CCD7F522D896C2834E0D21A80F88FF0F6B5F375A7405AF500000000049454E44AE4260829FF5126346B8766C244510875E52052AC9FEC281F518EB504C81D525DFCBCAF8A2A0C697CF7E484D732B81B94E0CE5D6D7D87CD8D0FF074891779ACFCB08420000000049454E44AE426082
  0
ACDSRECORD
 90
        0
  2
AcDbDs::ID
280
    10
320
59
  2
Thumbnail_Data
280
    15
 94
     1647
310
89504E470D0A1A0A0000000D4948445200000100000000C608030000000A6AAE4900000300504C5445FFFFFFFFFFFFFFFFFF0000000000000000000000000000000000000000000000000000330000660000990000CC0000FF0033000033330033660033990033CC0033FF0066000066330066660066990066CC0066FF0099
310
000099330099660099990099CC0099FF00CC0000CC3300CC6600CC9900CCCC00CCFF00FF0000FF3300FF6600FF9900FFCC00FFFF3300003300333300663300993300CC3300FF3333003333333333663333993333CC3333FF3366003366333366663366993366CC3366FF3399003399333399663399993399CC3399FF33CC00
310
33CC3333CC6633CC9933CCCC33CCFF33FF0033FF3333FF6633FF9933FFCC33FFFF6600006600336600666600996600CC6600FF6633006633336633666633996633CC6633FF6666006666336666666666996666CC6666FF6699006699336699666699996699CC6699FF66CC0066CC3366CC6666CC9966CCCC66CCFF66FF0066
310
FF3366FF6666FF9966FFCC66FFFF9900009900339900669900999900CC9900FF9933009933339933669933999933CC9933FF9966009966339966669966999966CC9966FF9999009999339999669999999999CC9999FF99CC0099CC3399CC6699CC9999CCCC99CCFF99FF0099FF3399FF6699FF9999FFCC99FFFFCC0000CC00
310
33CC0066CC0099CC00CCCC00FFCC3300CC3333CC3366CC3399CC33CCCC33FFCC6600CC6633CC6666CC6699CC66CCCC66FFCC9900CC9933CC9966CC9999CC99CCCC99FFCCCC00CCCC33CCCC66CCCC99CCCCCCCCCCFFCCFF00CCFF33CCFF66CCFF99CCFFCCCCFFFFFF0000FF0033FF0066FF0099FF00CCFF00FFFF3300FF3333
310
FF3366FF3399FF33CCFF33FFFF6600FF6633FF6666FF6699FF66CCFF66FFFF9900FF9933FF9966FF9999FF99CCFF99FFFFCC00FFCC33FFCC66FFCC99FFCCCCFFCCFFFFFF00FFFF33FFFF66FFFF99FFFFCCFFFFFF0000000D0D0D1A1A1A2828283535354343435050505D5D5D6B6B6B787878868686939393A1A1A1AEAEAEBB
310
BBBBC9C9C9D6D6D6E4E4E4F1F1F1FFFFFF000000000000000000000000000000000000000000000000000000000000AD4AB4E4000001574944415478DAEDD5B11580201044C1EBBF288A21A608D14833DF2351762EB080D1FDD608BFCA3E00000000B8AECF0B7BA67F014F809E3E010026100E50004C400401988008023001
310
110460022278BBB6C1AD01FCFF4DB7A5096C0C5000C2013A00110420820044108008021041002208C05FC0044410800988200013104100262082004C400401988008023001110460022208C0044410800988200013104100262082004C400401988008023001110460022208C0044410800988200013104100262082004C40
310
0401988008023001110460022208C0044410800988200013104100262082004C400401988008023001110460022208C0044410800988200013104100262082004C400401988008023001110460022208C004441080098820001310C1CF026C704B13D8F8DE4510400A404F6500208200441080080210417F0100262082D900
310
F3F29ED90D2800000000380146F8C5031C86082059B1321D6A0000000049454E44AE426082E422A03240044C011000341805322BFF25E343474016AFE77A409E9071096626722B9A5D42CB4A2A83D03A80C41E41A28754EF02BD444065EB017900952570EB2890B97C1A8E027D44409AF500BF1321CB00A4398083F3800186
310
419F1128EEE9BA580B48E92658762668198096E701E51EF07484C108A8146782722602E6A6C29501883D006A1E404D09EE2F868ECE03069C0A473D409380C618068F0048B5287D6F7E2D1046A04B00724B0F10EF00868D40F92180D29D9F0FDC19AA3A159660432B1B0179BB817500E98743E306926B60602D50EA01D1CE70
310
A281661B74BF16781EBA9508D45D0B84F7B94D02A81281CC18E643828E011CB8399C7A7BA681891DA1CCE52B3E2DA94D1E13BC7947A876FF05C04011E80F8000A0EE28D062226F6747A8D71FCEF20F1400C0CFE7F9070A002002481000440009028008204100100124080022800401400490200088001204001140828C0200
310
40820040820040820040820040820040820060142002481000440009028008DC0F606E5CD725D8FA005BD7450003D4A5080C5CC72408002F0066AF18008004018004018004018004190500400490A06F008FCD296FAFBE1D200000000000F00BE0CB79B907F00D28300FC11541190F0000000049454E44AE426082
  0
ACDSRECORD
 90
        0
  2
AcDbDs::ID
280
    10
320
5E
  2
Thumbnail_Data
280
    15
 94
     1647
310
89504E470D0A1A0A0000000D4948445200000100000000C608030000000A6AAE4900000300504C5445FFFFFFFFFFFFFFFFFF0000000000000000000000000000000000000000000000000000330000660000990000CC0000FF0033000033330033660033990033CC0033FF0066000066330066660066990066CC0066FF0099
310
000099330099660099990099CC0099FF00CC0000CC3300CC6600CC9900CCCC00CCFF00FF0000FF3300FF6600FF9900FFCC00FFFF3300003300333300663300993300CC3300FF3333003333333333663333993333CC3333FF3366003366333366663366993366CC3366FF3399003399333399663399993399CC3399FF33CC00
310
33CC3333CC6633CC9933CCCC33CCFF33FF0033FF3333FF6633FF9933FFCC33FFFF6600006600336600666600996600CC6600FF6633006633336633666633996633CC6633FF6666006666336666666666996666CC6666FF6699006699336699666699996699CC6699FF66CC0066CC3366CC6666CC9966CCCC66CCFF66FF0066
310
FF3366FF6666FF9966FFCC66FFFF9900009900339900669900999900CC9900FF9933009933339933669933999933CC9933FF9966009966339966669966999966CC9966FF9999009999339999669999999999CC9999FF99CC0099CC3399CC6699CC9999CCCC99CCFF99FF0099FF3399FF6699FF9999FFCC99FFFFCC0000CC00
310
33CC0066CC0099CC00CCCC00FFCC3300CC3333CC3366CC3399CC33CCCC33FFCC6600CC6633CC6666CC6699CC66CCCC66FFCC9900CC9933CC9966CC9999CC99CCCC99FFCCCC00CCCC33CCCC66CCCC99CCCCCCCCCCFFCCFF00CCFF33CCFF66CCFF99CCFFCCCCFFFFFF0000FF0033FF0066FF0099FF00CCFF00FFFF3300FF3333
310
FF3366FF3399FF33CCFF33FFFF6600FF6633FF6666FF6699FF66CCFF66FFFF9900FF9933FF9966FF9999FF99CCFF99FFFFCC00FFCC33FFCC66FFCC99FFCCCCFFCCFFFFFF00FFFF33FFFF66FFFF99FFFFCCFFFFFF0000000D0D0D1A1A1A2828283535354343435050505D5D5D6B6B6B787878868686939393A1A1A1AEAEAEBB
310
BBBBC9C9C9D6D6D6E4E4E4F1F1F1FFFFFF000000000000000000000000000000000000000000000000000000000000AD4AB4E4000001574944415478DAEDD5B11580201044C1EBBF288A21A608D14833DF2351762EB080D1FDD608BFCA3E00000000B8AECF0B7BA67F014F809E3E010026100E50004C400401988008023001
310
110460022278BBB6C1AD01FCFF4DB7A5096C0C5000C2013A00110420820044108008021041002208C05FC0044410800988200013104100262082004C400401988008023001110460022208C0044410800988200013104100262082004C400401988008023001110460022208C0044410800988200013104100262082004C40
310
0401988008023001110460022208C0044410800988200013104100262082004C400401988008023001110460022208C0044410800988200013104100262082004C400401988008023001110460022208C004441080098820001310C1CF026C704B13D8F8DE4510400A404F6500208200441080080210417F0100262082D900
310
F3F29ED90D2800000000380146F8C5031C86082059B1321D6A0000000049454E44AE426082E422A03240044C011000341805322BFF25E343474016AFE77A409E9071096626722B9A5D42CB4A2A83D03A80C41E41A28754EF02BD444065EB017900952570EB2890B97C1A8E027D44409AF500BF1321CB00A4398083F3800186
310
419F1128EEE9BA580B48E92658762668198096E701E51EF07484C108A8146782722602E6A6C29501883D006A1E404D09EE2F868ECE03069C0A473D409380C618068F0048B5287D6F7E2D1046A04B00724B0F10EF00868D40F92180D29D9F0FDC19AA3A159660432B1B0179BB817500E98743E306926B60602D50EA01D1CE70
310
A281661B74BF16781EBA9508D45D0B84F7B94D02A81281CC18E643828E011CB8399C7A7BA681891DA1CCE52B3E2DA94D1E13BC7947A876FF05C04011E80F8000A0EE28D062226F6747A8D71FCEF20F1400C0CFE7F9070A002002481000440009028008204100100124080022800401400490200088001204001140828C0200
310
40820040820040820040820040820040820060142002481000440009028008DC0F606E5CD725D8FA005BD7450003D4A5080C5CC72408002F0066AF18008004018004018004018004190500400490A06F008FCD296FAFBE1D200000000000F00BE0CB79B907F00D28300FC11541190F0000000049454E44AE426082
  0
ENDSEC
  0
EOF
