  0
SECTION
  2
HEADER
  9
$ACADVER
  1
AC1032
  9
$ACADMAINTVER
 90
      427
  9
$DWGCODEPAGE
  3
ANSI_1254
  9
$LASTSAVEDBY
  1
lenovo
  9
$REQUIREDVERSIONS
160
                 0
  9
$INSBASE
 10
0.0
 20
0.0
 30
0.0
  9
$EXTMIN
 10
-10625.48072248956
 20
1168.079977234018
 30
0.0
  9
$EXTMAX
 10
38887.94455501584
 20
38511.36589085943
 30
0.0
  9
$LIMMIN
 10
0.0
 20
0.0
  9
$LIMMAX
 10
12.0
 20
9.0
  9
$ORTHOMODE
 70
     1
  9
$REGENMODE
 70
     1
  9
$FILLMODE
 70
     1
  9
$QTEXTMODE
 70
     0
  9
$MIRRTEXT
 70
     0
  9
$LTSCALE
 40
1.0
  9
$ATTMODE
 70
     1
  9
$TEXTSIZE
 40
100.0
  9
$TRACEWID
 40
0.05
  9
$TEXTSTYLE
  7
Standard
  9
$CLAYER
  8
Rooms
  9
$CELTYPE
  6
ByLayer
  9
$CECOLOR
 62
   256
  9
$CELTSCALE
 40
1.0
  9
$DISPSILH
 70
     0
  9
$DIMSCALE
 40
1.0
  9
$DIMASZ
 40
0.18
  9
$DIMEXO
 40
0.0625
  9
$DIMDLI
 40
0.38
  9
$DIMRND
 40
0.0
  9
$DIMDLE
 40
0.0
  9
$DIMEXE
 40
0.18
  9
$DIMTP
 40
0.0
  9
$DIMTM
 40
0.0
  9
$DIMTXT
 40
0.18
  9
$DIMCEN
 40
0.09
  9
$DIMTSZ
 40
0.0
  9
$DIMTOL
 70
     0
  9
$DIMLIM
 70
     0
  9
$DIMTIH
 70
     1
  9
$DIMTOH
 70
     1
  9
$DIMSE1
 70
     0
  9
$DIMSE2
 70
     0
  9
$DIMTAD
 70
     0
  9
$DIMZIN
 70
     0
  9
$DIMBLK
  1

  9
$DIMASO
 70
     1
  9
$DIMSHO
 70
     1
  9
$DIMPOST
  1

  9
$DIMAPOST
  1

  9
$DIMALT
 70
     0
  9
$DIMALTD
 70
     2
  9
$DIMALTF
 40
25.4
  9
$DIMLFAC
 40
1.0
  9
$DIMTOFL
 70
     0
  9
$DIMTVP
 40
0.0
  9
$DIMTIX
 70
     0
  9
$DIMSOXD
 70
     0
  9
$DIMSAH
 70
     0
  9
$DIMBLK1
  1

  9
$DIMBLK2
  1

  9
$DIMSTYLE
  2
Standard
  9
$DIMCLRD
 70
     0
  9
$DIMCLRE
 70
     0
  9
$DIMCLRT
 70
     0
  9
$DIMTFAC
 40
1.0
  9
$DIMGAP
 40
0.09
  9
$DIMJUST
 70
     0
  9
$DIMSD1
 70
     0
  9
$DIMSD2
 70
     0
  9
$DIMTOLJ
 70
     1
  9
$DIMTZIN
 70
     0
  9
$DIMALTZ
 70
     0
  9
$DIMALTTZ
 70
     0
  9
$DIMUPT
 70
     0
  9
$DIMDEC
 70
     4
  9
$DIMTDEC
 70
     4
  9
$DIMALTU
 70
     2
  9
$DIMALTTD
 70
     2
  9
$DIMTXSTY
  7
Standard
  9
$DIMAUNIT
 70
     0
  9
$DIMADEC
 70
     0
  9
$DIMALTRND
 40
0.0
  9
$DIMAZIN
 70
     0
  9
$DIMDSEP
 70
    46
  9
$DIMATFIT
 70
     3
  9
$DIMFRAC
 70
     0
  9
$DIMLDRBLK
  1

  9
$DIMLUNIT
 70
     2
  9
$DIMLWD
 70
    -2
  9
$DIMLWE
 70
    -2
  9
$DIMTMOVE
 70
     0
  9
$DIMFXL
 40
1.0
  9
$DIMFXLON
 70
     0
  9
$DIMJOGANG
 40
0.7853981633974483
  9
$DIMTFILL
 70
     0
  9
$DIMTFILLCLR
 70
     0
  9
$DIMARCSYM
 70
     0
  9
$DIMLTYPE
  6

  9
$DIMLTEX1
  6

  9
$DIMLTEX2
  6

  9
$DIMTXTDIRECTION
 70
     0
  9
$LUNITS
 70
     2
  9
$LUPREC
 70
     4
  9
$SKETCHINC
 40
0.1
  9
$FILLETRAD
 40
0.0
  9
$AUNITS
 70
     0
  9
$AUPREC
 70
     0
  9
$MENU
  1
.
  9
$ELEVATION
 40
0.0
  9
$PELEVATION
 40
0.0
  9
$THICKNESS
 40
0.0
  9
$LIMCHECK
 70
     0
  9
$CHAMFERA
 40
0.0
  9
$CHAMFERB
 40
0.0
  9
$CHAMFERC
 40
0.0
  9
$CHAMFERD
 40
0.0
  9
$SKPOLY
 70
     0
  9
$TDCREATE
 40
2461263.485520833
  9
$TDUCREATE
 40
2461263.360520833
  9
$TDUPDATE
 40
2461263.949918982
  9
$TDUUPDATE
 40
2461263.824918982
  9
$TDINDWG
 40
0.3196643519
  9
$TDUSRTIMER
 40
0.3196643519
  9
$USRTIMER
 70
     1
  9
$ANGBASE
 50
0.0
  9
$ANGDIR
 70
     0
  9
$PDMODE
 70
     0
  9
$PDSIZE
 40
0.0
  9
$PLINEWID
 40
0.0
  9
$SPLFRAME
 70
     0
  9
$SPLINETYPE
 70
     6
  9
$SPLINESEGS
 70
     8
  9
$HANDSEED
  5
44F
  9
$SURFTAB1
 70
     6
  9
$SURFTAB2
 70
     6
  9
$SURFTYPE
 70
     6
  9
$SURFU
 70
     6
  9
$SURFV
 70
     6
  9
$UCSBASE
  2

  9
$UCSNAME
  2

  9
$UCSORG
 10
0.0
 20
0.0
 30
0.0
  9
$UCSXDIR
 10
1.0
 20
0.0
 30
0.0
  9
$UCSYDIR
 10
0.0
 20
1.0
 30
0.0
  9
$UCSORTHOREF
  2

  9
$UCSORTHOVIEW
 70
     0
  9
$UCSORGTOP
 10
0.0
 20
0.0
 30
0.0
  9
$UCSORGBOTTOM
 10
0.0
 20
0.0
 30
0.0
  9
$UCSORGLEFT
 10
0.0
 20
0.0
 30
0.0
  9
$UCSORGRIGHT
 10
0.0
 20
0.0
 30
0.0
  9
$UCSORGFRONT
 10
0.0
 20
0.0
 30
0.0
  9
$UCSORGBACK
 10
0.0
 20
0.0
 30
0.0
  9
$PUCSBASE
  2

  9
$PUCSNAME
  2

  9
$PUCSORG
 10
0.0
 20
0.0
 30
0.0
  9
$PUCSXDIR
 10
1.0
 20
0.0
 30
0.0
  9
$PUCSYDIR
 10
0.0
 20
1.0
 30
0.0
  9
$PUCSORTHOREF
  2

  9
$PUCSORTHOVIEW
 70
     0
  9
$PUCSORGTOP
 10
0.0
 20
0.0
 30
0.0
  9
$PUCSORGBOTTOM
 10
0.0
 20
0.0
 30
0.0
  9
$PUCSORGLEFT
 10
0.0
 20
0.0
 30
0.0
  9
$PUCSORGRIGHT
 10
0.0
 20
0.0
 30
0.0
  9
$PUCSORGFRONT
 10
0.0
 20
0.0
 30
0.0
  9
$PUCSORGBACK
 10
0.0
 20
0.0
 30
0.0
  9
$USERI1
 70
     0
  9
$USERI2
 70
     0
  9
$USERI3
 70
     0
  9
$USERI4
 70
     0
  9
$USERI5
 70
     0
  9
$USERR1
 40
0.0
  9
$USERR2
 40
0.0
  9
$USERR3
 40
0.0
  9
$USERR4
 40
0.0
  9
$USERR5
 40
0.0
  9
$WORLDVIEW
 70
     1
  9
$SHADEDGE
 70
     3
  9
$SHADEDIF
 70
    70
  9
$TILEMODE
 70
     1
  9
$MAXACTVP
 70
    64
  9
$PINSBASE
 10
0.0
 20
0.0
 30
0.0
  9
$PLIMCHECK
 70
     0
  9
$PEXTMIN
 10
1.049999952316284
 20
0.7999999523162842
 30
0.0
  9
$PEXTMAX
 10
9.449999570846559
 20
7.199999570846558
 30
0.0
  9
$PLIMMIN
 10
-0.2500002402958907
 20
-0.2499999962453767
  9
$PLIMMAX
 10
10.74999951940822
 20
8.249999763458733
  9
$UNITMODE
 70
     0
  9
$VISRETAIN
 70
     1
  9
$PLINEGEN
 70
     0
  9
$PSLTSCALE
 70
     1
  9
$TREEDEPTH
 70
  3020
  9
$CMLSTYLE
  2
Standard
  9
$CMLJUST
 70
     0
  9
$CMLSCALE
 40
1.0
  9
$PROXYGRAPHICS
 70
     1
  9
$MEASUREMENT
 70
     0
  9
$CELWEIGHT
370
    -1
  9
$ENDCAPS
280
     0
  9
$JOINSTYLE
280
     0
  9
$LWDISPLAY
290
     0
  9
$INSUNITS
 70
     6
  9
$HYPERLINKBASE
  1

  9
$STYLESHEET
  1

  9
$XEDIT
290
     1
  9
$CEPSNTYPE
380
     0
  9
$PSTYLEMODE
290
     1
  9
$FINGERPRINTGUID
  2
{A4C224E8-FEA4-7E40-AAD9-AA720E5C740F}
  9
$VERSIONGUID
  2
{FB3CA90F-C83A-7744-98C3-B15033A0F32F}
  9
$EXTNAMES
290
     1
  9
$PSVPSCALE
 40
0.0
  9
$OLESTARTUP
290
     0
  9
$SORTENTS
280
   127
  9
$INDEXCTL
280
     0
  9
$HIDETEXT
280
     1
  9
$XCLIPFRAME
280
     2
  9
$HALOGAP
280
     0
  9
$OBSCOLOR
 70
   257
  9
$OBSLTYPE
280
     0
  9
$INTERSECTIONDISPLAY
280
     0
  9
$INTERSECTIONCOLOR
 70
   257
  9
$DIMASSOC
280
     2
  9
$PROJECTNAME
  1

  9
$CAMERADISPLAY
290
     0
  9
$LENSLENGTH
 40
50.0
  9
$CAMERAHEIGHT
 40
0.0
  9
$STEPSPERSEC
 40
2.0
  9
$STEPSIZE
 40
6.0
  9
$3DDWFPREC
 40
2.0
  9
$PSOLWIDTH
 40
0.25
  9
$PSOLHEIGHT
 40
4.0
  9
$LOFTANG1
 40
1.570796326794896
  9
$LOFTANG2
 40
1.570796326794896
  9
$LOFTMAG1
 40
0.0
  9
$LOFTMAG2
 40
0.0
  9
$LOFTPARAM
 70
     7
  9
$LOFTNORMALS
280
     1
  9
$LATITUDE
 40
37.795
  9
$LONGITUDE
 40
-122.394
  9
$NORTHDIRECTION
 40
0.0
  9
$TIMEZONE
 70
 -8000
  9
$LIGHTGLYPHDISPLAY
280
     1
  9
$TILEMODELIGHTSYNCH
280
     1
  9
$CMATERIAL
347
96
  9
$SOLIDHIST
280
     0
  9
$SHOWHIST
280
     1
  9
$DWFFRAME
280
     2
  9
$DGNFRAME
280
     0
  9
$REALWORLDSCALE
290
     1
  9
$INTERFERECOLOR
 62
     1
  9
$INTERFEREOBJVS
345
A3
  9
$INTERFEREVPVS
346
A0
  9
$CSHADOW
280
     0
  9
$SHADOWPLANELOCATION
 40
0.0
  0
ENDSEC
  0
SECTION
  2
CLASSES
  0
CLASS
  1
ACDBDICTIONARYWDFLT
  2
AcDbDictionaryWithDefault
  3
ObjectDBX Classes
 90
        0
 91
        1
280
     0
281
     0
  0
CLASS
  1
DICTIONARYVAR
  2
AcDbDictionaryVar
  3
ObjectDBX Classes
 90
        0
 91
        9
280
     0
281
     0
  0
CLASS
  1
TABLESTYLE
  2
AcDbTableStyle
  3
ObjectDBX Classes
 90
     4095
 91
        1
280
     0
281
     0
  0
CLASS
  1
MATERIAL
  2
AcDbMaterial
  3
ObjectDBX Classes
 90
     1153
 91
        3
280
     0
281
     0
  0
CLASS
  1
VISUALSTYLE
  2
AcDbVisualStyle
  3
ObjectDBX Classes
 90
     4095
 91
       24
280
     0
281
     0
  0
CLASS
  1
SCALE
  2
AcDbScale
  3
ObjectDBX Classes
 90
     1153
 91
       33
280
     0
281
     0
  0
CLASS
  1
MLEADERSTYLE
  2
AcDbMLeaderStyle
  3
ACDB_MLEADERSTYLE_CLASS
 90
     4095
 91
        2
280
     0
281
     0
  0
CLASS
  1
CELLSTYLEMAP
  2
AcDbCellStyleMap
  3
ObjectDBX Classes
 90
     1152
 91
        2
280
     0
281
     0
  0
CLASS
  1
EXACXREFPANELOBJECT
  2
ExAcXREFPanelObject
  3
EXAC_ESW
 90
     1025
 91
        0
280
     0
281
     0
  0
CLASS
  1
NPOCOLLECTION
  2
AcDbImpNonPersistentObjectsCollection
  3
ObjectDBX Classes
 90
     1153
 91
        1
280
     0
281
     0
  0
CLASS
  1
LAYER_INDEX
  2
AcDbLayerIndex
  3
ObjectDBX Classes
 90
        0
 91
        0
280
     0
281
     0
  0
CLASS
  1
SPATIAL_INDEX
  2
AcDbSpatialIndex
  3
ObjectDBX Classes
 90
        0
 91
        0
280
     0
281
     0
  0
CLASS
  1
IDBUFFER
  2
AcDbIdBuffer
  3
ObjectDBX Classes
 90
        0
 91
        0
280
     0
281
     0
  0
CLASS
  1
ACDBSECTIONVIEWSTYLE
  2
AcDbSectionViewStyle
  3
ObjectDBX Classes
 90
     1025
 91
        1
280
     0
281
     0
  0
CLASS
  1
ACDBDETAILVIEWSTYLE
  2
AcDbDetailViewStyle
  3
ObjectDBX Classes
 90
     1025
 91
        1
280
     0
281
     0
  0
CLASS
  1
IMAGEDEF
  2
AcDbRasterImageDef
  3
ISM
 90
        0
 91
        1
280
     0
281
     0
  0
CLASS
  1
RASTERVARIABLES
  2
AcDbRasterVariables
  3
ISM
 90
        0
 91
        1
280
     0
281
     0
  0
CLASS
  1
IMAGEDEF_REACTOR
  2
AcDbRasterImageDefReactor
  3
ISM
 90
        1
 91
        1
280
     0
281
     0
  0
CLASS
  1
IMAGE
  2
AcDbRasterImage
  3
ISM
 90
     2175
 91
        1
280
     0
281
     1
  0
CLASS
  1
SORTENTSTABLE
  2
AcDbSortentsTable
  3
ObjectDBX Classes
 90
        0
 91
        7
280
     0
281
     0
  0
CLASS
  1
RAPIDRTRENDERSETTINGS
  2
AcDbRapidRTRenderSettings
  3
ObjectDBX Classes
 90
     1024
 91
        7
280
     0
281
     0
  0
CLASS
  1
SOLID_BACKGROUND
  2
AcDbSolidBackground
  3
SCENEOE
 90
     4095
 91
        1
280
     0
281
     0
  0
CLASS
  1
ACDB_MTEXTOBJECTCONTEXTDATA_CLASS
  2
AcDbMTextObjectContextData
  3
ObjectDBX Classes
 90
     1153
 91
       21
280
     0
281
     0
  0
ENDSEC
  0
SECTION
  2
TABLES
  0
TABLE
  2
VPORT
  5
8
330
0
100
AcDbSymbolTable
 70
     1
  0
VPORT
  5
94
330
8
100
AcDbSymbolTableRecord
100
AcDbViewportTableRecord
  2
*Active
 70
     0
 10
0.0
 20
0.0
 11
1.0
 21
1.0
 12
38853.04748520487
 22
38483.63230987615
 13
0.0
 23
0.0
 14
0.5
 24
0.5
 15
0.5
 25
0.5
 16
0.0
 26
0.0
 36
1.0
 17
0.0
 27
0.0
 37
0.0
 40
36.66049419151387
 41
2.360148514851485
 42
50.0
 43
0.0
 44
0.0
 50
0.0
 51
0.0
 71
     0
 72
  1000
 73
     1
 74
     3
 75
     0
 76
     1
 77
     0
 78
     0
281
     0
 65
     1
110
0.0
120
0.0
130
0.0
111
1.0
121
0.0
131
0.0
112
0.0
122
1.0
132
0.0
 79
     0
146
0.0
348
9F
 60
     3
 61
     5
292
     1
282
     1
141
0.0
142
0.0
 63
   250
421
  3355443
1001
ACAD_NAV_VCDISPLAY
1070
     3
  0
ENDTAB
  0
TABLE
  2
LTYPE
  5
5
330
0
100
AcDbSymbolTable
 70
     3
  0
LTYPE
  5
14
330
5
100
AcDbSymbolTableRecord
100
AcDbLinetypeTableRecord
  2
ByBlock
 70
     0
  3

 72
    65
 73
     0
 40
0.0
  0
LTYPE
  5
15
330
5
100
AcDbSymbolTableRecord
100
AcDbLinetypeTableRecord
  2
ByLayer
 70
     0
  3

 72
    65
 73
     0
 40
0.0
  0
LTYPE
  5
16
330
5
100
AcDbSymbolTableRecord
100
AcDbLinetypeTableRecord
  2
Continuous
 70
     0
  3
Solid line
 72
    65
 73
     0
 40
0.0
  0
ENDTAB
  0
TABLE
  2
LAYER
  5
2
102
{ACAD_XDICTIONARY
360
18E
102
}
330
0
100
AcDbSymbolTable
 70
     4
  0
LAYER
  5
10
102
{ACAD_XDICTIONARY
360
E6
102
}
330
2
100
AcDbSymbolTableRecord
100
AcDbLayerTableRecord
  2
0
 70
     0
 62
     7
  6
Continuous
370
    -3
390
F
347
98
348
0
  0
LAYER
  5
271
330
2
100
AcDbSymbolTableRecord
100
AcDbLayerTableRecord
  2
Paths
 70
     0
 62
    70
  6
Continuous
370
    -3
390
F
347
98
348
0
1001
AcAecLayerStandard
1000

1000

1001
AcCmTransparency
1071
        0
  0
LAYER
  5
274
330
2
100
AcDbSymbolTableRecord
100
AcDbLayerTableRecord
  2
Rooms
 70
     0
 62
    10
  6
Continuous
370
    -3
390
F
347
98
348
0
1001
AcAecLayerStandard
1000

1000

1001
AcCmTransparency
1071
        0
  0
LAYER
  5
275
330
2
100
AcDbSymbolTableRecord
100
AcDbLayerTableRecord
  2
Walls
 70
     0
 62
   140
  6
Continuous
370
    -3
390
F
347
98
348
0
1001
AcAecLayerStandard
1000

1000

1001
AcCmTransparency
1071
        0
  0
ENDTAB
  0
TABLE
  2
STYLE
  5
3
330
0
100
AcDbSymbolTable
 70
     2
  0
STYLE
  5
11
330
3
100
AcDbSymbolTableRecord
100
AcDbTextStyleTableRecord
  2
Standard
 70
     0
 40
100.0
 41
1.0
 50
0.0
 71
     0
 42
100.0
  3
arial.ttf
  4

1001
AcadAnnotative
1000
AnnotativeData
1002
{
1070
     1
1070
     1
1002
}
1001
ACAD
1000
Arial
1071
       34
  0
STYLE
  5
DC
330
3
100
AcDbSymbolTableRecord
100
AcDbTextStyleTableRecord
  2
Annotative
 70
     0
 40
0.0
 41
1.0
 50
0.0
 71
     0
 42
0.2
  3
arial.ttf
  4

1001
AcadAnnotative
1000
AnnotativeData
1002
{
1070
     1
1070
     1
1002
}
1001
ACAD
1000
Arial
1071
       34
  0
ENDTAB
  0
TABLE
  2
VIEW
  5
6
330
0
100
AcDbSymbolTable
 70
     7
  0
ENDTAB
  0
TABLE
  2
UCS
  5
7
330
0
100
AcDbSymbolTable
 70
     0
  0
ENDTAB
  0
TABLE
  2
APPID
  5
9
330
0
100
AcDbSymbolTable
 70
    12
  0
APPID
  5
12
330
9
100
AcDbSymbolTableRecord
100
AcDbRegAppTableRecord
  2
ACAD
 70
     0
  0
APPID
  5
DD
330
9
100
AcDbSymbolTableRecord
100
AcDbRegAppTableRecord
  2
AcadAnnoPO
 70
     0
  0
APPID
  5
DE
330
9
100
AcDbSymbolTableRecord
100
AcDbRegAppTableRecord
  2
AcadAnnotative
 70
     0
  0
APPID
  5
DF
330
9
100
AcDbSymbolTableRecord
100
AcDbRegAppTableRecord
  2
ACAD_DSTYLE_DIMJAG
 70
     0
  0
APPID
  5
E0
330
9
100
AcDbSymbolTableRecord
100
AcDbRegAppTableRecord
  2
ACAD_DSTYLE_DIMTALN
 70
     0
  0
APPID
  5
107
330
9
100
AcDbSymbolTableRecord
100
AcDbRegAppTableRecord
  2
ACAD_MLEADERVER
 70
     0
  0
APPID
  5
1A6
330
9
100
AcDbSymbolTableRecord
100
AcDbRegAppTableRecord
  2
ACAD_NAV_VCDISPLAY
 70
     0
  0
APPID
  5
272
330
9
100
AcDbSymbolTableRecord
100
AcDbRegAppTableRecord
  2
AcAecLayerStandard
 70
     0
  0
APPID
  5
273
330
9
100
AcDbSymbolTableRecord
100
AcDbRegAppTableRecord
  2
AcCmTransparency
 70
     0
  0
APPID
  5
277
330
9
100
AcDbSymbolTableRecord
100
AcDbRegAppTableRecord
  2
ACAD_EXEMPT_FROM_CAD_STANDARDS
 70
     0
  0
APPID
  5
353
330
9
100
AcDbSymbolTableRecord
100
AcDbRegAppTableRecord
  2
ACAD_PSEXT
 70
     0
  0
APPID
  5
370
330
9
100
AcDbSymbolTableRecord
100
AcDbRegAppTableRecord
  2
Acad_TC
 70
     0
  0
ENDTAB
  0
TABLE
  2
DIMSTYLE
  5
A
330
0
100
AcDbSymbolTable
 70
     3
100
AcDbDimStyleTable
 71
     2
340
27
340
E1
  0
DIMSTYLE
105
27
330
A
100
AcDbSymbolTableRecord
100
AcDbDimStyleTableRecord
  2
Standard
 70
     0
340
11
  0
DIMSTYLE
105
E1
330
A
100
AcDbSymbolTableRecord
100
AcDbDimStyleTableRecord
  2
Annotative
 70
     0
 40
0.0
340
11
1001
AcadAnnotative
1000
AnnotativeData
1002
{
1070
     1
1070
     1
1002
}
1001
ACAD_DSTYLE_DIMJAG
1070
   388
1040
1.5
1001
ACAD_DSTYLE_DIMTALN
1070
   392
1070
     0
  0
ENDTAB
  0
TABLE
  2
BLOCK_RECORD
  5
1
330
0
100
AcDbSymbolTable
 70
     8
  0
BLOCK_RECORD
  5
1F
102
{ACAD_XDICTIONARY
360
15D
102
}
330
1
100
AcDbSymbolTableRecord
100
AcDbBlockTableRecord
  2
*Model_Space
340
22
 70
     0
280
     1
281
     0
  0
BLOCK_RECORD
  5
5D
330
1
100
AcDbSymbolTableRecord
100
AcDbBlockTableRecord
  2
*Paper_Space
340
5E
 70
     0
280
     1
281
     0
  0
BLOCK_RECORD
  5
58
330
1
100
AcDbSymbolTableRecord
100
AcDbBlockTableRecord
  2
*Paper_Space0
340
59
 70
     0
280
     1
281
     0
  0
BLOCK_RECORD
  5
383
102
{ACAD_XDICTIONARY
360
385
102
}
330
1
100
AcDbSymbolTableRecord
100
AcDbBlockTableRecord
  2
A$Ca14dbb6b
340
0
 70
     6
280
     1
281
     0
  0
ENDTAB
  0
ENDSEC
  0
SECTION
  2
BLOCKS
  0
BLOCK
  5
20
330
1F
100
AcDbEntity
  8
0
100
AcDbBlockBegin
  2
*Model_Space
 70
     0
 10
0.0
 20
0.0
 30
0.0
  3
*Model_Space
  1

  0
ENDBLK
  5
21
330
1F
100
AcDbEntity
  8
0
100
AcDbBlockEnd
  0
BLOCK
  5
5F
330
5D
100
AcDbEntity
 67
     1
  8
0
100
AcDbBlockBegin
  2
*Paper_Space
 70
     0
 10
0.0
 20
0.0
 30
0.0
  3
*Paper_Space
  1

  0
ENDBLK
  5
60
330
5D
100
AcDbEntity
 67
     1
  8
0
100
AcDbBlockEnd
  0
BLOCK
  5
5A
330
58
100
AcDbEntity
 67
     1
  8
0
100
AcDbBlockBegin
  2
*Paper_Space0
 70
     0
 10
0.0
 20
0.0
 30
0.0
  3
*Paper_Space0
  1

  0
VIEWPORT
  5
350
102
{ACAD_XDICTIONARY
360
351
102
}
330
58
100
AcDbEntity
 67
     1
  8
0
100
AcDbViewport
 10
5.249999639556165
 20
3.999999883606678
 30
0.0
 40
21.22481499403165
 41
8.992999745766949
 68
     1
 69
     1
 12
5.249999639556165
 22
3.999999883606678
 13
0.0
 23
0.0
 14
0.5
 24
0.5
 15
0.5
 25
0.5
 16
0.0
 26
0.0
 36
1.0
 17
0.0
 27
0.0
 37
0.0
 42
50.0
 43
0.0
 44
0.0
 45
8.992999745766949
 50
0.0
 51
0.0
 72
  1000
 90
   819232
  1

281
     0
 71
     1
 74
     0
110
0.0
120
0.0
130
0.0
111
1.0
121
0.0
131
0.0
112
0.0
122
1.0
132
0.0
 79
     0
146
0.0
170
     0
 61
     5
348
9F
292
     1
282
     1
141
0.0
142
0.0
 63
   250
421
  3355443
  0
VIEWPORT
  5
355
102
{ACAD_XDICTIONARY
360
356
102
}
330
58
100
AcDbEntity
 67
     1
  8
Rooms
100
AcDbViewport
 10
5.249999761581421
 20
3.999999761581421
 30
0.0
 40
8.399999618530275
 41
6.399999618530274
 68
     2
 69
     2
 12
8498.118650391942
 22
15512.89689832721
 13
0.0
 23
0.0
 14
0.5
 24
0.5
 15
0.5
 25
0.5
 16
0.0
 26
0.0
 36
1.0
 17
0.0
 27
0.0
 37
0.0
 42
50.0
 43
0.0
 44
0.0
 45
29372.61147834867
 50
0.0
 51
0.0
 72
  1000
 90
   819808
  1

281
     0
 71
     1
 74
     0
110
0.0
120
0.0
130
0.0
111
1.0
121
0.0
131
0.0
112
0.0
122
1.0
132
0.0
 79
     0
146
0.0
170
     0
 61
     5
348
9F
292
     1
282
     1
141
0.0
142
0.0
 63
   250
421
  3355443
  0
ENDBLK
  5
5B
330
58
100
AcDbEntity
 67
     1
  8
0
100
AcDbBlockEnd
  0
BLOCK
  5
387
330
383
100
AcDbEntity
  8
0
100
AcDbBlockBegin
  2
A$Ca14dbb6b
 70
     0
 10
0.0
 20
0.0
 30
0.0
  3
A$Ca14dbb6b
  1

  0
MTEXT
  5
384
330
383
100
AcDbEntity
  8
Rooms
100
AcDbMText
 10
0.0
 20
102.1145975443396
 30
0.0
 40
100.0
 41
0.0
 46
0.0
 71
     1
 72
     5
  1
A109
 73
     1
 44
1.0
  0
ENDBLK
  5
388
330
383
100
AcDbEntity
  8
0
100
AcDbBlockEnd
  0
ENDSEC
  0
SECTION
  2
ENTITIES
  0
IMAGE
  5
270
330
1F
100
AcDbEntity
  8
0
160
               140
310
8C0000000100000084000000060000000500000095D6A1DE6EF3E240CBC36A92BFC6E24000000000000000009FC0B0676EF3E24073F7C916EBCDE2400000000000000000D45ADAC2FDFCE24065BF60B5EBCDE2400000000000000000CA70CB39FEFCE240BD8B0131C0C6E240000000000000000095D6A1DE6EF3E240CBC36A
310
92BFC6E2400000000000000000
100
AcDbRasterImage
 90
        0
 10
38811.46467677985
 20
38453.98662317506
 30
0.0
 11
0.0189682237688472
 21
0.0000048013411158
 31
0.0
 12
-0.0000048013411158
 22
0.0189682237688472
 32
0.0
 13
4032.0
 23
3024.0
340
26D
 70
     7
280
     0
281
    50
282
    50
283
     0
290
     0
360
26F
 71
     1
 91
        2
 14
-0.5
 24
-0.5
 14
4031.5
 24
3023.5
  0
LWPOLYLINE
  5
276
330
1F
100
AcDbEntity
  8
Walls
100
AcDbPolyline
 90
        7
 70
     0
 43
0.0
 10
38830.21386698655
 20
38497.78693392491
 10
38828.15686684936
 20
38497.78693392491
 10
38828.15686684936
 20
38497.45360402195
 10
38827.01717735788
 20
38497.45360402195
 10
38827.01717735788
 20
38495.42584651151
 10
38828.79620461305
 20
38495.42584651151
 10
38828.97080572611
 20
38495.42584651151
  0
LWPOLYLINE
  5
27E
330
1F
100
AcDbEntity
  8
Walls
100
AcDbPolyline
 90
        4
 70
     0
 43
0.0
 10
38827.01717735788
 20
38495.42584651151
 10
38827.01717735788
 20
38493.28697914785
 10
38828.76840745988
 20
38493.28697914785
 10
38828.77885160209
 20
38494.09060946094
  0
LWPOLYLINE
  5
27F
330
1F
100
AcDbEntity
  8
Walls
100
AcDbPolyline
 90
        3
 70
     0
 43
0.0
 10
38828.76840745988
 20
38493.28697914785
 10
38828.76840745988
 20
38492.7729074637
 10
38828.3627723378
 20
38492.7729074637
  0
LWPOLYLINE
  5
280
330
1F
100
AcDbEntity
  8
Walls
100
AcDbPolyline
 90
        3
 70
     0
 43
0.0
 10
38828.11580215495
 20
38492.21413670005
 10
38828.11580215495
 20
38491.75397257541
 10
38828.17201628839
 20
38491.75397257541
  0
LWPOLYLINE
  5
281
330
1F
100
AcDbEntity
  8
Walls
100
AcDbPolyline
 90
        2
 70
     0
 43
0.0
 10
38828.66400723704
 20
38491.28285224654
 10
38828.66400723704
 20
38489.56446904226
  0
LWPOLYLINE
  5
282
330
1F
100
AcDbEntity
  8
Walls
100
AcDbPolyline
 90
        8
 70
     0
 43
0.0
 10
38826.58477515698
 20
38489.07724545966
 10
38826.58477515698
 20
38488.60745552049
 10
38826.37959671631
 20
38488.60745552049
 10
38826.37959671631
 20
38487.35094365604
 10
38826.37959671631
 20
38487.35094365604
 10
38826.37959671631
 20
38484.85561710812
 10
38829.14235145609
 20
38484.85561710812
 10
38829.14235145609
 20
38485.05814473565
  0
LWPOLYLINE
  5
283
330
1F
100
AcDbEntity
  8
Walls
100
AcDbPolyline
 90
        8
 70
     0
 43
0.0
 10
38826.37959671631
 20
38484.85561710812
 10
38826.37959671631
 20
38484.34239393932
 10
38826.16707703784
 20
38484.34239393932
 10
38826.16707703784
 20
38483.01509254996
 10
38826.37959671631
 20
38483.01509254996
 10
38826.37959671631
 20
38480.32509518042
 10
38829.00067167044
 20
38480.32509518042
 10
38829.00648324633
 20
38480.51093306752
  0
LWPOLYLINE
  5
284
330
1F
100
AcDbEntity
  8
Walls
100
AcDbPolyline
 90
        7
 70
     0
 43
0.0
 10
38826.37959671631
 20
38480.32509518042
 10
38825.89820494641
 20
38480.32509518042
 10
38825.89820494641
 20
38478.12827690707
 10
38827.59825029213
 20
38478.12827690707
 10
38827.59825029213
 20
38478.5529854485
 10
38828.36327063019
 20
38478.5529854485
 10
38828.36327063019
 20
38480.00273612901
  0
LWPOLYLINE
  5
286
330
1F
100
AcDbEntity
  8
Walls
100
AcDbPolyline
 90
        9
 70
     0
 43
0.0
 10
38826.16266559725
 20
38478.13677258841
 10
38826.16266559725
 20
38474.69048529972
 10
38827.2935848726
 20
38474.69048529972
 10
38827.2935848726
 20
38474.51145737078
 10
38829.58901535234
 20
38474.51145737078
 10
38829.58901535234
 20
38474.7464314703
 10
38830.80951247496
 20
38474.7464314703
 10
38830.80951247496
 20
38477.06260512924
 10
38828.72944342574
 20
38477.06260512924
  0
LWPOLYLINE
  5
287
330
1F
100
AcDbEntity
  8
Walls
100
AcDbPolyline
 90
        3
 70
     0
 43
0.0
 10
38830.80951247496
 20
38477.06260512924
 10
38830.80951247496
 20
38478.23747585565
 10
38829.51885086423
 20
38478.23747585565
  0
LWPOLYLINE
  5
288
330
1F
100
AcDbEntity
  8
Walls
100
AcDbPolyline
 90
        2
 70
     0
 43
0.0
 10
38828.24367289459
 20
38478.22517347008
 10
38828.24367289459
 20
38477.06360023234
  0
LWPOLYLINE
  5
289
330
1F
100
AcDbEntity
  8
Walls
100
AcDbPolyline
 90
        5
 70
     0
 43
0.0
 10
38830.80951247496
 20
38478.23747585565
 10
38831.36368302172
 20
38478.23747585565
 10
38831.36368302172
 20
38480.27346104701
 10
38829.68694344573
 20
38480.27346104701
 10
38829.68694344573
 20
38480.24011731153
  0
LWPOLYLINE
  5
28A
330
1F
100
AcDbEntity
  8
Walls
100
AcDbPolyline
 90
        2
 70
     0
 43
0.0
 10
38829.68694344573
 20
38480.27346104701
 10
38829.68694344573
 20
38482.18140361182
  0
LWPOLYLINE
  5
28C
330
1F
100
AcDbEntity
  8
Walls
100
AcDbPolyline
 90
        2
 70
     0
 43
0.0
 10
38829.68694344573
 20
38482.5516336911
 10
38829.68694344573
 20
38482.73620002796
  0
LWPOLYLINE
  5
28E
330
1F
100
AcDbEntity
  8
Walls
100
AcDbPolyline
 90
        3
 70
     0
 43
0.0
 10
38831.18299625965
 20
38484.74365725192
 10
38829.68694344573
 20
38484.74365725192
 10
38829.68694344573
 20
38486.61975068125
  0
LWPOLYLINE
  5
28F
330
1F
100
AcDbEntity
  8
Walls
100
AcDbPolyline
 90
        3
 70
     0
 43
0.0
 10
38831.18299625965
 20
38484.74365725192
 10
38831.18299625965
 20
38486.90049231445
 10
38829.68694344573
 20
38486.92300320372
  0
LWPOLYLINE
  5
291
330
1F
100
AcDbEntity
  8
Walls
100
AcDbPolyline
 90
        2
 70
     0
 43
0.0
 10
38829.68694344573
 20
38486.92300320372
 10
38829.68694344573
 20
38487.89948886557
  0
LWPOLYLINE
  5
292
330
1F
100
AcDbEntity
  8
Walls
100
AcDbPolyline
 90
        4
 70
     0
 43
0.0
 10
38831.41248785793
 20
38487.89948886557
 10
38831.41248785793
 20
38488.55803485067
 10
38831.22419761313
 20
38488.55803485067
 10
38831.22419761313
 20
38489.01666501061
  0
LWPOLYLINE
  5
293
330
1F
100
AcDbEntity
  8
Walls
100
AcDbPolyline
 90
        3
 70
     0
 43
0.0
 10
38829.68694344573
 20
38487.89948886557
 10
38829.68694344573
 20
38488.99314551523
 10
38829.92693689748
 20
38488.99681733801
  0
LWPOLYLINE
  5
294
330
1F
100
AcDbEntity
  8
Walls
100
AcDbPolyline
 90
        3
 70
     0
 43
0.0
 10
38830.44352630274
 20
38493.17217141551
 10
38830.44352630274
 20
38492.78111923855
 10
38830.3443277663
 20
38492.78111923855
  0
LWPOLYLINE
  5
295
330
1F
100
AcDbEntity
  8
Walls
100
AcDbPolyline
 90
        4
 70
     0
 43
0.0
 10
38830.43166775411
 20
38491.09840995428
 10
38831.34477329818
 20
38491.09840995428
 10
38831.34477329818
 20
38493.12477116203
 10
38830.8704327032
 20
38493.12477116203
  0
LWPOLYLINE
  5
296
330
1F
100
AcDbEntity
  8
Walls
100
AcDbPolyline
 90
        2
 70
     0
 43
0.0
 10
38831.34477329818
 20
38493.12477116203
 10
38831.51877808084
 20
38493.12477116203
  0
LWPOLYLINE
  5
297
330
1F
100
AcDbEntity
  8
Walls
100
AcDbPolyline
 90
        2
 70
     0
 43
0.0
 10
38832.44761508026
 20
38493.12477116203
 10
38832.7210260887
 20
38493.12477116203
  0
LWPOLYLINE
  5
298
330
1F
100
AcDbEntity
  8
Walls
100
AcDbPolyline
 90
        3
 70
     0
 43
0.0
 10
38834.51099633088
 20
38492.97072036687
 10
38834.51099633088
 20
38493.13662119679
 10
38834.84164560541
 20
38493.13662119679
  0
LWPOLYLINE
  5
299
330
1F
100
AcDbEntity
  8
Walls
100
AcDbPolyline
 90
        4
 70
     0
 43
0.0
 10
38836.85944566099
 20
38492.91040265433
 10
38838.03139560103
 20
38492.91040265433
 10
38838.03139560103
 20
38493.00334832843
 10
38838.37326145076
 20
38493.00334832843
  0
LWPOLYLINE
  5
29C
330
1F
100
AcDbEntity
  8
Walls
100
AcDbPolyline
 90
        2
 70
     0
 43
0.0
 10
38839.00802086616
 20
38493.00334832843
 10
38839.42324507838
 20
38493.00334832843
  0
LWPOLYLINE
  5
29D
330
1F
100
AcDbEntity
  8
Walls
100
AcDbPolyline
 90
        3
 70
     0
 43
0.0
 10
38839.94684423923
 20
38493.00334832843
 10
38842.00041250574
 20
38493.00334832843
 10
38842.00041250574
 20
38491.40974517199
  0
LWPOLYLINE
  5
29E
330
1F
100
AcDbEntity
  8
Walls
100
AcDbPolyline
 90
        2
 70
     0
 43
0.0
 10
38842.00041250574
 20
38491.40974517199
 10
38840.9364259167
 20
38491.40974517199
  0
LWPOLYLINE
  5
29F
330
1F
100
AcDbEntity
  8
Walls
100
AcDbPolyline
 90
        2
 70
     0
 43
0.0
 10
38839.94684423923
 20
38490.98594076
 10
38841.99297214962
 20
38490.98594076
  0
LWPOLYLINE
  5
2A1
330
1F
100
AcDbEntity
  8
Walls
100
AcDbPolyline
 90
        6
 70
     0
 43
0.0
 10
38830.50211414449
 20
38494.61937677881
 10
38831.42848668967
 20
38494.61937677881
 10
38831.42848668967
 20
38493.84159258677
 10
38830.36196137519
 20
38493.84159258677
 10
38830.36196137519
 20
38494.61937677881
 10
38830.50211414449
 20
38494.61937677881
  0
LWPOLYLINE
  5
2A2
330
1F
100
AcDbEntity
  8
Walls
100
AcDbPolyline
 90
        2
 70
     0
 43
0.0
 10
38831.32575905477
 20
38495.42584651151
 10
38831.42848668967
 20
38494.61937677881
  0
LWPOLYLINE
  5
2A3
330
1F
100
AcDbEntity
  8
Walls
100
AcDbPolyline
 90
        4
 70
     0
 43
0.0
 10
38831.33006138418
 20
38495.64645741453
 10
38834.62308997214
 20
38495.64645741453
 10
38834.62308997214
 20
38493.76092023243
 10
38834.34023868609
 20
38493.76092023243
  0
LWPOLYLINE
  5
2A4
330
1F
100
AcDbEntity
  8
Walls
100
AcDbPolyline
 90
        5
 70
     0
 43
0.0
 10
38834.62308997214
 20
38495.64645741453
 10
38834.62308997214
 20
38495.90408246841
 10
38836.84945469602
 20
38495.90408246841
 10
38836.84945469602
 20
38493.72668312412
 10
38836.55800060481
 20
38493.73116511451
  0
LWPOLYLINE
  5
2A5
330
1F
100
AcDbEntity
  8
Walls
100
AcDbPolyline
 90
        4
 70
     0
 43
0.0
 10
38836.85175440317
 20
38495.47662503475
 10
38839.96861867137
 20
38495.47662503475
 10
38839.96861867137
 20
38493.69343207878
 10
38837.44344699588
 20
38493.72035102198
  0
LWPOLYLINE
  5
2A6
330
1F
100
AcDbEntity
  8
Walls
100
AcDbPolyline
 90
       87
 70
     0
 43
0.0
 10
38839.96861867137
 20
38495.47662503475
 10
38839.96861867137
 20
38495.90998316893
 10
38841.3066355558
 20
38495.90998316893
 10
38841.3066355558
 20
38496.26754937108
 10
38843.52208105947
 20
38496.26754937108
 10
38843.52208105947
 20
38495.81868966808
 10
38844.93813917454
 20
38495.81868966808
 10
38844.93813917454
 20
38496.00888447106
 10
38846.21715932038
 20
38496.00888447106
 10
38846.21715932038
 20
38495.72739616723
 10
38848.11284965255
 20
38495.72739616723
 10
38848.11284965255
 20
38495.94041437402
 10
38849.40709620941
 20
38495.94041437402
 10
38849.40709620941
 20
38495.70457287784
 10
38851.29168015788
 20
38495.70457287784
 10
38851.29168015788
 20
38495.88743280053
 10
38852.48695477306
 20
38495.88743280053
 10
38852.48695477306
 20
38495.62116009924
 10
38854.00959776525
 20
38495.62116009924
 10
38854.00959776525
 20
38496.0243729946
 10
38856.08800556977
 20
38496.0243729946
 10
38856.08800556977
 20
38495.68963019628
 10
38857.3365726235
 20
38495.68963019628
 10
38857.3365726235
 20
38488.21362675868
 10
38857.67784268298
 20
38488.21362675868
 10
38857.67784268298
 20
38486.88943609642
 10
38857.42450813147
 20
38486.88943609642
 10
38857.42450813147
 20
38483.95707573505
 10
38857.73613073905
 20
38483.95707573505
 10
38857.73613073905
 20
38482.61341167397
 10
38857.36587248607
 20
38482.61341167397
 10
38857.36587248607
 20
38477.19980840311
 10
38857.0151016517
 20
38477.19980840311
 10
38857.0151016517
 20
38476.73244706021
 10
38853.17610854189
 20
38476.73244706021
 10
38853.17610854189
 20
38477.23875520076
 10
38852.84482485607
 20
38477.23875520076
 10
38852.84482485607
 20
38480.2376577041
 10
38852.47456660308
 20
38480.2376577041
 10
38852.47456660308
 20
38482.32131080605
 10
38852.98123570609
 20
38482.32131080605
 10
38852.98123570609
 20
38484.44053747089
 10
38852.98123570609
 20
38486.52763921845
 10
38852.98123570609
 20
38487.05829477193
 10
38852.98123570609
 20
38487.05829477193
 10
38852.98123570609
 20
38487.05829477193
 10
38852.7159178303
 20
38487.05829477193
 10
38852.7159178303
 20
38488.20404316967
 10
38852.91533147365
 20
38488.20404316967
 10
38852.91533147365
 20
38490.76837512882
 10
38851.37874223627
 20
38490.76837512882
 10
38851.37874223627
 20
38490.63163999741
 10
38850.17212762063
 20
38490.63163999741
 10
38850.17212762063
 20
38490.63163999741
 10
38850.17212762063
 20
38490.85984165128
 10
38849.3105965542
 20
38490.85984165128
 10
38849.3105965542
 20
38490.6307214495
 10
38848.01782731948
 20
38490.6307214495
 10
38848.01782731948
 20
38490.86471658084
 10
38847.16411174636
 20
38490.86471658084
 10
38847.16411174636
 20
38490.67459547225
 10
38845.95960670355
 20
38490.67459547225
 10
38845.95960670355
 20
38490.89258976675
 10
38844.45798570849
 20
38490.89258976675
 10
38844.45798570849
 20
38488.33015463707
 10
38844.65850693835
 20
38488.33015463707
 10
38844.65850693835
 20
38487.09008760672
 10
38844.42034451235
 20
38487.09008760672
 10
38844.42034451235
 20
38482.37545867334
 10
38844.74471962402
 20
38482.37545867334
 10
38844.74471962402
 20
38480.25120019228
 10
38844.34363044096
 20
38480.25120019228
 10
38844.34363044096
 20
38477.16501332302
 10
38843.98265014919
 20
38477.16501332302
 10
38843.98265014919
 20
38476.89516552843
 10
38839.95156680872
 20
38476.89516552843
 10
38839.95156680872
 20
38477.31600911961
 10
38839.67080456963
 20
38477.31600911961
 10
38839.67080456963
 20
38482.82271300588
 10
38839.49571623734
 20
38482.82271300588
 10
38839.49571623734
 20
38484.13500969139
 10
38839.89542559612
 20
38484.13500969139
 10
38839.89542559612
 20
38487.13502264558
 10
38839.66850324202
 20
38487.13502264558
 10
38839.66850324202
 20
38488.40361157844
 10
38839.95840111166
 20
38488.40361157844
 10
38839.94684423923
 20
38490.98594076
  0
LWPOLYLINE
  5
2A7
330
1F
100
AcDbEntity
  8
Walls
100
AcDbPolyline
 90
        2
 70
     0
 43
0.0
 10
38839.96861867137
 20
38493.69343207878
 10
38840.21003201633
 20
38493.69343207878
  0
LWPOLYLINE
  5
2A8
330
1F
100
AcDbEntity
  8
Walls
100
AcDbPolyline
 90
        6
 70
     0
 43
0.0
 10
38852.91533147365
 20
38490.76837512882
 10
38853.42889672727
 20
38490.76837512882
 10
38853.42889672727
 20
38491.58916537477
 10
38852.84807091364
 20
38491.58916537477
 10
38852.84807091364
 20
38492.46807531804
 10
38852.9516900733
 20
38492.46807531804
  0
LWPOLYLINE
  5
2A9
330
1F
100
AcDbEntity
  8
Walls
100
AcDbPolyline
 90
        2
 70
     0
 43
0.0
 10
38857.3365726235
 20
38495.68963019628
 10
38857.3365726235
 20
38492.48389374984
  0
LWPOLYLINE
  5
2AB
330
1F
100
AcDbEntity
  8
Walls
100
AcDbPolyline
 90
        3
 70
     0
 43
0.0
 10
38857.34841037619
 20
38492.75024197643
 10
38855.40767981357
 20
38492.75024197643
 10
38855.40767981357
 20
38492.68015735436
  0
LWPOLYLINE
  5
2AC
330
1F
100
AcDbEntity
  8
Walls
100
AcDbPolyline
 90
        2
 70
     0
 43
0.0
 10
38852.84188020462
 20
38479.42583368502
 10
38853.14218117699
 20
38479.42583368502
  0
LWPOLYLINE
  5
2AD
330
1F
100
AcDbEntity
  8
Walls
100
AcDbPolyline
 90
        3
 70
     0
 43
0.0
 10
38844.45798570849
 20
38490.89258976675
 10
38844.45798570849
 20
38492.47024209326
 10
38844.36996323567
 20
38492.47024209326
  0
LWPOLYLINE
  5
2AE
330
1F
100
AcDbEntity
  8
Walls
100
AcDbPolyline
 90
        2
 70
     0
 43
0.0
 10
38842.00041250574
 20
38490.98594076
 10
38842.00041250574
 20
38490.67781468116
  0
LWPOLYLINE
  5
2AF
330
1F
100
AcDbEntity
  8
Walls
100
AcDbPolyline
 90
        2
 70
     0
 43
0.0
 10
38844.34012456913
 20
38479.51953564208
 10
38843.97305565752
 20
38479.51953564208
  0
LWPOLYLINE
  5
2B0
330
1F
100
AcDbEntity
  8
Walls
100
AcDbPolyline
 90
        2
 70
     0
 43
0.0
 10
38848.74763634575
 20
38495.93768276107
 10
38848.74763634575
 20
38493.59597296668
  0
LWPOLYLINE
  5
2B1
330
1F
100
AcDbEntity
  8
Walls
100
AcDbPolyline
 90
        2
 70
     0
 43
0.0
 10
38853.03647053969
 20
38495.61949716935
 10
38853.03647053969
 20
38493.596908565
  0
LWPOLYLINE
  5
2B2
330
1F
100
AcDbEntity
  8
Walls
100
AcDbPolyline
 90
        2
 70
     0
 43
0.0
 10
38842.67502585958
 20
38490.91243369731
 10
38844.45723867502
 20
38490.91243369731
  0
LWPOLYLINE
  5
2B3
330
1F
100
AcDbEntity
  8
Walls
100
AcDbPolyline
 90
        2
 70
     0
 43
0.0
 10
38842.67215601951
 20
38488.71023539031
 10
38844.45843187599
 20
38488.71023539031
  0
LWPOLYLINE
  5
2B5
330
1F
100
AcDbEntity
  8
Walls
100
AcDbPolyline
 90
        2
 70
     0
 43
0.0
 10
38842.67397769006
 20
38484.50739361505
 10
38844.42078446807
 20
38484.50739361505
  0
LWPOLYLINE
  5
2B6
330
1F
100
AcDbEntity
  8
Walls
100
AcDbPolyline
 90
        2
 70
     0
 43
0.0
 10
38841.99677969764
 20
38488.85999943784
 10
38839.95441531269
 20
38488.85999943784
  0
LWPOLYLINE
  5
2B7
330
1F
100
AcDbEntity
  8
Walls
100
AcDbPolyline
 90
        2
 70
     0
 43
0.0
 10
38839.95441531269
 20
38488.85999943784
 10
38839.95441531269
 20
38488.40361157844
  0
LWPOLYLINE
  5
2B8
330
1F
100
AcDbEntity
  8
Walls
100
AcDbPolyline
 90
        2
 70
     0
 43
0.0
 10
38841.99392147089
 20
38481.39320573901
 10
38839.67275128592
 20
38481.39320573901
  0
LWPOLYLINE
  5
2BA
330
1F
100
AcDbEntity
  8
Walls
100
AcDbPolyline
 90
        2
 70
     0
 43
0.0
 10
38839.67080456963
 20
38482.82271300588
 10
38841.99767284286
 20
38482.82271300588
  0
LWPOLYLINE
  5
2BB
330
1F
100
AcDbEntity
  8
Walls
100
AcDbPolyline
 90
        2
 70
     0
 43
0.0
 10
38853.42889672727
 20
38490.76837512882
 10
38854.74065859921
 20
38490.76837512882
  0
LWPOLYLINE
  5
2BC
330
1F
100
AcDbEntity
  8
Walls
100
AcDbPolyline
 90
        2
 70
     0
 43
0.0
 10
38852.9170750919
 20
38488.58352761629
 10
38854.74074016252
 20
38488.58352761629
  0
LWPOLYLINE
  5
2BD
330
1F
100
AcDbEntity
  8
Walls
100
AcDbPolyline
 90
        2
 70
     0
 43
0.0
 10
38852.97838450135
 20
38484.40014573684
 10
38854.73460995079
 20
38484.40014573684
  0
LWPOLYLINE
  5
2BE
330
1F
100
AcDbEntity
  8
Walls
100
AcDbPolyline
 90
        2
 70
     0
 43
0.0
 10
38857.36587248607
 20
38482.61341167397
 10
38855.39282151774
 20
38482.61341167397
  0
LWPOLYLINE
  5
2BF
330
1F
100
AcDbEntity
  8
Walls
100
AcDbPolyline
 90
        2
 70
     0
 43
0.0
 10
38857.4178245316
 20
38485.75613438335
 10
38855.3949235284
 20
38485.75613438335
  0
LWPOLYLINE
  5
2C1
330
1F
100
AcDbEntity
  8
Walls
100
AcDbPolyline
 90
        2
 70
     0
 43
0.0
 10
38855.70234724614
 20
38487.68764049997
 10
38857.67732494503
 20
38487.68764049997
  0
LWPOLYLINE
  5
2C2
330
1F
100
AcDbEntity
  8
Walls
100
AcDbPolyline
 90
        2
 70
     0
 43
0.0
 10
38855.40641207131
 20
38488.654919055
 10
38857.33249310776
 20
38488.654919055
  0
LWPOLYLINE
  5
2C3
330
1F
100
AcDbEntity
  8
Walls
100
AcDbPolyline
 90
        2
 70
     0
 43
0.0
 10
38855.40860185705
 20
38490.7329460939
 10
38857.33159888223
 20
38490.7329460939
  0
LWPOLYLINE
  5
2C4
330
1F
100
AcDbEntity
  8
Walls
100
AcDbPolyline
 90
        4
 70
     0
 43
0.0
 10
38831.41248785793
 20
38487.89948886557
 10
38831.41248785793
 20
38487.26446237586
 10
38831.20066146757
 20
38487.26446237586
 10
38831.18299625965
 20
38486.90049231445
  0
LWPOLYLINE
  5
2C8
330
1F
100
AcDbEntity
  8
Walls
100
AcDbPolyline
 90
        2
 70
     0
 43
0.0
 10
38828.73802647838
 20
38477.06131868154
 10
38828.73802647838
 20
38477.05838910074
  0
LWPOLYLINE
  5
2C9
330
1F
100
AcDbEntity
  8
Walls
100
AcDbPolyline
 90
        2
 70
     0
 43
0.0
 10
38828.24367289459
 20
38477.06260512924
 10
38826.17386272688
 20
38477.06260512924
  0
LWPOLYLINE
  5
2CA
330
1F
100
AcDbEntity
  8
Walls
100
AcDbPolyline
 90
        2
 70
     0
 43
0.0
 10
38828.36327063019
 20
38480.30485760282
 10
38828.36327063019
 20
38480.31214259064
  0
LWPOLYLINE
  5
2CB
330
1F
100
AcDbEntity
  8
Walls
100
AcDbPolyline
 90
        2
 70
     0
 43
0.0
 10
38829.68694344573
 20
38479.96497095909
 10
38829.68694344573
 20
38478.23489803967
  0
LWPOLYLINE
  5
2CC
330
1F
100
AcDbEntity
  8
Walls
100
AcDbPolyline
 90
        2
 70
     0
 43
0.0
 10
38829.01402654232
 20
38480.75214650334
 10
38829.12379391918
 20
38484.26219915858
  0
LWPOLYLINE
  5
2CD
330
1F
100
AcDbEntity
  8
Walls
100
AcDbPolyline
 90
        4
 70
     0
 43
0.0
 10
38829.68694344573
 20
38482.42306902448
 10
38829.68694344573
 20
38482.5516336911
 10
38831.1243754685
 20
38482.5516336911
 10
38831.1243754685
 20
38480.27100613131
  0
LWPOLYLINE
  5
2CE
330
1F
100
AcDbEntity
  8
Walls
100
AcDbPolyline
 90
        2
 70
     0
 43
0.0
 10
38829.13416177177
 20
38484.59373398766
 10
38829.14235145609
 20
38484.85561710812
  0
LWPOLYLINE
  5
2CF
330
1F
100
AcDbEntity
  8
Walls
100
AcDbPolyline
 90
        8
 70
     0
 43
0.0
 10
38829.68694344573
 20
38482.98477016995
 10
38829.68694344573
 20
38484.74365725192
 10
38831.18299625965
 20
38484.74365725192
 10
38831.18299625965
 20
38484.20426639592
 10
38831.46219043066
 20
38484.20426639592
 10
38831.46219043066
 20
38482.84648940173
 10
38831.07131853724
 20
38482.84648940173
 10
38831.07131853724
 20
38482.5516336911
  0
LWPOLYLINE
  5
2D0
330
1F
100
AcDbEntity
  8
Walls
100
AcDbPolyline
 90
        2
 70
     0
 43
0.0
 10
38829.14235145609
 20
38485.32623267619
 10
38829.14235145609
 20
38488.50809145421
  0
LWPOLYLINE
  5
2D1
330
1F
100
AcDbEntity
  8
Walls
100
AcDbPolyline
 90
        2
 70
     0
 43
0.0
 10
38829.68694344573
 20
38486.8186546962
 10
38829.68694344573
 20
38486.92300320372
  0
LWPOLYLINE
  5
2D2
330
1F
100
AcDbEntity
  8
Walls
100
AcDbPolyline
 90
        3
 70
     0
 43
0.0
 10
38829.14235145609
 20
38488.79779942872
 10
38829.14235145609
 20
38489.04988927879
 10
38828.66400723704
 20
38489.07724545966
  0
LWPOLYLINE
  5
2D3
330
1F
100
AcDbEntity
  8
Walls
100
AcDbPolyline
 90
        2
 70
     0
 43
0.0
 10
38830.2429385292
 20
38489.00165206155
 10
38831.22419761313
 20
38489.01666501061
  0
LWPOLYLINE
  5
2D4
330
1F
100
AcDbEntity
  8
Walls
100
AcDbPolyline
 90
        4
 70
     0
 43
0.0
 10
38828.66400723704
 20
38489.30502909242
 10
38828.66400723704
 20
38489.07724545966
 10
38826.58477515698
 20
38489.07724545966
 10
38826.58477515698
 20
38491.28114468806
  0
LWPOLYLINE
  5
2D5
330
1F
100
AcDbEntity
  8
Walls
100
AcDbPolyline
 90
        5
 70
     0
 43
0.0
 10
38828.35410178015
 20
38491.75397257541
 10
38828.66400723704
 20
38491.75397257541
 10
38828.66400723704
 20
38491.28285224654
 10
38826.36454126414
 20
38491.28285224654
 10
38826.36454126414
 20
38492.21413670005
  0
LWPOLYLINE
  5
2D6
330
1F
100
AcDbEntity
  8
Walls
100
AcDbPolyline
 90
        6
 70
     0
 43
0.0
 10
38828.18068711611
 20
38492.7729074637
 10
38828.11580215495
 20
38492.7729074637
 10
38828.11580215495
 20
38492.21413670005
 10
38826.35058232532
 20
38492.21413670005
 10
38826.35058232532
 20
38493.33167811292
 10
38827.01717735788
 20
38493.28697914785
  0
LWPOLYLINE
  5
2D7
330
1F
100
AcDbEntity
  8
Walls
100
AcDbPolyline
 90
        2
 70
     0
 43
0.0
 10
38828.78164358521
 20
38494.30544015048
 10
38828.79620461305
 20
38495.42584651151
  0
LWPOLYLINE
  5
2D8
330
1F
100
AcDbEntity
  8
Walls
100
AcDbPolyline
 90
        5
 70
     0
 43
0.0
 10
38829.3661652219
 20
38495.42584651151
 10
38831.32575905477
 20
38495.42584651151
 10
38831.32575905477
 20
38497.3980489809
 10
38830.24166413971
 20
38497.3980489809
 10
38830.21386698655
 20
38497.78693392491
  0
LWPOLYLINE
  5
2D9
330
1F
100
AcDbEntity
  8
Walls
100
AcDbPolyline
 90
        5
 70
     0
 43
0.0
 10
38829.41310679566
 20
38492.78111923855
 10
38829.30510887476
 20
38492.78111923855
 10
38829.30510887476
 20
38491.09840995428
 10
38830.43166775411
 20
38491.09840995428
 10
38830.44352630274
 20
38492.78111923855
  0
LWPOLYLINE
  5
2DA
330
1F
100
AcDbEntity
  8
Walls
100
AcDbPolyline
 90
        4
 70
     0
 43
0.0
 10
38831.81760281138
 20
38493.12477116203
 10
38832.44761508026
 20
38493.12477116203
 10
38832.44761508026
 20
38491.08655980509
 10
38831.34477329818
 20
38491.09840995428
  0
LWPOLYLINE
  5
2DB
330
1F
100
AcDbEntity
  8
Walls
100
AcDbPolyline
 90
        4
 70
     0
 43
0.0
 10
38834.01361653232
 20
38493.76092023243
 10
38833.60153007673
 20
38493.76092023243
 10
38833.60153007673
 20
38493.95307686241
 10
38831.42499864294
 20
38493.95307686241
  0
LWPOLYLINE
  5
2DC
330
1F
100
AcDbEntity
  8
Walls
100
AcDbPolyline
 90
        6
 70
     0
 43
0.0
 10
38832.9851037701
 20
38493.12477116203
 10
38833.38443745153
 20
38493.12477116203
 10
38833.38443745153
 20
38492.97072036687
 10
38834.51099633088
 20
38492.97072036687
 10
38834.51099633088
 20
38491.06285973557
 10
38832.44761508026
 20
38491.06285973557
  0
LWPOLYLINE
  5
2DD
330
1F
100
AcDbEntity
  8
Walls
100
AcDbPolyline
 90
        5
 70
     0
 43
0.0
 10
38835.23776212752
 20
38493.13662119679
 10
38836.84712338984
 20
38493.13662119679
 10
38836.84712338984
 20
38490.68365759337
 10
38834.52285487951
 20
38490.68365759337
 10
38834.51099633088
 20
38491.06285973557
  0
LWPOLYLINE
  5
2DE
330
1F
100
AcDbEntity
  8
Walls
100
AcDbPolyline
 90
        2
 70
     0
 43
0.0
 10
38836.26640804243
 20
38493.73564923431
 10
38834.62308997214
 20
38493.76092023243
  0
LWPOLYLINE
  5
2DF
330
1F
100
AcDbEntity
  8
Walls
100
AcDbPolyline
 90
        2
 70
     0
 43
0.0
 10
38837.10155814967
 20
38493.7239956401
 10
38836.84945469602
 20
38493.72668312412
  0
LWPOLYLINE
  5
2E0
330
1F
100
AcDbEntity
  8
Walls
100
AcDbPolyline
 90
        4
 70
     0
 43
0.0
 10
38838.70683323042
 20
38493.00334832843
 10
38839.00802086616
 20
38493.00334832843
 10
38839.00802086616
 20
38490.95854395568
 10
38836.82928938369
 20
38490.95854395568
  0
LWPOLYLINE
  5
2E1
330
1F
100
AcDbEntity
  8
Walls
100
AcDbPolyline
 90
        4
 70
     0
 43
0.0
 10
38839.64605199647
 20
38493.00334832843
 10
38839.94684423923
 20
38493.00334832843
 10
38839.94684423923
 20
38490.98594076
 10
38839.00802086616
 20
38490.95854395568
  0
LWPOLYLINE
  5
2E2
330
1F
100
AcDbEntity
  8
Walls
100
AcDbPolyline
 90
        6
 70
     0
 43
0.0
 10
38840.61386950474
 20
38493.69343207878
 10
38841.30558927683
 20
38493.69343207878
 10
38841.30558927683
 20
38493.76817798535
 10
38845.67156993572
 20
38493.76817798535
 10
38845.67156993572
 20
38493.59571412087
 10
38848.11260874371
 20
38493.59571412087
  0
LWPOLYLINE
  5
2E3
330
1F
100
AcDbEntity
  8
Walls
100
AcDbPolyline
 90
        3
 70
     0
 43
0.0
 10
38843.43327968407
 20
38492.47024209326
 10
38842.67281014643
 20
38492.47024209326
 10
38842.67281014643
 20
38489.33097100474
  0
LWPOLYLINE
  5
2E4
330
1F
100
AcDbEntity
  8
Walls
100
AcDbPolyline
 90
        2
 70
     0
 43
0.0
 10
38842.00041250574
 20
38490.45216555371
 10
38842.00041250574
 20
38488.22141822377
  0
LWPOLYLINE
  5
2E5
330
1F
100
AcDbEntity
  8
Walls
100
AcDbPolyline
 90
        2
 70
     0
 43
0.0
 10
38842.67281014643
 20
38488.99954880232
 10
38842.67281014643
 20
38488.34375582901
  0
LWPOLYLINE
  5
2E6
330
1F
100
AcDbEntity
  8
Walls
100
AcDbPolyline
 90
        2
 70
     0
 43
0.0
 10
38842.67281014643
 20
38488.01938505812
 10
38842.67281014643
 20
38484.29284544866
  0
LWPOLYLINE
  5
2E7
330
1F
100
AcDbEntity
  8
Walls
100
AcDbPolyline
 90
        2
 70
     0
 43
0.0
 10
38839.89404226083
 20
38485.85650522482
 10
38841.99584469046
 20
38485.85650522482
  0
LWPOLYLINE
  5
2E8
330
1F
100
AcDbEntity
  8
Walls
100
AcDbPolyline
 90
        2
 70
     0
 43
0.0
 10
38841.61263947782
 20
38487.78008415967
 10
38839.6705126162
 20
38487.78008415967
  0
LWPOLYLINE
  5
2E9
330
1F
100
AcDbEntity
  8
Walls
100
AcDbPolyline
 90
        2
 70
     0
 43
0.0
 10
38842.00268304455
 20
38488.22361852765
 10
38841.92654909893
 20
38488.22361852765
  0
LWPOLYLINE
  5
2EB
330
1F
100
AcDbEntity
  8
Walls
100
AcDbPolyline
 90
        2
 70
     0
 43
0.0
 10
38842.00041250574
 20
38487.25128309573
 10
38842.00041250574
 20
38485.51114368307
  0
LWPOLYLINE
  5
2EC
330
1F
100
AcDbEntity
  8
Walls
100
AcDbPolyline
 90
        4
 70
     0
 43
0.0
 10
38841.66727609048
 20
38488.22361852765
 10
38841.60025157792
 20
38488.22361852765
 10
38841.60025157792
 20
38487.25139649812
 10
38841.67015673364
 20
38487.25139649812
  0
LWPOLYLINE
  5
2EE
330
1F
100
AcDbEntity
  8
Walls
100
AcDbPolyline
 90
        2
 70
     0
 43
0.0
 10
38841.93231065531
 20
38487.25139649812
 10
38842.00025397043
 20
38487.25139649812
  0
LWPOLYLINE
  5
2EF
330
1F
100
AcDbEntity
  8
Walls
100
AcDbPolyline
 90
        2
 70
     0
 43
0.0
 10
38842.00041250574
 20
38485.20166009409
 10
38842.00041250574
 20
38481.82408870297
  0
LWPOLYLINE
  5
2F0
330
1F
100
AcDbEntity
  8
Walls
100
AcDbPolyline
 90
        2
 70
     0
 43
0.0
 10
38842.00041250574
 20
38481.55144841746
 10
38842.00041250574
 20
38481.29380310906
  0
LWPOLYLINE
  5
2F1
330
1F
100
AcDbEntity
  8
Walls
100
AcDbPolyline
 90
        3
 70
     0
 43
0.0
 10
38842.67281014643
 20
38484.09055995983
 10
38842.67281014643
 20
38480.21294879961
 10
38844.34363044096
 20
38480.21294879961
  0
LWPOLYLINE
  5
2F2
330
1F
100
AcDbEntity
  8
Walls
100
AcDbPolyline
 90
        4
 70
     0
 43
0.0
 10
38842.00041250574
 20
38480.87995579306
 10
38842.00041250574
 20
38480.28475013475
 10
38839.67650292797
 20
38480.28475013475
 10
38839.67650292797
 20
38480.29795745077
  0
LWPOLYLINE
  5
2F3
330
1F
100
AcDbEntity
  8
Walls
100
AcDbPolyline
 90
        6
 70
     0
 43
0.0
 10
38843.5031373062
 20
38479.51953564208
 10
38843.06454925767
 20
38479.51953564208
 10
38843.06454925767
 20
38479.31115068385
 10
38841.05088057265
 20
38479.31115068385
 10
38841.05088057265
 20
38479.5051561962
 10
38840.3927257219
 20
38479.5051561962
  0
LWPOLYLINE
  5
2F4
330
1F
100
AcDbEntity
  8
Walls
100
AcDbPolyline
 90
        2
 70
     0
 43
0.0
 10
38839.97502058075
 20
38479.5051561962
 10
38839.67136281915
 20
38479.5051561962
  0
LWPOLYLINE
  5
2F5
330
1F
100
AcDbEntity
  8
Walls
100
AcDbPolyline
 90
        2
 70
     0
 43
0.0
 10
38848.56062950769
 20
38493.59571412087
 10
38848.97092184059
 20
38493.59571412087
  0
LWPOLYLINE
  5
2F6
330
1F
100
AcDbEntity
  8
Walls
100
AcDbPolyline
 90
        5
 70
     0
 43
0.0
 10
38849.28217822353
 20
38493.59571412087
 10
38851.90112658998
 20
38493.59571412087
 10
38855.99471281093
 20
38493.59571412087
 10
38855.99471281093
 20
38493.41093276576
 10
38856.80055747472
 20
38493.41093276576
  0
LWPOLYLINE
  5
2F7
330
1F
100
AcDbEntity
  8
Walls
100
AcDbPolyline
 90
        2
 70
     0
 43
0.0
 10
38857.12247488409
 20
38493.41093276576
 10
38857.33666039858
 20
38493.41093276576
  0
LWPOLYLINE
  5
2F8
330
1F
100
AcDbEntity
  8
Walls
100
AcDbPolyline
 90
        5
 70
     0
 43
0.0
 10
38853.81036912475
 20
38492.46807531804
 10
38854.91415158563
 20
38492.46807531804
 10
38854.91415158563
 20
38491.69695623415
 10
38854.73990400358
 20
38491.69695623415
 10
38854.73990400358
 20
38489.06829616876
  0
LWPOLYLINE
  5
2F9
330
1F
100
AcDbEntity
  8
Walls
100
AcDbPolyline
 90
        2
 70
     0
 43
0.0
 10
38855.40767981357
 20
38492.14325574374
 10
38855.40767981357
 20
38490.57234084659
  0
LWPOLYLINE
  5
2FA
330
1F
100
AcDbEntity
  8
Walls
100
AcDbPolyline
 90
        3
 70
     0
 43
0.0
 10
38855.40767981357
 20
38490.2552890499
 10
38855.40767981357
 20
38488.06374576136
 10
38855.45301145729
 20
38488.06374576136
  0
LWPOLYLINE
  5
2FB
330
1F
100
AcDbEntity
  8
Walls
100
AcDbPolyline
 90
        4
 70
     0
 43
0.0
 10
38855.65439504357
 20
38488.06374576136
 10
38855.69989170446
 20
38488.06374576136
 10
38855.69989170446
 20
38487.1182715907
 10
38855.66780059427
 20
38487.1182715907
  0
LWPOLYLINE
  5
2FC
330
1F
100
AcDbEntity
  8
Walls
100
AcDbPolyline
 90
        3
 70
     0
 43
0.0
 10
38855.43189385284
 20
38487.1182715907
 10
38855.39339300105
 20
38487.1182715907
 10
38855.39339300105
 20
38485.62363782359
  0
LWPOLYLINE
  5
2FD
330
1F
100
AcDbEntity
  8
Walls
100
AcDbPolyline
 90
        2
 70
     0
 43
0.0
 10
38855.39339300105
 20
38485.36363109065
 10
38855.39339300105
 20
38481.7585884669
  0
LWPOLYLINE
  5
2FE
330
1F
100
AcDbEntity
  8
Walls
100
AcDbPolyline
 90
        3
 70
     0
 43
0.0
 10
38855.39339300105
 20
38480.75323016761
 10
38855.39339300105
 20
38480.18375575178
 10
38857.36589760325
 20
38480.18375575178
  0
LWPOLYLINE
  5
2FF
330
1F
100
AcDbEntity
  8
Walls
100
AcDbPolyline
 90
        2
 70
     0
 43
0.0
 10
38855.39339300105
 20
38481.48359018983
 10
38855.39339300105
 20
38481.21200004936
  0
LWPOLYLINE
  5
300
330
1F
100
AcDbEntity
  8
Walls
100
AcDbPolyline
 90
        2
 70
     0
 43
0.0
 10
38857.05921173636
 20
38479.39007268205
 10
38857.36580496677
 20
38479.39007268205
  0
LWPOLYLINE
  5
301
330
1F
100
AcDbEntity
  8
Walls
100
AcDbPolyline
 90
        6
 70
     0
 43
0.0
 10
38853.53240434504
 20
38479.42583368502
 10
38854.0598396821
 20
38479.42583368502
 10
38854.0598396821
 20
38479.23585882088
 10
38856.16469479406
 20
38479.23585882088
 10
38856.16469479406
 20
38479.39007268205
 10
38856.66073419958
 20
38479.39007268205
  0
LWPOLYLINE
  5
302
330
1F
100
AcDbEntity
  8
Walls
100
AcDbPolyline
 90
        3
 70
     0
 43
0.0
 10
38854.73990400358
 20
38480.37336878105
 10
38854.73990400358
 20
38480.22877249528
 10
38852.84482485607
 20
38480.2376577041
  0
LWPOLYLINE
  5
303
330
1F
100
AcDbEntity
  8
Walls
100
AcDbPolyline
 90
        2
 70
     0
 43
0.0
 10
38854.73990400358
 20
38484.08348209444
 10
38854.73990400358
 20
38480.62464776398
  0
LWPOLYLINE
  5
304
330
1F
100
AcDbEntity
  8
Walls
100
AcDbPolyline
 90
        2
 70
     0
 43
0.0
 10
38854.73990400358
 20
38484.59771901881
 10
38854.73990400358
 20
38484.3008002086
  0
LWPOLYLINE
  5
305
330
1F
100
AcDbEntity
  8
Walls
100
AcDbPolyline
 90
        2
 70
     0
 43
0.0
 10
38854.73990400358
 20
38488.23704120523
 10
38854.73990400358
 20
38484.85114852758
  0
LWPOLYLINE
  5
306
330
1F
100
AcDbEntity
  8
Walls
100
AcDbPolyline
 90
        2
 70
     0
 43
0.0
 10
38854.73990400358
 20
38488.80734823033
 10
38854.73990400358
 20
38488.47891339701
  0
MTEXT
  5
371
330
1F
100
AcDbEntity
  8
Walls
100
AcDbMText
 10
38835.62671530278
 20
38499.01381072199
 30
0.0
 40
0.0004
 41
0.0745415601970744
 46
0.0
 71
     1
 72
     5
  1
A109
 73
     1
 44
1.0
101
Embedded Object
 70
     1
 10
1.0
 20
0.0
 30
0.0
 11
38835.62671530278
 21
38499.01381072199
 31
0.0
 40
0.0745415601970744
 41
0.0
 42
0.0012804911323329
 43
0.0004084583901774
 71
     2
 72
     1
 44
0.0745415601970744
 45
0.002
 73
     0
 74
     0
 46
0.0
  0
MTEXT
  5
372
330
1F
100
AcDbEntity
  8
Rooms
100
AcDbMText
 10
38828.52744297409
 20
38496.62103829502
 30
0.0
 40
0.2
 41
0.0
 46
0.0
 71
     1
 72
     5
  1
A109
 73
     1
 44
1.0
  0
MTEXT
  5
37A
330
1F
100
AcDbEntity
  8
Rooms
100
AcDbMText
 10
38827.51909896552
 20
38493.71854759
 30
0.0
 40
0.2
 41
0.0
 46
0.0
 71
     1
 72
     5
  1
A109
 73
     1
 44
1.0
  0
MTEXT
  5
382
330
1F
100
AcDbEntity
  8
Rooms
100
AcDbMText
 10
38826.88837178234
 20
38492.84443618806
 30
0.0
 40
0.2
 41
0.0
 46
0.0
 71
     1
 72
     5
  1
A109
 73
     1
 44
1.0
  0
MTEXT
  5
38A
102
{ACAD_XDICTIONARY
360
38B
102
}
330
1F
100
AcDbEntity
  8
Rooms
100
AcDbMText
 10
38826.89612393559
 20
38491.86158631068
 30
0.0
 40
0.2
 41
0.0
 46
0.0
 71
     1
 72
     5
  1
A109
 73
     1
 44
1.0
1001
AcadAnnotative
1000
AnnotativeData
1002
{
1070
     1
1070
     1
1002
}
  0
MTEXT
  5
38F
102
{ACAD_XDICTIONARY
360
390
102
}
330
1F
100
AcDbEntity
  8
Rooms
100
AcDbMText
 10
38827.04081040647
 20
38490.71202060022
 30
0.0
 40
0.2
 41
0.0
 46
0.0
 71
     1
 72
     5
  1
A111
 73
     1
 44
1.0
1001
AcadAnnotative
1000
AnnotativeData
1002
{
1070
     1
1070
     1
1002
}
  0
MTEXT
  5
394
102
{ACAD_XDICTIONARY
360
395
102
}
330
1F
100
AcDbEntity
  8
Rooms
100
AcDbMText
 10
38827.28964014795
 20
38487.45532958746
 30
0.0
 40
0.2
 41
0.0
 46
0.0
 71
     1
 72
     5
  1
A113
 73
     1
 44
1.0
1001
AcadAnnotative
1000
AnnotativeData
1002
{
1070
     1
1070
     1
1002
}
  0
MTEXT
  5
399
102
{ACAD_XDICTIONARY
360
39A
102
}
330
1F
100
AcDbEntity
  8
Rooms
100
AcDbMText
 10
38827.37460262513
 20
38482.35494102492
 30
0.0
 40
0.2
 41
0.0
 46
0.0
 71
     1
 72
     5
  1
A115
 73
     1
 44
1.0
1001
AcadAnnotative
1000
AnnotativeData
1002
{
1070
     1
1070
     1
1002
}
  0
MTEXT
  5
39E
102
{ACAD_XDICTIONARY
360
39F
102
}
330
1F
100
AcDbEntity
  8
Rooms
100
AcDbMText
 10
38826.92679863784
 20
38479.32424736015
 30
0.0
 40
0.2
 41
0.0
 46
0.0
 71
     1
 72
     5
  1
A121
 73
     1
 44
1.0
1001
AcadAnnotative
1000
AnnotativeData
1002
{
1070
     1
1070
     1
1002
}
  0
MTEXT
  5
3A3
102
{ACAD_XDICTIONARY
360
3A4
102
}
330
1F
100
AcDbEntity
  8
Rooms
100
AcDbMText
 10
38828.10737249952
 20
38476.17151247423
 30
0.0
 40
0.2
 41
0.0
 46
0.0
 71
     1
 72
     5
  1
A120
 73
     1
 44
1.0
1001
AcadAnnotative
1000
AnnotativeData
1002
{
1070
     1
1070
     1
1002
}
  0
MTEXT
  5
3A8
102
{ACAD_XDICTIONARY
360
3A9
102
}
330
1F
100
AcDbEntity
  8
Rooms
100
AcDbMText
 10
38829.63397693
 20
38477.75805008575
 30
0.0
 40
0.2
 41
0.0
 46
0.0
 71
     1
 72
     5
  1
A119
 73
     1
 44
1.0
1001
AcadAnnotative
1000
AnnotativeData
1002
{
1070
     1
1070
     1
1002
}
  0
MTEXT
  5
3AD
102
{ACAD_XDICTIONARY
360
3AE
102
}
330
1F
100
AcDbEntity
  8
Rooms
100
AcDbMText
 10
38830.24461870219
 20
38479.24288654605
 30
0.0
 40
0.2
 41
0.0
 46
0.0
 71
     1
 72
     5
  1
A118
 73
     1
 44
1.0
1001
AcadAnnotative
1000
AnnotativeData
1002
{
1070
     1
1070
     1
1002
}
  0
MTEXT
  5
3B2
102
{ACAD_XDICTIONARY
360
3B3
102
}
330
1F
100
AcDbEntity
  8
Rooms
100
AcDbMText
 10
38830.26497338589
 20
38481.45997113475
 30
0.0
 40
0.2
 41
0.0407096827049973
 46
0.0
 71
     1
 72
     5
  1
A117
 73
     1
 44
1.0
1001
AcadAnnotative
1000
AnnotativeData
1002
{
1070
     1
1070
     1
1002
}
  0
MTEXT
  5
3B7
102
{ACAD_XDICTIONARY
360
3B8
102
}
330
1F
100
AcDbEntity
  8
Rooms
100
AcDbMText
 10
38830.20390933479
 20
38483.9007982294
 30
0.0
 40
0.2
 41
0.0
 46
0.0
 71
     1
 72
     5
  1
A116
 73
     1
 44
1.0
1001
AcadAnnotative
1000
AnnotativeData
1002
{
1070
     1
1070
     1
1002
}
  0
MTEXT
  5
3BC
102
{ACAD_XDICTIONARY
360
3BD
102
}
330
1F
100
AcDbEntity
  8
Rooms
100
AcDbMText
 10
38830.34589519587
 20
38485.74964913128
 30
0.0
 40
0.2
 41
0.0
 46
0.0
 71
     1
 72
     5
  1
A114
 73
     1
 44
1.0
1001
AcadAnnotative
1000
AnnotativeData
1002
{
1070
     1
1070
     1
1002
}
  0
MTEXT
  5
3C1
102
{ACAD_XDICTIONARY
360
3C2
102
}
330
1F
100
AcDbEntity
  8
Rooms
100
AcDbMText
 10
38830.33944463248
 20
38488.03315710735
 30
0.0
 40
0.2
 41
0.0
 46
0.0
 71
     1
 72
     5
  1
A112
 73
     1
 44
1.0
1001
AcadAnnotative
1000
AnnotativeData
1002
{
1070
     1
1070
     1
1002
}
  0
MTEXT
  5
3C6
330
1F
100
AcDbEntity
  8
Rooms
100
AcDbMText
 10
38829.43584392492
 20
38492.19157039674
 30
0.0
 40
0.1118206507266312
 41
0.957313676699996
 46
0.0
 71
     1
 72
     1
  1
ASANSÖR A \P
 73
     1
 44
1.0
  0
MTEXT
  5
3E3
102
{ACAD_XDICTIONARY
360
3E4
102
}
330
1F
100
AcDbEntity
  8
Rooms
100
AcDbMText
 10
38830.53631546114
 20
38492.1165974917
 30
0.0
 40
0.0821790769525443
 41
0.0
 46
0.0
 71
     1
 72
     5
  1
MERDIVEN A 
 73
     1
 44
1.0
1001
AcadAnnotative
1000
AnnotativeData
1002
{
1070
     1
1070
     1
1002
}
  0
MTEXT
  5
3E8
102
{ACAD_XDICTIONARY
360
3E9
102
}
330
1F
100
AcDbEntity
  8
Rooms
100
AcDbMText
 10
38832.49563577846
 20
38494.84897640077
 30
0.0
 40
0.2
 41
0.0
 46
0.0
 71
     1
 72
     5
  1
A106
 73
     1
 44
1.0
1001
AcadAnnotative
1000
AnnotativeData
1002
{
1070
     1
1070
     1
1002
}
  0
MTEXT
  5
3ED
102
{ACAD_XDICTIONARY
360
3EE
102
}
330
1F
100
AcDbEntity
  8
Rooms
100
AcDbMText
 10
38835.62724903332
 20
38494.88096328158
 30
0.0
 40
0.2
 41
0.0
 46
0.0
 71
     1
 72
     5
  1
A104
 73
     1
 44
1.0
1001
AcadAnnotative
1000
AnnotativeData
1002
{
1070
     1
1070
     1
1002
}
  0
MTEXT
  5
3F2
102
{ACAD_XDICTIONARY
360
3F3
102
}
330
1F
100
AcDbEntity
  8
Rooms
100
AcDbMText
 10
38831.49433132792
 20
38492.16448515456
 30
0.0
 40
0.2
 41
0.0
 46
0.0
 71
     1
 72
     5
  1
A108
 73
     1
 44
1.0
1001
AcadAnnotative
1000
AnnotativeData
1002
{
1070
     1
1070
     1
1002
}
  0
MTEXT
  5
3F7
102
{ACAD_XDICTIONARY
360
3F8
102
}
330
1F
100
AcDbEntity
  8
Rooms
100
AcDbMText
 10
38833.1067962317
 20
38492.20299688932
 30
0.0
 40
0.2
 41
0.0
 46
0.0
 71
     1
 72
     5
  1
A107
 73
     1
 44
1.0
1001
AcadAnnotative
1000
AnnotativeData
1002
{
1070
     1
1070
     1
1002
}
  0
MTEXT
  5
3FC
102
{ACAD_XDICTIONARY
360
3FD
102
}
330
1F
100
AcDbEntity
  8
Rooms
100
AcDbMText
 10
38835.3137389776
 20
38492.24407220767
 30
0.0
 40
0.2
 41
0.0
 46
0.0
 71
     1
 72
     5
  1
A105
 73
     1
 44
1.0
1001
AcadAnnotative
1000
AnnotativeData
1002
{
1070
     1
1070
     1
1002
}
  0
MTEXT
  5
401
102
{ACAD_XDICTIONARY
360
402
102
}
330
1F
100
AcDbEntity
  8
Rooms
100
AcDbMText
 10
38837.76278973705
 20
38494.70392170978
 30
0.0
 40
0.2
 41
0.0
 46
0.0
 71
     1
 72
     5
  1
A102
 73
     1
 44
1.0
1001
AcadAnnotative
1000
AnnotativeData
1002
{
1070
     1
1070
     1
1002
}
  0
MTEXT
  5
406
102
{ACAD_XDICTIONARY
360
407
102
}
330
1F
100
AcDbEntity
  8
Rooms
100
AcDbMText
 10
38837.61246998015
 20
38492.08614068266
 30
0.0
 40
0.2
 41
0.0
 46
0.0
 71
     1
 72
     5
  1
A103
 73
     1
 44
1.0
1001
AcadAnnotative
1000
AnnotativeData
1002
{
1070
     1
1070
     1
1002
}
  0
MTEXT
  5
40B
102
{ACAD_XDICTIONARY
360
40C
102
}
330
1F
100
AcDbEntity
  8
Rooms
100
AcDbMText
 10
38839.17532154453
 20
38492.14761699095
 30
0.0
 40
0.2
 41
0.0173620990347117
 46
0.0
 71
     1
 72
     5
  1
A101
 73
     1
 44
1.0
1001
AcadAnnotative
1000
AnnotativeData
1002
{
1070
     1
1070
     1
1002
}
  0
LWPOLYLINE
  5
410
330
1F
100
AcDbEntity
  8
Paths
100
AcDbPolyline
 90
        4
 70
     0
 43
0.0
 10
38830.66538285353
 20
38492.31321254744
 10
38830.66538285353
 20
38493.46526969937
 10
38831.69505269328
 20
38493.46526969937
 10
38831.69505269328
 20
38492.39236153757
  0
LWPOLYLINE
  5
412
330
1F
100
AcDbEntity
  8
Paths
100
AcDbPolyline
 90
        3
 70
     0
 43
0.0
 10
38831.69505269328
 20
38493.46526969937
 10
38832.88313339889
 20
38493.46526969937
 10
38832.88313339889
 20
38492.43633322844
  0
LWPOLYLINE
  5
413
330
1F
100
AcDbEntity
  8
Paths
100
AcDbPolyline
 90
        3
 70
     0
 43
0.0
 10
38832.88313339889
 20
38493.46526969937
 10
38834.18562189949
 20
38493.46526969937
 10
38834.18562189949
 20
38494.33590819002
  0
LWPOLYLINE
  5
414
330
1F
100
AcDbEntity
  8
Paths
100
AcDbPolyline
 90
        3
 70
     0
 43
0.0
 10
38834.18562189949
 20
38493.46526969937
 10
38835.10968481065
 20
38493.46526969937
 10
38835.10968481065
 20
38492.66498567363
  0
LWPOLYLINE
  5
415
330
1F
100
AcDbEntity
  8
Paths
100
AcDbPolyline
 90
        3
 70
     0
 43
0.0
 10
38835.10968481065
 20
38493.46526969937
 10
38836.42097386236
 20
38493.46526969937
 10
38836.42097386236
 20
38494.4414400878
  0
LWPOLYLINE
  5
416
330
1F
100
AcDbEntity
  8
Paths
100
AcDbPolyline
 90
        3
 70
     0
 43
0.0
 10
38836.42097386236
 20
38493.46526969937
 10
38837.22182842742
 20
38493.46526969937
 10
38837.22182842742
 20
38494.18640460137
  0
LWPOLYLINE
  5
417
330
1F
100
AcDbEntity
  8
Paths
100
AcDbPolyline
 90
        3
 70
     0
 43
0.0
 10
38837.22182842742
 20
38493.46526969937
 10
38838.54191803024
 20
38493.46526969937
 10
38838.54191803024
 20
38492.4099501872
  0
LWPOLYLINE
  5
418
330
1F
100
AcDbEntity
  8
Paths
100
AcDbPolyline
 90
        3
 70
     0
 43
0.0
 10
38838.54191803024
 20
38493.46526969937
 10
38839.59592930329
 20
38493.46526969937
 10
38839.59592930329
 20
38492.51853356305
  0
LWPOLYLINE
  5
419
330
1F
100
AcDbEntity
  8
Paths
100
AcDbPolyline
 90
        3
 70
     0
 43
0.0
 10
38830.66538285353
 20
38493.46526969937
 10
38829.6989823264
 20
38493.46526969937
 10
38829.6989823264
 20
38492.21908284531
  0
LWPOLYLINE
  5
41A
330
1F
100
AcDbEntity
  8
Paths
100
AcDbPolyline
 90
        4
 70
     0
 43
0.0
 10
38829.6989823264
 20
38493.46526969937
 10
38829.6989823264
 20
38494.9173660617
 10
38829.06874008635
 20
38494.9173660617
 10
38829.06874008635
 20
38495.9699134461
  0
LWPOLYLINE
  5
41B
330
1F
100
AcDbEntity
  8
Paths
100
AcDbPolyline
 90
        4
 70
     0
 43
0.0
 10
38829.6989823264
 20
38493.46526969937
 10
38829.17495492804
 20
38493.46526969937
 10
38829.17495492804
 20
38494.18323635994
 10
38828.20131840624
 20
38494.18323635994
  0
LWPOLYLINE
  5
41C
330
1F
100
AcDbEntity
  8
Paths
100
AcDbPolyline
 90
        5
 70
     0
 43
0.0
 10
38829.17495492804
 20
38493.46526969937
 10
38829.04218645475
 20
38493.46526969937
 10
38829.04218645475
 20
38492.24619532355
 10
38828.28983093197
 20
38492.24619532355
 10
38828.28983093197
 20
38493.02454961438
  0
LWPOLYLINE
  5
41D
330
1F
100
AcDbEntity
  8
Paths
100
AcDbPolyline
 90
        2
 70
     0
 43
0.0
 10
38828.28983093197
 20
38492.24619532355
 10
38828.28983093197
 20
38491.51206548819
  0
LWPOLYLINE
  5
41E
330
1F
100
AcDbEntity
  8
Paths
100
AcDbPolyline
 90
        3
 70
     0
 43
0.0
 10
38829.04218645475
 20
38492.24619532355
 10
38829.04218645475
 20
38489.43183369943
 10
38827.89250233512
 20
38489.43183369943
  0
LWPOLYLINE
  5
41F
330
1F
100
AcDbEntity
  8
Paths
100
AcDbPolyline
 90
        3
 70
     0
 43
0.0
 10
38829.04218645475
 20
38489.43183369943
 10
38830.07330544834
 20
38489.43183369943
 10
38830.07330544834
 20
38488.25730307477
  0
LWPOLYLINE
  5
420
330
1F
100
AcDbEntity
  8
Paths
100
AcDbPolyline
 90
        5
 70
     0
 43
0.0
 10
38829.04218645475
 20
38489.43183369943
 10
38829.04218645475
 20
38489.43183369943
 10
38829.45021879952
 20
38489.43183369943
 10
38829.45021879952
 20
38488.61107734321
 10
38828.43062272306
 20
38488.61107734321
  0
LWPOLYLINE
  5
421
330
1F
100
AcDbEntity
  8
Paths
100
AcDbPolyline
 90
        3
 70
     0
 43
0.0
 10
38829.45021879952
 20
38488.61107734321
 10
38829.45021879952
 20
38486.70936376856
 10
38830.41281167178
 20
38486.70936376856
  0
LWPOLYLINE
  5
422
330
1F
100
AcDbEntity
  8
Paths
100
AcDbPolyline
 90
        3
 70
     0
 43
0.0
 10
38829.45021879952
 20
38486.70936376856
 10
38829.45021879952
 20
38484.39700575795
 10
38828.43753773458
 20
38484.39700575795
  0
LWPOLYLINE
  5
423
330
1F
100
AcDbEntity
  8
Paths
100
AcDbPolyline
 90
        3
 70
     0
 43
0.0
 10
38829.45021879952
 20
38484.39700575795
 10
38829.45021879952
 20
38482.81657283934
 10
38830.35673358015
 20
38482.81657283934
  0
LWPOLYLINE
  5
424
330
1F
100
AcDbEntity
  8
Paths
100
AcDbPolyline
 90
        3
 70
     0
 43
0.0
 10
38829.45021879952
 20
38482.81657283934
 10
38829.45021879952
 20
38482.28375438729
 10
38830.20409725814
 20
38482.28375438729
  0
LWPOLYLINE
  5
425
330
1F
100
AcDbEntity
  8
Paths
100
AcDbPolyline
 90
        3
 70
     0
 43
0.0
 10
38829.45021879952
 20
38482.28375438729
 10
38829.45021879952
 20
38480.56163367715
 10
38828.32408090737
 20
38480.56163367715
  0
LWPOLYLINE
  5
426
330
1F
100
AcDbEntity
  8
Paths
100
AcDbPolyline
 90
        3
 70
     0
 43
0.0
 10
38829.45021879952
 20
38480.56163367715
 10
38829.45021879952
 20
38480.02080237312
 10
38830.27531011574
 20
38480.02080237312
  0
LWPOLYLINE
  5
427
330
1F
100
AcDbEntity
  8
Paths
100
AcDbPolyline
 90
        2
 70
     0
 43
0.0
 10
38829.45021879952
 20
38480.02080237312
 10
38827.45528543193
 20
38480.02080237312
  0
LWPOLYLINE
  5
428
330
1F
100
AcDbEntity
  8
Walls
100
AcDbPolyline
 90
        2
 70
     0
 43
0.0
 10
38828.73802647838
 20
38478.23747585565
 10
38828.73802647838
 20
38477.06336942243
  0
LWPOLYLINE
  5
429
330
1F
100
AcDbEntity
  8
Paths
100
AcDbPolyline
 90
        4
 70
     0
 43
0.0
 10
38829.45021879952
 20
38480.02080237312
 10
38829.45021879952
 20
38478.99621994633
 10
38828.54510430006
 20
38478.99621994633
 10
38828.54510430006
 20
38476.6586558798
  0
LWPOLYLINE
  5
42A
330
1F
100
AcDbEntity
  8
Paths
100
AcDbPolyline
 90
        2
 70
     0
 43
0.0
 10
38829.45021879952
 20
38478.99621994633
 10
38829.45021879952
 20
38477.6428933604
  0
LWPOLYLINE
  5
42C
330
1F
100
AcDbEntity
  8
Rooms
100
AcDbPolyline
 90
        5
 70
     0
 43
0.0
 10
38830.44352630274
 20
38492.78111923855
 10
38829.30510887476
 20
38492.78111923855
 10
38829.30510887476
 20
38491.09840995428
 10
38830.43166775411
 20
38491.09840995428
 10
38830.44352630274
 20
38492.78111923855
  0
LWPOLYLINE
  5
42D
330
1F
100
AcDbEntity
  8
Rooms
100
AcDbPolyline
 90
        5
 70
     0
 43
0.0
 10
38830.44352630274
 20
38493.17217141551
 10
38831.34477329818
 20
38493.12477116203
 10
38831.34477329818
 20
38491.09840995428
 10
38830.43166775411
 20
38491.09840995428
 10
38830.44352630274
 20
38493.17217141551
  0
LWPOLYLINE
  5
42E
330
1F
100
AcDbEntity
  8
Rooms
100
AcDbPolyline
 90
        9
 70
     0
 43
0.0
 10
38826.17386272688
 20
38477.06260512924
 10
38830.80951247496
 20
38477.06260512924
 10
38830.80951247496
 20
38474.7464314703
 10
38829.58901535234
 20
38474.7464314703
 10
38829.58901535234
 20
38474.51145737078
 10
38827.2935848726
 20
38474.51145737078
 10
38827.2935848726
 20
38474.69048529972
 10
38826.16266559725
 20
38474.69048529972
 10
38826.17386272688
 20
38477.06260512924
  0
VIEWPORT
  5
362
102
{ACAD_XDICTIONARY
360
363
102
}
330
5D
100
AcDbEntity
 67
     1
  8
0
100
AcDbViewport
 10
5.249999639556165
 20
3.999999883606678
 30
0.0
 40
21.22481499403165
 41
8.992999745766949
 68
     1
 69
     1
 12
5.249999639556165
 22
3.999999883606678
 13
0.0
 23
0.0
 14
0.5
 24
0.5
 15
0.5
 25
0.5
 16
0.0
 26
0.0
 36
1.0
 17
0.0
 27
0.0
 37
0.0
 42
50.0
 43
0.0
 44
0.0
 45
8.992999745766949
 50
0.0
 51
0.0
 72
  1000
 90
   819232
  1

281
     0
 71
     1
 74
     0
110
0.0
120
0.0
130
0.0
111
1.0
121
0.0
131
0.0
112
0.0
122
1.0
132
0.0
 79
     0
146
0.0
170
     0
 61
     5
348
9F
292
     1
282
     1
141
0.0
142
0.0
 63
   250
421
  3355443
  0
VIEWPORT
  5
366
102
{ACAD_XDICTIONARY
360
367
102
}
330
5D
100
AcDbEntity
 67
     1
  8
Rooms
100
AcDbViewport
 10
5.249999761581421
 20
3.999999761581421
 30
0.0
 40
8.399999618530275
 41
6.399999618530274
 68
     2
 69
     2
 12
8498.118650391942
 22
15512.89689832721
 13
0.0
 23
0.0
 14
0.5
 24
0.5
 15
0.5
 25
0.5
 16
0.0
 26
0.0
 36
1.0
 17
0.0
 27
0.0
 37
0.0
 42
50.0
 43
0.0
 44
0.0
 45
29372.61147834867
 50
0.0
 51
0.0
 72
  1000
 90
   819808
  1

281
     0
 71
     1
 74
     0
110
0.0
120
0.0
130
0.0
111
1.0
121
0.0
131
0.0
112
0.0
122
1.0
132
0.0
 79
     0
146
0.0
170
     0
 61
     5
348
9F
292
     1
282
     1
141
0.0
142
0.0
 63
   250
421
  3355443
  0
ENDSEC
  0
SECTION
  2
OBJECTS
  0
DICTIONARY
  5
C
330
0
100
AcDbDictionary
281
     1
  3
ACAD_CIP_PREVIOUS_PRODUCT_INFO
350
1A5
  3
ACAD_COLOR
350
73
  3
ACAD_DETAILVIEWSTYLE
350
1AB
  3
ACAD_GROUP
350
D
  3
ACAD_IMAGE_DICT
350
26C
  3
ACAD_IMAGE_VARS
350
26E
  3
ACAD_LAST_SAVED_VERSION_INFO
350
307
  3
ACAD_LAYOUT
350
1A
  3
ACAD_MATERIAL
350
72
  3
ACAD_MLEADERSTYLE
350
D7
  3
ACAD_MLINESTYLE
350
17
  3
ACAD_PLOTSETTINGS
350
19
  3
ACAD_PLOTSTYLENAME
350
E
  3
ACAD_RENDER_ACTIVE_RAPIDRT_SETTINGS
350
343
  3
ACAD_RENDER_RAPIDRT_SETTINGS
350
33C
  3
ACAD_SCALELIST
350
B6
  3
ACAD_SECTIONVIEWSTYLE
350
1A8
  3
ACAD_TABLESTYLE
350
86
  3
ACAD_VISUALSTYLE
350
99
  3
ACDB_RECOMPOSE_DATA
350
44E
  3
AcDbVariableDictionary
350
66
  0
DICTIONARY
  5
18E
330
2
100
AcDbDictionary
280
     1
281
     1
  3
ACAD_LAYERSTATES
360
18F
  0
DICTIONARY
  5
E6
330
10
100
AcDbDictionary
280
     1
281
     1
  0
DICTIONARY
  5
15D
330
1F
100
AcDbDictionary
280
     1
281
     1
  3
ACAD_SORTENTS
360
290
  0
DICTIONARY
  5
385
330
383
100
AcDbDictionary
280
     1
281
     1
  3
ACAD_SORTENTS
360
386
  0
DICTIONARY
  5
351
330
350
100
AcDbDictionary
280
     1
281
     1
  3
ASDK_XREC_ANNOTATION_SCALE_INFO
360
352
  0
DICTIONARY
  5
356
330
355
100
AcDbDictionary
280
     1
281
     1
  3
ASDK_XREC_ANNOTATION_SCALE_INFO
360
357
  0
IMAGEDEF_REACTOR
  5
26F
330
270
100
AcDbRasterImageDefReactor
 90
        2
330
270
  0
DICTIONARY
  5
38B
330
38A
100
AcDbDictionary
280
     1
281
     1
  3
AcDbContextDataManager
360
38C
  0
DICTIONARY
  5
390
330
38F
100
AcDbDictionary
280
     1
281
     1
  3
AcDbContextDataManager
360
391
  0
DICTIONARY
  5
395
330
394
100
AcDbDictionary
280
     1
281
     1
  3
AcDbContextDataManager
360
396
  0
DICTIONARY
  5
39A
330
399
100
AcDbDictionary
280
     1
281
     1
  3
AcDbContextDataManager
360
39B
  0
DICTIONARY
  5
39F
330
39E
100
AcDbDictionary
280
     1
281
     1
  3
AcDbContextDataManager
360
3A0
  0
DICTIONARY
  5
3A4
330
3A3
100
AcDbDictionary
280
     1
281
     1
  3
AcDbContextDataManager
360
3A5
  0
DICTIONARY
  5
3A9
330
3A8
100
AcDbDictionary
280
     1
281
     1
  3
AcDbContextDataManager
360
3AA
  0
DICTIONARY
  5
3AE
330
3AD
100
AcDbDictionary
280
     1
281
     1
  3
AcDbContextDataManager
360
3AF
  0
DICTIONARY
  5
3B3
330
3B2
100
AcDbDictionary
280
     1
281
     1
  3
AcDbContextDataManager
360
3B4
  0
DICTIONARY
  5
3B8
330
3B7
100
AcDbDictionary
280
     1
281
     1
  3
AcDbContextDataManager
360
3B9
  0
DICTIONARY
  5
3BD
330
3BC
100
AcDbDictionary
280
     1
281
     1
  3
AcDbContextDataManager
360
3BE
  0
DICTIONARY
  5
3C2
330
3C1
100
AcDbDictionary
280
     1
281
     1
  3
AcDbContextDataManager
360
3C3
  0
DICTIONARY
  5
3E4
330
3E3
100
AcDbDictionary
280
     1
281
     1
  3
AcDbContextDataManager
360
3E5
  0
DICTIONARY
  5
3E9
330
3E8
100
AcDbDictionary
280
     1
281
     1
  3
AcDbContextDataManager
360
3EA
  0
DICTIONARY
  5
3EE
330
3ED
100
AcDbDictionary
280
     1
281
     1
  3
AcDbContextDataManager
360
3EF
  0
DICTIONARY
  5
3F3
330
3F2
100
AcDbDictionary
280
     1
281
     1
  3
AcDbContextDataManager
360
3F4
  0
DICTIONARY
  5
3F8
330
3F7
100
AcDbDictionary
280
     1
281
     1
  3
AcDbContextDataManager
360
3F9
  0
DICTIONARY
  5
3FD
330
3FC
100
AcDbDictionary
280
     1
281
     1
  3
AcDbContextDataManager
360
3FE
  0
DICTIONARY
  5
402
330
401
100
AcDbDictionary
280
     1
281
     1
  3
AcDbContextDataManager
360
403
  0
DICTIONARY
  5
407
330
406
100
AcDbDictionary
280
     1
281
     1
  3
AcDbContextDataManager
360
408
  0
DICTIONARY
  5
40C
330
40B
100
AcDbDictionary
280
     1
281
     1
  3
AcDbContextDataManager
360
40D
  0
DICTIONARY
  5
363
330
362
100
AcDbDictionary
280
     1
281
     1
  3
ASDK_XREC_ANNOTATION_SCALE_INFO
360
364
  0
DICTIONARY
  5
367
330
366
100
AcDbDictionary
280
     1
281
     1
  3
ASDK_XREC_ANNOTATION_SCALE_INFO
360
368
  0
XRECORD
  5
1A5
102
{ACAD_REACTORS
330
C
102
}
330
C
100
AcDbXrecord
280
     1
300
ACD
300
2027
300

  0
DICTIONARY
  5
73
102
{ACAD_REACTORS
330
C
102
}
330
C
100
AcDbDictionary
281
     1
  0
DICTIONARY
  5
1AB
102
{ACAD_REACTORS
330
C
102
}
330
C
100
AcDbDictionary
281
     1
  3
Imperial24
350
1AC
  0
DICTIONARY
  5
D
102
{ACAD_REACTORS
330
C
102
}
330
C
100
AcDbDictionary
281
     1
  0
DICTIONARY
  5
26C
102
{ACAD_REACTORS
330
C
102
}
330
C
100
AcDbDictionary
281
     1
  3
1
350
26D
  0
RASTERVARIABLES
  5
26E
102
{ACAD_REACTORS
330
C
102
}
330
C
100
AcDbRasterVariables
 90
        0
 70
     1
 71
     1
 72
     3
  0
XRECORD
  5
307
102
{ACAD_REACTORS
330
C
102
}
330
C
100
AcDbXrecord
280
     1
300
{FB3CA90F-C83A-7744-98C3-B15033A0F32F}
301
{F1B68C8C-E94D-984A-9764-252389E13F1C}
302
{FB3CA90F-C83A-7744-98C3-B15033A0F32F}
303
C:\Users\lenovo\Documents\Drawing1.dxf
  0
DICTIONARY
  5
1A
102
{ACAD_REACTORS
330
C
102
}
330
C
100
AcDbDictionary
281
     1
  3
Layout1
350
59
  3
Layout2
350
5E
  3
Model
350
22
  0
DICTIONARY
  5
72
102
{ACAD_REACTORS
330
C
102
}
330
C
100
AcDbDictionary
281
     1
  3
ByBlock
350
97
  3
ByLayer
350
96
  3
Global
350
98
  0
DICTIONARY
  5
D7
102
{ACAD_REACTORS
330
C
102
}
330
C
100
AcDbDictionary
281
     1
  3
Annotative
350
E5
  3
Standard
350
D8
  0
DICTIONARY
  5
17
102
{ACAD_REACTORS
330
C
102
}
330
C
100
AcDbDictionary
281
     1
  3
Standard
350
18
  0
DICTIONARY
  5
19
102
{ACAD_REACTORS
330
C
102
}
330
C
100
AcDbDictionary
281
     1
  0
ACDBDICTIONARYWDFLT
  5
E
102
{ACAD_REACTORS
330
C
102
}
330
C
100
AcDbDictionary
281
     1
  3
Normal
350
F
100
AcDbDictionaryWithDefault
340
F
  0
RAPIDRTRENDERSETTINGS
  5
343
102
{ACAD_REACTORS
330
C
102
}
330
C
100
AcDbRenderSettings
 90
        2
  1
Medium
290
     1
290
     0
290
     1
290
     1
  1

  1
Applies 5 rendering levels
 90
        0
100
AcDbRapidRTRenderSettings
 90
        3
 70
     0
 90
        5
 90
        1
 70
     1
 70
     2
 40
3.0
 40
3.0
290
     1
  0
DICTIONARY
  5
33C
102
{ACAD_REACTORS
330
C
102
}
330
C
100
AcDbDictionary
281
     1
  3
Coffee-Break Quality
350
340
  3
High
350
33F
  3
Low
350
33D
  3
Lunch Quality
350
341
  3
Medium
350
33E
  3
Overnight Quality
350
342
  0
DICTIONARY
  5
B6
102
{ACAD_REACTORS
330
C
102
}
330
C
100
AcDbDictionary
281
     1
  3
A0
350
B7
  3
A1
350
124
  3
A2
350
125
  3
A3
350
126
  3
A4
350
127
  3
A5
350
128
  3
A6
350
129
  3
A7
350
12A
  3
A8
350
12B
  3
A9
350
12C
  3
B0
350
12D
  3
B1
350
12E
  3
B2
350
12F
  3
B3
350
130
  3
B4
350
131
  3
B5
350
132
  3
B6
350
133
  3
B7
350
134
  3
B8
350
135
  3
B9
350
136
  3
C0
350
137
  3
C1
350
138
  3
C2
350
139
  3
C3
350
13A
  3
C4
350
13B
  3
C5
350
13C
  3
C6
350
13D
  3
C7
350
13E
  3
C8
350
13F
  3
C9
350
140
  3
D0
350
141
  3
D1
350
142
  3
D2
350
143
  0
DICTIONARY
  5
1A8
102
{ACAD_REACTORS
330
C
102
}
330
C
100
AcDbDictionary
281
     1
  3
Imperial24
350
1AA
  0
DICTIONARY
  5
86
102
{ACAD_REACTORS
330
C
102
}
330
C
100
AcDbDictionary
281
     1
  3
Standard
350
87
  0
DICTIONARY
  5
99
102
{ACAD_REACTORS
330
C
102
}
330
C
100
AcDbDictionary
281
     1
  3
2dWireframe
350
9F
  3
Basic
350
9E
  3
Brighten
350
A5
  3
ColorChange
350
A9
  3
Conceptual
350
A2
  3
Dim
350
A4
  3
EdgeColorOff
350
175
  3
Facepattern
350
A8
  3
Flat
350
9A
  3
FlatWithEdges
350
9B
  3
Gouraud
350
9C
  3
GouraudWithEdges
350
9D
  3
Hidden
350
A1
  3
JitterOff
350
173
  3
Linepattern
350
A7
  3
OverhangOff
350
174
  3
Realistic
350
A3
  3
Shaded
350
182
  3
Shaded with edges
350
181
  3
Shades of Gray
350
17E
  3
Sketchy
350
17F
  3
Thicken
350
A6
  3
Wireframe
350
A0
  3
X-Ray
350
180
  0
XRECORD
  5
44E
102
{ACAD_REACTORS
330
C
102
}
330
C
100
AcDbXrecord
280
     1
 90
        1
330
87
  0
DICTIONARY
  5
66
102
{ACAD_REACTORS
330
C
102
}
330
C
100
AcDbDictionary
281
     1
  3
CANNOSCALE
350
F0
  3
CMLEADERSTYLE
350
EF
  3
CTABLESTYLE
350
89
  3
CVIEWDETAILSTYLE
350
1B7
  3
CVIEWSECTIONSTYLE
350
1B8
  3
DIMASSOC
350
67
  3
HIDETEXT
350
6B
  3
LAYEREVAL
350
14D
  3
LAYERNOTIFY
350
14E
  0
DICTIONARY
  5
18F
102
{ACAD_REACTORS
330
18E
102
}
330
18E
100
AcDbDictionary
281
     1
  0
SORTENTSTABLE
  5
290
102
{ACAD_REACTORS
330
15D
102
}
330
15D
100
AcDbSortentsTable
330
1F
331
27E
  5
27F
331
27F
  5
281
331
280
  5
283
331
281
  5
286
331
282
  5
288
331
283
  5
28E
331
284
  5
292
331
286
  5
294
331
287
  5
296
331
288
  5
299
331
289
  5
29C
331
28A
  5
29E
331
28C
  5
2A1
331
28E
  5
2A3
331
28F
  5
2A5
331
291
  5
2A6
331
292
  5
2A8
331
293
  5
2A9
331
294
  5
2AC
331
295
  5
2AE
331
296
  5
2AF
331
297
  5
2B1
331
298
  5
2B3
331
299
  5
2B6
331
29C
  5
2B8
331
29D
  5
2BB
331
29E
  5
2BC
331
29F
  5
2BD
331
2A1
  5
2BE
331
2A2
  5
2BF
331
2A3
  5
2C1
331
2A4
  5
2C3
331
2A5
  5
2C5
331
2A6
  5
2C9
331
2A7
  5
2CA
331
2A8
  5
2CF
331
2A9
  5
2D6
331
2AB
  5
2D7
331
2AC
  5
2DF
331
2AD
  5
2E2
331
2AE
  5
2E7
331
2AF
  5
2EF
331
2B0
  5
2F2
331
2B1
  5
2F3
331
2B2
  5
2F4
331
2B3
  5
2F5
331
2B5
  5
2F6
331
2B6
  5
2F7
331
2B7
  5
2F8
331
2B8
  5
2FA
331
2BA
  5
2FB
331
2BB
  5
2FC
331
2BC
  5
2FD
331
2BD
  5
2FE
331
2BE
  5
2FF
331
2BF
  5
300
331
2C1
  5
301
331
2C2
  5
302
331
2C3
  5
303
331
2C4
  5
2A7
331
2C8
  5
298
331
2C9
  5
295
331
2CA
  5
293
331
2CB
  5
29D
331
2CC
  5
28F
331
2CD
  5
29F
331
2CE
  5
291
331
2CF
  5
2A2
331
2D0
  5
28A
331
2D1
  5
2A4
331
2D2
  5
28C
331
2D3
  5
2AB
331
2D4
  5
287
331
2D5
  5
284
331
2D6
  5
282
331
2D7
  5
280
331
2D8
  5
27E
331
2D9
  5
2AD
331
2DA
  5
2B0
331
2DB
  5
2C2
331
2DC
  5
2B2
331
2DD
  5
2B5
331
2DE
  5
2C4
331
2DF
  5
2C8
331
2E0
  5
2B7
331
2E1
  5
2BA
331
2E2
  5
2CB
331
2E4
  5
2E8
331
2E5
  5
2E4
331
2E6
  5
2E5
331
2E7
  5
2F9
331
2E8
  5
304
331
2E9
  5
305
331
2EB
  5
2E9
331
2EC
  5
306
331
2EE
  5
371
331
2EF
  5
2EB
331
2F0
  5
2EC
331
2F1
  5
2E6
331
2F2
  5
2EE
331
2F3
  5
2F0
331
2F4
  5
2F1
331
2F5
  5
2CC
331
2F6
  5
2CD
331
2F7
  5
2CE
331
2F8
  5
2D0
331
2F9
  5
2D8
331
2FA
  5
2D9
331
2FB
  5
2DA
331
2FC
  5
2DB
331
2FD
  5
2DC
331
2FE
  5
2DE
331
2FF
  5
2DD
331
300
  5
2E1
331
301
  5
2E0
331
302
  5
2D5
331
303
  5
2D4
331
304
  5
2D3
331
305
  5
2D2
331
306
  5
2D1
331
371
  5
372
331
372
  5
37A
331
37A
  5
382
331
382
  5
38A
331
38A
  5
38F
331
38F
  5
394
331
394
  5
399
331
399
  5
39E
331
39E
  5
3A3
331
3A3
  5
3A8
331
3A8
  5
3AD
331
3AD
  5
3B2
331
3B2
  5
3B7
331
3B7
  5
3BC
331
3BC
  5
3C1
331
3C1
  5
3C6
331
3C6
  5
3E3
331
3E3
  5
3E8
331
3E8
  5
3ED
331
3ED
  5
3F2
331
3F2
  5
3F7
331
3F7
  5
3FC
331
3FC
  5
401
331
401
  5
406
331
406
  5
40B
331
40B
  5
410
331
410
  5
412
331
412
  5
413
331
413
  5
414
331
414
  5
415
331
415
  5
416
331
416
  5
417
331
417
  5
418
331
418
  5
419
331
419
  5
41A
331
41A
  5
41B
331
41B
  5
41C
331
41C
  5
41D
331
41D
  5
41E
331
41E
  5
41F
331
41F
  5
420
331
420
  5
421
331
421
  5
422
331
422
  5
423
331
423
  5
424
331
424
  5
425
331
425
  5
426
331
426
  5
427
331
427
  5
428
331
428
  5
297
  0
SORTENTSTABLE
  5
386
102
{ACAD_REACTORS
330
385
102
}
330
385
100
AcDbSortentsTable
330
383
  0
XRECORD
  5
352
102
{ACAD_REACTORS
330
351
102
}
330
351
100
AcDbXrecord
280
     1
 90
        1
340
B7
  0
XRECORD
  5
357
102
{ACAD_REACTORS
330
356
102
}
330
356
100
AcDbXrecord
280
     1
 90
        1
340
B7
  0
DICTIONARY
  5
38C
102
{ACAD_REACTORS
330
38B
102
}
330
38B
100
AcDbDictionary
281
     1
  3
ACDB_ANNOTATIONSCALES
350
38D
  0
DICTIONARY
  5
391
102
{ACAD_REACTORS
330
390
102
}
330
390
100
AcDbDictionary
281
     1
  3
ACDB_ANNOTATIONSCALES
350
392
  0
DICTIONARY
  5
396
102
{ACAD_REACTORS
330
395
102
}
330
395
100
AcDbDictionary
281
     1
  3
ACDB_ANNOTATIONSCALES
350
397
  0
DICTIONARY
  5
39B
102
{ACAD_REACTORS
330
39A
102
}
330
39A
100
AcDbDictionary
281
     1
  3
ACDB_ANNOTATIONSCALES
350
39C
  0
DICTIONARY
  5
3A0
102
{ACAD_REACTORS
330
39F
102
}
330
39F
100
AcDbDictionary
281
     1
  3
ACDB_ANNOTATIONSCALES
350
3A1
  0
DICTIONARY
  5
3A5
102
{ACAD_REACTORS
330
3A4
102
}
330
3A4
100
AcDbDictionary
281
     1
  3
ACDB_ANNOTATIONSCALES
350
3A6
  0
DICTIONARY
  5
3AA
102
{ACAD_REACTORS
330
3A9
102
}
330
3A9
100
AcDbDictionary
281
     1
  3
ACDB_ANNOTATIONSCALES
350
3AB
  0
DICTIONARY
  5
3AF
102
{ACAD_REACTORS
330
3AE
102
}
330
3AE
100
AcDbDictionary
281
     1
  3
ACDB_ANNOTATIONSCALES
350
3B0
  0
DICTIONARY
  5
3B4
102
{ACAD_REACTORS
330
3B3
102
}
330
3B3
100
AcDbDictionary
281
     1
  3
ACDB_ANNOTATIONSCALES
350
3B5
  0
DICTIONARY
  5
3B9
102
{ACAD_REACTORS
330
3B8
102
}
330
3B8
100
AcDbDictionary
281
     1
  3
ACDB_ANNOTATIONSCALES
350
3BA
  0
DICTIONARY
  5
3BE
102
{ACAD_REACTORS
330
3BD
102
}
330
3BD
100
AcDbDictionary
281
     1
  3
ACDB_ANNOTATIONSCALES
350
3BF
  0
DICTIONARY
  5
3C3
102
{ACAD_REACTORS
330
3C2
102
}
330
3C2
100
AcDbDictionary
281
     1
  3
ACDB_ANNOTATIONSCALES
350
3C4
  0
DICTIONARY
  5
3E5
102
{ACAD_REACTORS
330
3E4
102
}
330
3E4
100
AcDbDictionary
281
     1
  3
ACDB_ANNOTATIONSCALES
350
3E6
  0
DICTIONARY
  5
3EA
102
{ACAD_REACTORS
330
3E9
102
}
330
3E9
100
AcDbDictionary
281
     1
  3
ACDB_ANNOTATIONSCALES
350
3EB
  0
DICTIONARY
  5
3EF
102
{ACAD_REACTORS
330
3EE
102
}
330
3EE
100
AcDbDictionary
281
     1
  3
ACDB_ANNOTATIONSCALES
350
3F0
  0
DICTIONARY
  5
3F4
102
{ACAD_REACTORS
330
3F3
102
}
330
3F3
100
AcDbDictionary
281
     1
  3
ACDB_ANNOTATIONSCALES
350
3F5
  0
DICTIONARY
  5
3F9
102
{ACAD_REACTORS
330
3F8
102
}
330
3F8
100
AcDbDictionary
281
     1
  3
ACDB_ANNOTATIONSCALES
350
3FA
  0
DICTIONARY
  5
3FE
102
{ACAD_REACTORS
330
3FD
102
}
330
3FD
100
AcDbDictionary
281
     1
  3
ACDB_ANNOTATIONSCALES
350
3FF
  0
DICTIONARY
  5
403
102
{ACAD_REACTORS
330
402
102
}
330
402
100
AcDbDictionary
281
     1
  3
ACDB_ANNOTATIONSCALES
350
404
  0
DICTIONARY
  5
408
102
{ACAD_REACTORS
330
407
102
}
330
407
100
AcDbDictionary
281
     1
  3
ACDB_ANNOTATIONSCALES
350
409
  0
DICTIONARY
  5
40D
102
{ACAD_REACTORS
330
40C
102
}
330
40C
100
AcDbDictionary
281
     1
  3
ACDB_ANNOTATIONSCALES
350
40E
  0
XRECORD
  5
364
102
{ACAD_REACTORS
330
363
102
}
330
363
100
AcDbXrecord
280
     1
 90
        1
340
B7
  0
XRECORD
  5
368
102
{ACAD_REACTORS
330
367
102
}
330
367
100
AcDbXrecord
280
     1
 90
        1
340
B7
  0
ACDBDETAILVIEWSTYLE
  5
1AC
102
{ACAD_REACTORS
330
1AB
102
}
330
1AB
100
AcDbModelDocViewStyle
 70
     0
  3
Imperial24
290
     0
300
Imperial24
 90
        0
100
AcDbDetailViewStyle
 70
     0
 71
     0
 90
        3
 71
     1
340
11
 62
   256
 40
0.24
340
0
 62
   256
 40
0.24
300

 40
0.36
280
     3
 71
     2
340
16
 90
       25
 62
   256
 71
     3
340
11
 62
   256
 40
0.24
 90
        1
 40
0.75
 90
        1
300
%<\AcVar ViewType \f "%tc1">% %<\AcVar ViewDetailId>%\PSCALE %<\AcVar ViewScale \f "%sn">%
 71
     4
340
16
 90
       25
 62
   256
340
16
 90
       25
 62
   256
280
     0
  0
IMAGEDEF
  5
26D
102
{ACAD_REACTORS
330
26C
330
26F
102
}
330
26C
100
AcDbRasterImageDef
 90
        0
  1
C:\Users\lenovo\Downloads\1.jpg
 10
4032.0
 20
3024.0
 11
0.3527777777777778
 21
0.3527777777777778
280
     1
281
     5
  0
LAYOUT
  5
59
102
{ACAD_REACTORS
330
1A
102
}
330
1A
100
AcDbPlotSettings
  1

  2
none_device
  4
Letter_(8.50_x_11.00_Inches)
  6

 40
6.349999904632568
 41
6.349999904632568
 42
6.350006103515625
 43
6.350006103515625
 44
215.8999938964844
 45
279.3999938964844
 46
0.0
 47
0.0
 48
0.0
 49
0.0
140
0.0
141
0.0
142
1.0
143
1.0
 70
   688
 72
     0
 73
     1
 74
     5
  7

 75
    16
147
1.0
 76
     0
 77
     2
 78
   300
148
0.0
149
0.0
100
AcDbLayout
  1
Layout1
 70
     1
 71
     1
 10
-0.2500002402958907
 20
-0.2499999962453767
 11
10.74999951940822
 21
8.249999763458733
 12
0.0
 22
0.0
 32
0.0
 14
1.049999952316284
 24
0.7999999523162842
 34
0.0
 15
9.449999570846559
 25
7.199999570846558
 35
0.0
146
0.0
 13
0.0
 23
0.0
 33
0.0
 16
1.0
 26
0.0
 36
0.0
 17
0.0
 27
1.0
 37
0.0
 76
     0
330
58
331
350
1001
ACAD_PSEXT
1000
None
1000
None
1000
Not applicable
1000
The layout will not be plotted unless a new plotter configuration name is selected.
1070
     0
  0
LAYOUT
  5
5E
102
{ACAD_REACTORS
330
1A
102
}
330
1A
100
AcDbPlotSettings
  1

  2
none_device
  4
Letter_(8.50_x_11.00_Inches)
  6

 40
6.349999904632568
 41
6.349999904632568
 42
6.350006103515625
 43
6.350006103515625
 44
215.8999938964844
 45
279.3999938964844
 46
0.0
 47
0.0
 48
0.0
 49
0.0
140
0.0
141
0.0
142
1.0
143
1.0
 70
   688
 72
     0
 73
     1
 74
     5
  7

 75
    16
147
1.0
 76
     0
 77
     2
 78
   300
148
0.0
149
0.0
100
AcDbLayout
  1
Layout2
 70
     1
 71
     2
 10
-0.2500002402958907
 20
-0.2499999962453767
 11
10.74999951940822
 21
8.249999763458733
 12
0.0
 22
0.0
 32
0.0
 14
1.049999952316284
 24
0.7999999523162842
 34
0.0
 15
9.449999570846559
 25
7.199999570846558
 35
0.0
146
0.0
 13
0.0
 23
0.0
 33
0.0
 16
1.0
 26
0.0
 36
0.0
 17
0.0
 27
1.0
 37
0.0
 76
     0
330
5D
331
362
1001
ACAD_PSEXT
1000
None
1000
None
1000
Not applicable
1000
The layout will not be plotted unless a new plotter configuration name is selected.
1070
     0
  0
LAYOUT
  5
22
102
{ACAD_XDICTIONARY
360
194
102
}
102
{ACAD_REACTORS
330
1A
102
}
330
1A
100
AcDbPlotSettings
  1

  2
none_device
  4
ANSI_A_(8.50_x_11.00_Inches)
  6

 40
6.349999904632568
 41
19.04999923706055
 42
6.350006103515625
 43
19.04998779296875
 44
215.8999938964844
 45
279.3999938964844
 46
0.0
 47
0.0
 48
0.0
 49
0.0
140
0.0
141
0.0
142
1.0
143
2.584895464708373
 70
 11952
 72
     0
 73
     1
 74
     0
  7

 75
     0
147
0.3868628397755418
 76
     0
 77
     2
 78
   300
148
0.0
149
0.0
100
AcDbLayout
  1
Model
 70
     1
 71
     0
 10
0.0
 20
0.0
 11
12.0
 21
9.0
 12
0.0
 22
0.0
 32
0.0
 14
0.0
 24
0.0
 34
0.0
 15
0.0
 25
0.0
 35
0.0
146
0.0
 13
0.0
 23
0.0
 33
0.0
 16
1.0
 26
0.0
 36
0.0
 17
0.0
 27
1.0
 37
0.0
 76
     0
330
1F
331
94
  0
MATERIAL
  5
97
102
{ACAD_XDICTIONARY
360
188
102
}
102
{ACAD_REACTORS
330
72
102
}
330
72
100
AcDbMaterial
  1
ByBlock
 94
       63
  0
MATERIAL
  5
96
102
{ACAD_XDICTIONARY
360
186
102
}
102
{ACAD_REACTORS
330
72
102
}
330
72
100
AcDbMaterial
  1
ByLayer
 94
       63
  0
MATERIAL
  5
98
102
{ACAD_XDICTIONARY
360
110
102
}
102
{ACAD_REACTORS
330
72
102
}
330
72
100
AcDbMaterial
  1
Global
 43
0.0208000000566244
 43
0.0
 43
0.0
 43
0.0
 43
0.0
 43
0.0208000000566244
 43
0.0
 43
0.0
 43
0.0
 43
0.0
 43
1.0
 43
0.0
 43
0.0
 43
0.0
 43
0.0
 43
1.0
 49
0.0208000000566244
 49
0.0
 49
0.0
 49
0.0
 49
0.0
 49
0.0208000000566244
 49
0.0
 49
0.0
 49
0.0
 49
0.0
 49
1.0
 49
0.0
 49
0.0
 49
0.0
 49
0.0
 49
1.0
142
0.0208000000566244
142
0.0
142
0.0
142
0.0
142
0.0
142
0.0208000000566244
142
0.0
142
0.0
142
0.0
142
0.0
142
1.0
142
0.0
142
0.0
142
0.0
142
0.0
142
1.0
144
0.0208000000566244
144
0.0
144
0.0
144
0.0
144
0.0
144
0.0208000000566244
144
0.0
144
0.0
144
0.0
144
0.0
144
1.0
144
0.0
144
0.0
144
0.0
144
0.0
144
1.0
 94
       63
1001
ACAD
1070
    -1
1070
     3
1070
     0
1000

1071
        0
1070
     0
  0
MLEADERSTYLE
  5
E5
102
{ACAD_REACTORS
330
D7
102
}
330
D7
100
AcDbMLeaderStyle
179
     2
170
     2
171
     1
172
     0
 90
        2
 40
0.0
 41
0.0
173
     1
 91
-1056964608
340
14
 92
       -2
290
     1
 42
0.09
291
     1
 43
0.36
  3
Standard
 44
0.18
300

342
11
174
     1
178
     1
175
     1
176
     0
 93
-1056964608
 45
0.18
292
     0
297
     0
 46
0.18
 94
-1056964608
 47
1.0
 49
1.0
140
1.0
293
     1
141
0.0
294
     1
177
     0
142
1.0
295
     0
296
     1
143
0.125
271
     0
272
     9
273
     9
298
     0
  0
MLEADERSTYLE
  5
D8
102
{ACAD_REACTORS
330
D7
102
}
330
D7
100
AcDbMLeaderStyle
179
     2
170
     2
171
     1
172
     0
 90
        2
 40
0.0
 41
0.0
173
     1
 91
-1056964608
340
14
 92
       -2
290
     1
 42
0.09
291
     1
 43
0.36
  3
Standard
 44
0.18
300

342
11
174
     1
178
     1
175
     1
176
     0
 93
-1056964608
 45
0.18
292
     0
297
     0
 46
0.18
 94
-1056964608
 47
1.0
 49
1.0
140
1.0
293
     1
141
0.0
294
     1
177
     0
142
1.0
295
     0
296
     0
143
0.125
271
     0
272
     9
273
     9
298
     0
  0
MLINESTYLE
  5
18
102
{ACAD_REACTORS
330
17
102
}
330
17
100
AcDbMlineStyle
  2
STANDARD
 70
     0
  3

 62
   256
 51
90.0
 52
90.0
 71
     2
 49
0.5
 62
   256
  6
BYLAYER
 49
-0.5
 62
   256
  6
BYLAYER
  0
ACDBPLACEHOLDER
  5
F
102
{ACAD_REACTORS
330
E
102
}
330
E
  0
RAPIDRTRENDERSETTINGS
  5
340
102
{ACAD_REACTORS
330
33C
102
}
330
33C
100
AcDbRenderSettings
 90
        2
  1
Coffee-Break Quality
290
     1
290
     0
290
     1
290
     1
  1

  1
Renders for 10 minutes
 90
        3
100
AcDbRapidRTRenderSettings
 90
        3
 70
     1
 90
        1
 90
       10
 70
     1
 70
     2
 40
3.0
 40
3.0
290
     1
  0
RAPIDRTRENDERSETTINGS
  5
33F
102
{ACAD_REACTORS
330
33C
102
}
330
33C
100
AcDbRenderSettings
 90
        2
  1
High
290
     1
290
     0
290
     1
290
     1
  1

  1
Applies 10 rendering levels
 90
        2
100
AcDbRapidRTRenderSettings
 90
        3
 70
     0
 90
       10
 90
        1
 70
     2
 70
     2
 40
3.0
 40
3.0
290
     1
  0
RAPIDRTRENDERSETTINGS
  5
33D
102
{ACAD_REACTORS
330
33C
102
}
330
33C
100
AcDbRenderSettings
 90
        2
  1
Low
290
     1
290
     0
290
     1
290
     1
  1

  1
Applies 1 rendering level
 90
        0
100
AcDbRapidRTRenderSettings
 90
        3
 70
     0
 90
        1
 90
        1
 70
     0
 70
     2
 40
3.0
 40
3.0
290
     1
  0
RAPIDRTRENDERSETTINGS
  5
341
102
{ACAD_REACTORS
330
33C
102
}
330
33C
100
AcDbRenderSettings
 90
        2
  1
Lunch Quality
290
     1
290
     0
290
     1
290
     1
  1

  1
Renders for 60 minutes
 90
        4
100
AcDbRapidRTRenderSettings
 90
        3
 70
     1
 90
        1
 90
       60
 70
     2
 70
     2
 40
3.0
 40
3.0
290
     1
  0
RAPIDRTRENDERSETTINGS
  5
33E
102
{ACAD_REACTORS
330
33C
102
}
330
33C
100
AcDbRenderSettings
 90
        2
  1
Medium
290
     1
290
     0
290
     1
290
     1
  1

  1
Applies 5 rendering levels
 90
        1
100
AcDbRapidRTRenderSettings
 90
        3
 70
     0
 90
        5
 90
        1
 70
     1
 70
     2
 40
3.0
 40
3.0
290
     1
  0
RAPIDRTRENDERSETTINGS
  5
342
102
{ACAD_REACTORS
330
33C
102
}
330
33C
100
AcDbRenderSettings
 90
        2
  1
Overnight Quality
290
     1
290
     0
290
     1
290
     1
  1

  1
Renders for 12 hours
 90
        5
100
AcDbRapidRTRenderSettings
 90
        3
 70
     1
 90
        1
 90
      720
 70
     2
 70
     2
 40
3.0
 40
3.0
290
     1
  0
SCALE
  5
B7
102
{ACAD_REACTORS
330
B6
102
}
330
B6
100
AcDbScale
 70
     0
300
1:1
140
1.0
141
1.0
290
     1
  0
SCALE
  5
124
102
{ACAD_REACTORS
330
B6
102
}
330
B6
100
AcDbScale
 70
     0
300
1:2
140
1.0
141
2.0
290
     0
  0
SCALE
  5
125
102
{ACAD_REACTORS
330
B6
102
}
330
B6
100
AcDbScale
 70
     0
300
1:4
140
1.0
141
4.0
290
     0
  0
SCALE
  5
126
102
{ACAD_REACTORS
330
B6
102
}
330
B6
100
AcDbScale
 70
     0
300
1:5
140
1.0
141
5.0
290
     0
  0
SCALE
  5
127
102
{ACAD_REACTORS
330
B6
102
}
330
B6
100
AcDbScale
 70
     0
300
1:8
140
1.0
141
8.0
290
     0
  0
SCALE
  5
128
102
{ACAD_REACTORS
330
B6
102
}
330
B6
100
AcDbScale
 70
     0
300
1:10
140
1.0
141
10.0
290
     0
  0
SCALE
  5
129
102
{ACAD_REACTORS
330
B6
102
}
330
B6
100
AcDbScale
 70
     0
300
1:16
140
1.0
141
16.0
290
     0
  0
SCALE
  5
12A
102
{ACAD_REACTORS
330
B6
102
}
330
B6
100
AcDbScale
 70
     0
300
1:20
140
1.0
141
20.0
290
     0
  0
SCALE
  5
12B
102
{ACAD_REACTORS
330
B6
102
}
330
B6
100
AcDbScale
 70
     0
300
1:30
140
1.0
141
30.0
290
     0
  0
SCALE
  5
12C
102
{ACAD_REACTORS
330
B6
102
}
330
B6
100
AcDbScale
 70
     0
300
1:40
140
1.0
141
40.0
290
     0
  0
SCALE
  5
12D
102
{ACAD_REACTORS
330
B6
102
}
330
B6
100
AcDbScale
 70
     0
300
1:50
140
1.0
141
50.0
290
     0
  0
SCALE
  5
12E
102
{ACAD_REACTORS
330
B6
102
}
330
B6
100
AcDbScale
 70
     0
300
1:100
140
1.0
141
100.0
290
     0
  0
SCALE
  5
12F
102
{ACAD_REACTORS
330
B6
102
}
330
B6
100
AcDbScale
 70
     0
300
2:1
140
2.0
141
1.0
290
     0
  0
SCALE
  5
130
102
{ACAD_REACTORS
330
B6
102
}
330
B6
100
AcDbScale
 70
     0
300
4:1
140
4.0
141
1.0
290
     0
  0
SCALE
  5
131
102
{ACAD_REACTORS
330
B6
102
}
330
B6
100
AcDbScale
 70
     0
300
8:1
140
8.0
141
1.0
290
     0
  0
SCALE
  5
132
102
{ACAD_REACTORS
330
B6
102
}
330
B6
100
AcDbScale
 70
     0
300
10:1
140
10.0
141
1.0
290
     0
  0
SCALE
  5
133
102
{ACAD_REACTORS
330
B6
102
}
330
B6
100
AcDbScale
 70
     0
300
100:1
140
100.0
141
1.0
290
     0
  0
SCALE
  5
134
102
{ACAD_REACTORS
330
B6
102
}
330
B6
100
AcDbScale
 70
     0
300
1/128" = 1'-0"
140
0.0078125
141
12.0
290
     0
  0
SCALE
  5
135
102
{ACAD_REACTORS
330
B6
102
}
330
B6
100
AcDbScale
 70
     0
300
1/64" = 1'-0"
140
0.015625
141
12.0
290
     0
  0
SCALE
  5
136
102
{ACAD_REACTORS
330
B6
102
}
330
B6
100
AcDbScale
 70
     0
300
1/32" = 1'-0"
140
0.03125
141
12.0
290
     0
  0
SCALE
  5
137
102
{ACAD_REACTORS
330
B6
102
}
330
B6
100
AcDbScale
 70
     0
300
1/16" = 1'-0"
140
0.0625
141
12.0
290
     0
  0
SCALE
  5
138
102
{ACAD_REACTORS
330
B6
102
}
330
B6
100
AcDbScale
 70
     0
300
3/32" = 1'-0"
140
0.09375
141
12.0
290
     0
  0
SCALE
  5
139
102
{ACAD_REACTORS
330
B6
102
}
330
B6
100
AcDbScale
 70
     0
300
1/8" = 1'-0"
140
0.125
141
12.0
290
     0
  0
SCALE
  5
13A
102
{ACAD_REACTORS
330
B6
102
}
330
B6
100
AcDbScale
 70
     0
300
3/16" = 1'-0"
140
0.1875
141
12.0
290
     0
  0
SCALE
  5
13B
102
{ACAD_REACTORS
330
B6
102
}
330
B6
100
AcDbScale
 70
     0
300
1/4" = 1'-0"
140
0.25
141
12.0
290
     0
  0
SCALE
  5
13C
102
{ACAD_REACTORS
330
B6
102
}
330
B6
100
AcDbScale
 70
     0
300
3/8" = 1'-0"
140
0.375
141
12.0
290
     0
  0
SCALE
  5
13D
102
{ACAD_REACTORS
330
B6
102
}
330
B6
100
AcDbScale
 70
     0
300
1/2" = 1'-0"
140
0.5
141
12.0
290
     0
  0
SCALE
  5
13E
102
{ACAD_REACTORS
330
B6
102
}
330
B6
100
AcDbScale
 70
     0
300
3/4" = 1'-0"
140
0.75
141
12.0
290
     0
  0
SCALE
  5
13F
102
{ACAD_REACTORS
330
B6
102
}
330
B6
100
AcDbScale
 70
     0
300
1" = 1'-0"
140
1.0
141
12.0
290
     0
  0
SCALE
  5
140
102
{ACAD_REACTORS
330
B6
102
}
330
B6
100
AcDbScale
 70
     0
300
1-1/2" = 1'-0"
140
1.5
141
12.0
290
     0
  0
SCALE
  5
141
102
{ACAD_REACTORS
330
B6
102
}
330
B6
100
AcDbScale
 70
     0
300
3" = 1'-0"
140
3.0
141
12.0
290
     0
  0
SCALE
  5
142
102
{ACAD_REACTORS
330
B6
102
}
330
B6
100
AcDbScale
 70
     0
300
6" = 1'-0"
140
6.0
141
12.0
290
     0
  0
SCALE
  5
143
102
{ACAD_REACTORS
330
B6
102
}
330
B6
100
AcDbScale
 70
     0
300
1'-0" = 1'-0"
140
12.0
141
12.0
290
     0
  0
ACDBSECTIONVIEWSTYLE
  5
1AA
102
{ACAD_REACTORS
330
1A8
102
}
330
1A8
100
AcDbModelDocViewStyle
 70
     0
  3
Imperial24
290
     0
300
Imperial24
 90
        0
100
AcDbSectionViewStyle
 70
     0
 71
     0
 90
       78
 71
     1
340
11
 62
   256
 40
0.24
340
0
340
0
 62
   256
 40
0.24
300
I, O, Q, S, X, Z
 40
0.48
 90
        3
 40
0.18
 90
        1
 71
     2
340
16
 90
       25
 62
   256
340
16
 90
       50
 62
   256
 40
0.24
 40
0.0
 40
0.24
 71
     3
340
11
 62
   256
 40
0.24
 90
        1
 40
0.75
 90
        1
300
%<\AcVar ViewType \f "%tc1">% %<\AcVar ViewSectionStartId>%-%<\AcVar ViewSectionEndId>%\PSCALE %<\AcVar ViewScale \f "%sn">%
 71
     4
 62
   256
 62
   257
300
ANSI31
 40
1.0
 90
        0
290
     0
290
     0
 90
        6
 40
0.0
 40
1.570796326794896
 40
0.2617993877991494
 40
1.308996938995747
 40
-0.2617993877991494
 40
1.832595714594046
  0
TABLESTYLE
  5
87
102
{ACAD_XDICTIONARY
360
104
102
}
102
{ACAD_REACTORS
330
86
102
}
330
86
100
AcDbTableStyle
280
     0
  3
Standard
 70
     0
 71
     0
 40
0.06
 41
0.06
280
     0
281
     0
  7
Standard
140
0.18
170
     2
 62
     0
 63
     7
283
     0
 90
      512
 91
        0
  1

274
    -2
284
     1
 64
     0
275
    -2
285
     1
 65
     0
276
    -2
286
     1
 66
     0
277
    -2
287
     1
 67
     0
278
    -2
288
     1
 68
     0
279
    -2
289
     1
 69
     0
  7
Standard
140
0.25
170
     5
 62
     0
 63
     7
283
     0
 90
      512
 91
        0
  1

274
    -2
284
     1
 64
     0
275
    -2
285
     1
 65
     0
276
    -2
286
     1
 66
     0
277
    -2
287
     1
 67
     0
278
    -2
288
     1
 68
     0
279
    -2
289
     1
 69
     0
  7
Standard
140
0.18
170
     5
 62
     0
 63
     7
283
     0
 90
      512
 91
        0
  1

274
    -2
284
     1
 64
     0
275
    -2
285
     1
 65
     0
276
    -2
286
     1
 66
     0
277
    -2
287
     1
 67
     0
278
    -2
288
     1
 68
     0
279
    -2
289
     1
 69
     0
  0
VISUALSTYLE
  5
9F
102
{ACAD_REACTORS
330
99
102
}
330
99
100
AcDbVisualStyle
  2
2dWireframe
 70
     4
177
     3
291
     0
 70
    58
 90
        0
176
     1
 90
        2
176
     1
 90
        1
176
     1
 90
        0
176
     1
 40
0.6
176
     1
 40
30.0
176
     1
 62
     7
420
 16777215
176
     1
 90
        1
176
     1
 90
        4
176
     1
 62
     7
176
     1
 62
   257
176
     1
 90
        1
176
     1
 90
        1
176
     1
 40
1.0
176
     1
 90
        0
176
     1
 62
   257
176
     1
 40
1.0
176
     1
 90
        1
176
     1
 90
        6
176
     1
 90
        2
176
     1
 62
     7
176
     1
 90
        5
176
     1
 90
        0
176
     1
 90
        0
176
     1
290
     0
176
     1
 90
        1
176
     1
 40
0.0
176
     1
 90
        0
176
     1
290
     1
176
     1
290
     1
176
     1
290
     0
176
     1
290
     0
176
     1
290
     0
176
     1
290
     0
176
     1
290
     0
176
     1
290
     0
176
     1
290
     0
176
     1
 90
       50
176
     1
 40
0.0
176
     1
 40
1.0
176
     1
 90
        0
176
     1
 62
    18
420
        0
176
     1
 90
       50
176
     1
 90
        3
176
     1
 62
     5
420
      255
176
     1
290
     0
176
     1
 90
       50
176
     1
 90
       50
176
     1
 90
       50
176
     1
290
     0
176
     1
 90
       50
176
     1
 62
   256
176
     0
 40
1.0
176
     0
 90
        2
176
     1
  1
strokes_ogs.tif
176
     1
290
     0
176
     1
 40
1.0
176
     1
 40
1.0
176
     1
  0
VISUALSTYLE
  5
9E
102
{ACAD_REACTORS
330
99
102
}
330
99
100
AcDbVisualStyle
  2
Basic
 70
     7
177
     3
291
     1
 70
    58
 90
        1
176
     1
 90
        0
176
     1
 90
        1
176
     1
 90
        0
176
     1
 40
0.6
176
     1
 40
30.0
176
     1
 62
     7
420
 16777215
176
     1
 90
        0
176
     1
 90
        4
176
     1
 62
     7
176
     1
 62
   257
176
     1
 90
        1
176
     1
 90
        1
176
     1
 40
1.0
176
     1
 90
        8
176
     1
 62
     7
176
     1
 40
1.0
176
     1
 90
        1
176
     1
 90
        6
176
     1
 90
        2
176
     1
 62
     7
176
     1
 90
        5
176
     1
 90
        0
176
     1
 90
        0
176
     1
290
     0
176
     1
 90
        1
176
     1
 40
0.0
176
     1
 90
        0
176
     1
290
     0
176
     1
290
     1
176
     1
290
     1
176
     1
290
     0
176
     1
290
     0
176
     1
290
     0
176
     1
290
     0
176
     1
290
     0
176
     1
290
     0
176
     1
 90
       50
176
     1
 40
0.0
176
     1
 40
1.0
176
     1
 90
        0
176
     1
 62
    18
420
        0
176
     1
 90
       50
176
     1
 90
        3
176
     1
 62
     5
420
      255
176
     1
290
     0
176
     1
 90
       50
176
     1
 90
       50
176
     1
 90
       50
176
     1
290
     0
176
     1
 90
       50
176
     1
 62
   256
176
     0
 40
1.0
176
     0
 90
        2
176
     1
  1
strokes_ogs.tif
176
     1
290
     0
176
     1
 40
1.0
176
     1
 40
1.0
176
     1
  0
VISUALSTYLE
  5
A5
102
{ACAD_REACTORS
330
99
102
}
330
99
100
AcDbVisualStyle
  2
Brighten
 70
    12
177
     3
291
     1
 70
    58
 90
        2
176
     1
 90
        2
176
     1
 90
        1
176
     1
 90
        0
176
     1
 40
0.6
176
     1
 40
30.0
176
     1
 62
     7
420
 16777215
176
     1
 90
        1
176
     1
 90
        4
176
     1
 62
     7
176
     1
 62
   257
176
     1
 90
        1
176
     1
 90
        1
176
     1
 40
1.0
176
     1
 90
        8
176
     1
 62
     7
176
     1
 40
1.0
176
     1
 90
        1
176
     1
 90
        6
176
     1
 90
        2
176
     1
 62
     7
176
     1
 90
        5
176
     1
 90
        0
176
     1
 90
        0
176
     1
290
     0
176
     1
 90
        1
176
     1
 40
50.0
176
     1
 90
        0
176
     1
290
     0
176
     1
290
     1
176
     1
290
     1
176
     1
290
     0
176
     1
290
     0
176
     1
290
     0
176
     1
290
     0
176
     1
290
     0
176
     1
290
     0
176
     1
 90
       50
176
     1
 40
0.0
176
     1
 40
1.0
176
     1
 90
        0
176
     1
 62
    18
420
        0
176
     1
 90
       50
176
     1
 90
        3
176
     1
 62
     5
420
      255
176
     1
290
     0
176
     1
 90
       50
176
     1
 90
       50
176
     1
 90
       50
176
     1
290
     0
176
     1
 90
       50
176
     1
 62
   256
176
     0
 40
1.0
176
     0
 90
        2
176
     1
  1
strokes_ogs.tif
176
     1
290
     0
176
     1
 40
1.0
176
     1
 40
1.0
176
     1
  0
VISUALSTYLE
  5
A9
102
{ACAD_REACTORS
330
99
102
}
330
99
100
AcDbVisualStyle
  2
ColorChange
 70
    16
177
     3
291
     1
 70
    58
 90
        2
176
     1
 90
        2
176
     1
 90
        3
176
     1
 90
        0
176
     1
 40
0.6
176
     1
 40
30.0
176
     1
 62
     8
420
  8421504
176
     1
 90
        1
176
     1
 90
        4
176
     1
 62
     7
176
     1
 62
   257
176
     1
 90
        1
176
     1
 90
        1
176
     1
 40
1.0
176
     1
 90
        8
176
     1
 62
     8
420
  8421504
176
     1
 40
1.0
176
     1
 90
        1
176
     1
 90
        6
176
     1
 90
        2
176
     1
 62
     7
176
     1
 90
        5
176
     1
 90
        0
176
     1
 90
        0
176
     1
290
     0
176
     1
 90
        1
176
     1
 40
0.0
176
     1
 90
        0
176
     1
290
     0
176
     1
290
     1
176
     1
290
     1
176
     1
290
     0
176
     1
290
     0
176
     1
290
     0
176
     1
290
     0
176
     1
290
     0
176
     1
290
     0
176
     1
 90
       50
176
     1
 40
0.0
176
     1
 40
1.0
176
     1
 90
        0
176
     1
 62
    18
420
        0
176
     1
 90
       50
176
     1
 90
        3
176
     1
 62
     5
420
      255
176
     1
290
     0
176
     1
 90
       50
176
     1
 90
       50
176
     1
 90
       50
176
     1
290
     0
176
     1
 90
       50
176
     1
 62
   256
176
     0
 40
1.0
176
     0
 90
        2
176
     1
  1
strokes_ogs.tif
176
     1
290
     0
176
     1
 40
1.0
176
     1
 40
1.0
176
     1
  0
VISUALSTYLE
  5
A2
102
{ACAD_REACTORS
330
99
102
}
330
99
100
AcDbVisualStyle
  2
Conceptual
 70
     9
177
     3
291
     0
 70
    58
 90
        3
176
     1
 90
        2
176
     1
 90
        1
176
     1
 90
        0
176
     1
 40
0.6
176
     1
 40
30.0
176
     1
 62
     7
420
 16777215
176
     1
 90
        2
176
     1
 90
        2
176
     1
 62
     7
176
     1
 62
   257
176
     1
 90
        1
176
     1
 90
        1
176
     1
 40
40.0
176
     1
 90
        8
176
     1
 62
     7
176
     1
 40
1.0
176
     1
 90
        1
176
     1
 90
        6
176
     1
 90
        2
176
     1
 62
     7
176
     1
 90
        3
176
     1
 90
        0
176
     1
 90
        0
176
     1
290
     0
176
     1
 90
        1
176
     1
 40
0.0
176
     1
 90
        0
176
     1
290
     0
176
     1
290
     1
176
     1
290
     1
176
     1
290
     0
176
     1
290
     0
176
     1
290
     0
176
     1
290
     0
176
     1
290
     0
176
     1
290
     0
176
     1
 90
       50
176
     1
 40
0.0
176
     1
 40
1.0
176
     1
 90
        0
176
     1
 62
    18
420
        0
176
     1
 90
       50
176
     1
 90
        3
176
     1
 62
     5
420
      255
176
     1
290
     0
176
     1
 90
       50
176
     1
 90
       50
176
     1
 90
       50
176
     1
290
     0
176
     1
 90
       50
176
     1
 62
   256
176
     0
 40
1.0
176
     0
 90
        2
176
     1
  1
strokes_ogs.tif
176
     1
290
     0
176
     1
 40
1.0
176
     1
 40
1.0
176
     1
  0
VISUALSTYLE
  5
A4
102
{ACAD_REACTORS
330
99
102
}
330
99
100
AcDbVisualStyle
  2
Dim
 70
    11
177
     3
291
     1
 70
    58
 90
        2
176
     1
 90
        2
176
     1
 90
        1
176
     1
 90
        0
176
     1
 40
0.6
176
     1
 40
30.0
176
     1
 62
     7
420
 16777215
176
     1
 90
        1
176
     1
 90
        4
176
     1
 62
     7
176
     1
 62
   257
176
     1
 90
        1
176
     1
 90
        1
176
     1
 40
1.0
176
     1
 90
        8
176
     1
 62
     7
176
     1
 40
1.0
176
     1
 90
        1
176
     1
 90
        6
176
     1
 90
        2
176
     1
 62
     7
176
     1
 90
        5
176
     1
 90
        0
176
     1
 90
        0
176
     1
290
     0
176
     1
 90
        1
176
     1
 40
-50.0
176
     1
 90
        0
176
     1
290
     0
176
     1
290
     1
176
     1
290
     1
176
     1
290
     0
176
     1
290
     0
176
     1
290
     0
176
     1
290
     0
176
     1
290
     0
176
     1
290
     0
176
     1
 90
       50
176
     1
 40
0.0
176
     1
 40
1.0
176
     1
 90
        0
176
     1
 62
    18
420
        0
176
     1
 90
       50
176
     1
 90
        3
176
     1
 62
     5
420
      255
176
     1
290
     0
176
     1
 90
       50
176
     1
 90
       50
176
     1
 90
       50
176
     1
290
     0
176
     1
 90
       50
176
     1
 62
   256
176
     0
 40
1.0
176
     0
 90
        2
176
     1
  1
strokes_ogs.tif
176
     1
290
     0
176
     1
 40
1.0
176
     1
 40
1.0
176
     1
  0
VISUALSTYLE
  5
175
102
{ACAD_REACTORS
330
99
102
}
330
99
100
AcDbVisualStyle
  2
EdgeColorOff
 70
    22
177
     3
291
     1
 70
    58
 90
        2
176
     0
 90
        2
176
     0
 90
        0
176
     0
 90
        0
176
     0
 40
0.6
176
     0
 40
30.0
176
     0
 62
     7
420
 16777215
176
     0
 90
        1
176
     0
 90
        4
176
     0
 62
     7
176
     0
 62
   257
176
     0
 90
        1
176
     0
 90
        1
176
     0
 40
1.0
176
     0
 90
        8
176
     2
 62
     7
176
     0
 40
1.0
176
     0
 90
        1
176
     0
 90
        6
176
     0
 90
        2
176
     0
 62
     7
176
     0
 90
        5
176
     0
 90
        0
176
     0
 90
        0
176
     0
290
     0
176
     0
 90
        1
176
     0
 40
0.0
176
     0
 90
        0
176
     0
290
     0
176
     1
290
     1
176
     1
290
     1
176
     1
290
     0
176
     1
290
     0
176
     1
290
     0
176
     1
290
     0
176
     1
290
     0
176
     1
290
     0
176
     1
 90
       50
176
     1
 40
0.0
176
     1
 40
1.0
176
     1
 90
        0
176
     1
 62
    18
420
        0
176
     1
 90
       50
176
     1
 90
        3
176
     1
 62
     5
420
      255
176
     1
290
     0
176
     1
 90
       50
176
     1
 90
       50
176
     1
 90
       50
176
     1
290
     0
176
     1
 90
       50
176
     1
 62
   256
176
     0
 40
1.0
176
     0
 90
        2
176
     1
  1
strokes_ogs.tif
176
     1
290
     0
176
     1
 40
1.0
176
     1
 40
1.0
176
     1
  0
VISUALSTYLE
  5
A8
102
{ACAD_REACTORS
330
99
102
}
330
99
100
AcDbVisualStyle
  2
Facepattern
 70
    15
177
     3
291
     1
 70
    58
 90
        2
176
     1
 90
        2
176
     1
 90
        1
176
     1
 90
        0
176
     1
 40
0.6
176
     1
 40
30.0
176
     1
 62
     7
420
 16777215
176
     1
 90
        1
176
     1
 90
        4
176
     1
 62
     7
176
     1
 62
   257
176
     1
 90
        1
176
     1
 90
        1
176
     1
 40
1.0
176
     1
 90
        8
176
     1
 62
     7
176
     1
 40
1.0
176
     1
 90
        1
176
     1
 90
        6
176
     1
 90
        2
176
     1
 62
     7
176
     1
 90
        5
176
     1
 90
        0
176
     1
 90
        0
176
     1
290
     0
176
     1
 90
        1
176
     1
 40
0.0
176
     1
 90
        0
176
     1
290
     0
176
     1
290
     1
176
     1
290
     1
176
     1
290
     0
176
     1
290
     0
176
     1
290
     0
176
     1
290
     0
176
     1
290
     0
176
     1
290
     0
176
     1
 90
       50
176
     1
 40
0.0
176
     1
 40
1.0
176
     1
 90
        0
176
     1
 62
    18
420
        0
176
     1
 90
       50
176
     1
 90
        3
176
     1
 62
     5
420
      255
176
     1
290
     0
176
     1
 90
       50
176
     1
 90
       50
176
     1
 90
       50
176
     1
290
     0
176
     1
 90
       50
176
     1
 62
   256
176
     0
 40
1.0
176
     0
 90
        2
176
     1
  1
strokes_ogs.tif
176
     1
290
     0
176
     1
 40
1.0
176
     1
 40
1.0
176
     1
  0
VISUALSTYLE
  5
9A
102
{ACAD_REACTORS
330
99
102
}
330
99
100
AcDbVisualStyle
  2
Flat
 70
     0
177
     3
291
     1
 70
    58
 90
        2
176
     1
 90
        1
176
     1
 90
        1
176
     1
 90
        2
176
     1
 40
0.6
176
     1
 40
30.0
176
     1
 62
     7
420
 16777215
176
     1
 90
        0
176
     1
 90
        0
176
     1
 62
     7
176
     1
 62
   257
176
     1
 90
        1
176
     1
 90
        1
176
     1
 40
1.0
176
     1
 90
        8
176
     1
 62
     7
176
     1
 40
1.0
176
     1
 90
        1
176
     1
 90
        6
176
     1
 90
        2
176
     1
 62
     7
176
     1
 90
        5
176
     1
 90
        0
176
     1
 90
        0
176
     1
290
     0
176
     1
 90
       13
176
     1
 40
0.0
176
     1
 90
        0
176
     1
290
     0
176
     1
290
     1
176
     1
290
     1
176
     1
290
     0
176
     1
290
     0
176
     1
290
     0
176
     1
290
     0
176
     1
290
     0
176
     1
290
     0
176
     1
 90
       50
176
     1
 40
0.0
176
     1
 40
1.0
176
     1
 90
        0
176
     1
 62
    18
420
        0
176
     1
 90
       50
176
     1
 90
        3
176
     1
 62
     5
420
      255
176
     1
290
     0
176
     1
 90
       50
176
     1
 90
       50
176
     1
 90
       50
176
     1
290
     0
176
     1
 90
       50
176
     1
 62
   256
176
     0
 40
1.0
176
     0
 90
        2
176
     1
  1
strokes_ogs.tif
176
     1
290
     0
176
     1
 40
1.0
176
     1
 40
1.0
176
     1
  0
VISUALSTYLE
  5
9B
102
{ACAD_REACTORS
330
99
102
}
330
99
100
AcDbVisualStyle
  2
FlatWithEdges
 70
     1
177
     3
291
     1
 70
    58
 90
        2
176
     1
 90
        1
176
     1
 90
        1
176
     1
 90
        2
176
     1
 40
0.6
176
     1
 40
30.0
176
     1
 62
     7
420
 16777215
176
     1
 90
        1
176
     1
 90
        0
176
     1
 62
     7
176
     1
 62
   257
176
     1
 90
        1
176
     1
 90
        1
176
     1
 40
1.0
176
     1
 90
        0
176
     1
 62
   257
176
     1
 40
1.0
176
     1
 90
        1
176
     1
 90
        6
176
     1
 90
        2
176
     1
 62
     7
176
     1
 90
        5
176
     1
 90
        0
176
     1
 90
        0
176
     1
290
     0
176
     1
 90
       13
176
     1
 40
0.0
176
     1
 90
        0
176
     1
290
     0
176
     1
290
     1
176
     1
290
     1
176
     1
290
     0
176
     1
290
     0
176
     1
290
     0
176
     1
290
     0
176
     1
290
     0
176
     1
290
     0
176
     1
 90
       50
176
     1
 40
0.0
176
     1
 40
1.0
176
     1
 90
        0
176
     1
 62
    18
420
        0
176
     1
 90
       50
176
     1
 90
        3
176
     1
 62
     5
420
      255
176
     1
290
     0
176
     1
 90
       50
176
     1
 90
       50
176
     1
 90
       50
176
     1
290
     0
176
     1
 90
       50
176
     1
 62
   256
176
     0
 40
1.0
176
     0
 90
        2
176
     1
  1
strokes_ogs.tif
176
     1
290
     0
176
     1
 40
1.0
176
     1
 40
1.0
176
     1
  0
VISUALSTYLE
  5
9C
102
{ACAD_REACTORS
330
99
102
}
330
99
100
AcDbVisualStyle
  2
Gouraud
 70
     2
177
     3
291
     1
 70
    58
 90
        2
176
     1
 90
        2
176
     1
 90
        1
176
     1
 90
        2
176
     1
 40
0.6
176
     1
 40
30.0
176
     1
 62
     7
420
 16777215
176
     1
 90
        0
176
     1
 90
        0
176
     1
 62
     7
176
     1
 62
   257
176
     1
 90
        1
176
     1
 90
        1
176
     1
 40
1.0
176
     1
 90
        0
176
     1
 62
     7
176
     1
 40
1.0
176
     1
 90
        1
176
     1
 90
        6
176
     1
 90
        2
176
     1
 62
     7
176
     1
 90
        5
176
     1
 90
        0
176
     1
 90
        0
176
     1
290
     0
176
     1
 90
       13
176
     1
 40
0.0
176
     1
 90
        0
176
     1
290
     0
176
     1
290
     1
176
     1
290
     1
176
     1
290
     0
176
     1
290
     0
176
     1
290
     0
176
     1
290
     0
176
     1
290
     0
176
     1
290
     0
176
     1
 90
       50
176
     1
 40
0.0
176
     1
 40
1.0
176
     1
 90
        0
176
     1
 62
    18
420
        0
176
     1
 90
       50
176
     1
 90
        3
176
     1
 62
     5
420
      255
176
     1
290
     0
176
     1
 90
       50
176
     1
 90
       50
176
     1
 90
       50
176
     1
290
     0
176
     1
 90
       50
176
     1
 62
   256
176
     0
 40
1.0
176
     0
 90
        2
176
     1
  1
strokes_ogs.tif
176
     1
290
     0
176
     1
 40
1.0
176
     1
 40
1.0
176
     1
  0
VISUALSTYLE
  5
9D
102
{ACAD_REACTORS
330
99
102
}
330
99
100
AcDbVisualStyle
  2
GouraudWithEdges
 70
     3
177
     3
291
     1
 70
    58
 90
        2
176
     1
 90
        2
176
     1
 90
        1
176
     1
 90
        2
176
     1
 40
0.6
176
     1
 40
30.0
176
     1
 62
     7
420
 16777215
176
     1
 90
        1
176
     1
 90
        0
176
     1
 62
     7
176
     1
 62
   257
176
     1
 90
        1
176
     1
 90
        1
176
     1
 40
1.0
176
     1
 90
        0
176
     1
 62
   257
176
     1
 40
1.0
176
     1
 90
        1
176
     1
 90
        6
176
     1
 90
        2
176
     1
 62
     7
176
     1
 90
        5
176
     1
 90
        0
176
     1
 90
        0
176
     1
290
     0
176
     1
 90
       13
176
     1
 40
0.0
176
     1
 90
        0
176
     1
290
     0
176
     1
290
     1
176
     1
290
     1
176
     1
290
     0
176
     1
290
     0
176
     1
290
     0
176
     1
290
     0
176
     1
290
     0
176
     1
290
     0
176
     1
 90
       50
176
     1
 40
0.0
176
     1
 40
1.0
176
     1
 90
        0
176
     1
 62
    18
420
        0
176
     1
 90
       50
176
     1
 90
        3
176
     1
 62
     5
420
      255
176
     1
290
     0
176
     1
 90
       50
176
     1
 90
       50
176
     1
 90
       50
176
     1
290
     0
176
     1
 90
       50
176
     1
 62
   256
176
     0
 40
1.0
176
     0
 90
        2
176
     1
  1
strokes_ogs.tif
176
     1
290
     0
176
     1
 40
1.0
176
     1
 40
1.0
176
     1
  0
VISUALSTYLE
  5
A1
102
{ACAD_REACTORS
330
99
102
}
330
99
100
AcDbVisualStyle
  2
Hidden
 70
     6
177
     3
291
     0
 70
    58
 90
        1
176
     1
 90
        2
176
     1
 90
        2
176
     1
 90
        0
176
     1
 40
0.6
176
     1
 40
30.0
176
     1
 62
     7
420
 16777215
176
     1
 90
        2
176
     1
 90
        2
176
     1
 62
     7
176
     1
 62
   257
176
     1
 90
        2
176
     1
 90
        1
176
     1
 40
40.0
176
     1
 90
        0
176
     1
 62
   257
176
     1
 40
1.0
176
     1
 90
        1
176
     1
 90
        6
176
     1
 90
        2
176
     1
 62
     7
176
     1
 90
        3
176
     1
 90
        0
176
     1
 90
        0
176
     1
290
     0
176
     1
 90
        1
176
     1
 40
0.0
176
     1
 90
        0
176
     1
290
     0
176
     1
290
     1
176
     1
290
     1
176
     1
290
     0
176
     1
290
     0
176
     1
290
     0
176
     1
290
     0
176
     1
290
     0
176
     1
290
     0
176
     1
 90
       50
176
     1
 40
0.0
176
     1
 40
1.0
176
     1
 90
        0
176
     1
 62
    18
420
        0
176
     1
 90
       50
176
     1
 90
        3
176
     1
 62
     5
420
      255
176
     1
290
     0
176
     1
 90
       50
176
     1
 90
       50
176
     1
 90
       50
176
     1
290
     0
176
     1
 90
       50
176
     1
 62
   256
176
     0
 40
1.0
176
     0
 90
        2
176
     1
  1
strokes_ogs.tif
176
     1
290
     0
176
     1
 40
1.0
176
     1
 40
1.0
176
     1
  0
VISUALSTYLE
  5
173
102
{ACAD_REACTORS
330
99
102
}
330
99
100
AcDbVisualStyle
  2
JitterOff
 70
    20
177
     3
291
     1
 70
    58
 90
        2
176
     0
 90
        2
176
     0
 90
        0
176
     0
 90
        0
176
     0
 40
0.6
176
     0
 40
30.0
176
     0
 62
     7
420
 16777215
176
     0
 90
        1
176
     0
 90
        4
176
     0
 62
     7
176
     0
 62
   257
176
     0
 90
        1
176
     0
 90
        1
176
     0
 40
1.0
176
     0
 90
       10
176
     2
 62
     7
176
     0
 40
1.0
176
     0
 90
        1
176
     0
 90
        6
176
     0
 90
        2
176
     0
 62
     7
176
     0
 90
        5
176
     0
 90
        0
176
     0
 90
        0
176
     0
290
     0
176
     0
 90
        1
176
     0
 40
0.0
176
     0
 90
        0
176
     0
290
     0
176
     1
290
     1
176
     1
290
     1
176
     1
290
     0
176
     1
290
     0
176
     1
290
     0
176
     1
290
     0
176
     1
290
     0
176
     1
290
     0
176
     1
 90
       50
176
     1
 40
0.0
176
     1
 40
1.0
176
     1
 90
        0
176
     1
 62
    18
420
        0
176
     1
 90
       50
176
     1
 90
        3
176
     1
 62
     5
420
      255
176
     1
290
     0
176
     1
 90
       50
176
     1
 90
       50
176
     1
 90
       50
176
     1
290
     0
176
     1
 90
       50
176
     1
 62
   256
176
     0
 40
1.0
176
     0
 90
        2
176
     1
  1
strokes_ogs.tif
176
     1
290
     0
176
     1
 40
1.0
176
     1
 40
1.0
176
     1
  0
VISUALSTYLE
  5
A7
102
{ACAD_REACTORS
330
99
102
}
330
99
100
AcDbVisualStyle
  2
Linepattern
 70
    14
177
     3
291
     1
 70
    58
 90
        2
176
     1
 90
        2
176
     1
 90
        1
176
     1
 90
        0
176
     1
 40
0.6
176
     1
 40
30.0
176
     1
 62
     7
420
 16777215
176
     1
 90
        1
176
     1
 90
        4
176
     1
 62
     7
176
     1
 62
   257
176
     1
 90
        7
176
     1
 90
        7
176
     1
 40
1.0
176
     1
 90
        8
176
     1
 62
     7
176
     1
 40
1.0
176
     1
 90
        1
176
     1
 90
        6
176
     1
 90
        2
176
     1
 62
     7
176
     1
 90
        5
176
     1
 90
        0
176
     1
 90
        0
176
     1
290
     0
176
     1
 90
        1
176
     1
 40
0.0
176
     1
 90
        0
176
     1
290
     0
176
     1
290
     1
176
     1
290
     1
176
     1
290
     0
176
     1
290
     0
176
     1
290
     0
176
     1
290
     0
176
     1
290
     0
176
     1
290
     0
176
     1
 90
       50
176
     1
 40
0.0
176
     1
 40
1.0
176
     1
 90
        0
176
     1
 62
    18
420
        0
176
     1
 90
       50
176
     1
 90
        3
176
     1
 62
     5
420
      255
176
     1
290
     0
176
     1
 90
       50
176
     1
 90
       50
176
     1
 90
       50
176
     1
290
     0
176
     1
 90
       50
176
     1
 62
   256
176
     0
 40
1.0
176
     0
 90
        2
176
     1
  1
strokes_ogs.tif
176
     1
290
     0
176
     1
 40
1.0
176
     1
 40
1.0
176
     1
  0
VISUALSTYLE
  5
174
102
{ACAD_REACTORS
330
99
102
}
330
99
100
AcDbVisualStyle
  2
OverhangOff
 70
    21
177
     3
291
     1
 70
    58
 90
        2
176
     0
 90
        2
176
     0
 90
        0
176
     0
 90
        0
176
     0
 40
0.6
176
     0
 40
30.0
176
     0
 62
     7
420
 16777215
176
     0
 90
        1
176
     0
 90
        4
176
     0
 62
     7
176
     0
 62
   257
176
     0
 90
        1
176
     0
 90
        1
176
     0
 40
1.0
176
     0
 90
        9
176
     2
 62
     7
176
     0
 40
1.0
176
     0
 90
        1
176
     0
 90
        6
176
     0
 90
        2
176
     0
 62
     7
176
     0
 90
        5
176
     0
 90
        0
176
     0
 90
        0
176
     0
290
     0
176
     0
 90
        1
176
     0
 40
0.0
176
     0
 90
        0
176
     0
290
     0
176
     1
290
     1
176
     1
290
     1
176
     1
290
     0
176
     1
290
     0
176
     1
290
     0
176
     1
290
     0
176
     1
290
     0
176
     1
290
     0
176
     1
 90
       50
176
     1
 40
0.0
176
     1
 40
1.0
176
     1
 90
        0
176
     1
 62
    18
420
        0
176
     1
 90
       50
176
     1
 90
        3
176
     1
 62
     5
420
      255
176
     1
290
     0
176
     1
 90
       50
176
     1
 90
       50
176
     1
 90
       50
176
     1
290
     0
176
     1
 90
       50
176
     1
 62
   256
176
     0
 40
1.0
176
     0
 90
        2
176
     1
  1
strokes_ogs.tif
176
     1
290
     0
176
     1
 40
1.0
176
     1
 40
1.0
176
     1
  0
VISUALSTYLE
  5
A3
102
{ACAD_REACTORS
330
99
102
}
330
99
100
AcDbVisualStyle
  2
Realistic
 70
     8
177
     3
291
     0
 70
    58
 90
        2
176
     1
 90
        3
176
     1
 90
        0
176
     1
 90
        2
176
     1
 40
0.6
176
     1
 40
30.0
176
     1
 62
     7
420
 16777215
176
     1
 90
        0
176
     1
 90
        0
176
     1
 62
     7
176
     1
 62
   257
176
     1
 90
        1
176
     1
 90
        1
176
     1
 40
1.0
176
     1
 90
        8
176
     1
 62
   257
176
     1
 40
1.0
176
     1
 90
        1
176
     1
 90
        6
176
     1
 90
        2
176
     1
 62
     7
176
     1
 90
        3
176
     1
 90
        0
176
     1
 90
        0
176
     1
290
     0
176
     1
 90
       13
176
     1
 40
0.0
176
     1
 90
        0
176
     1
290
     0
176
     1
290
     1
176
     1
290
     1
176
     1
290
     0
176
     1
290
     0
176
     1
290
     0
176
     1
290
     0
176
     1
290
     0
176
     1
290
     0
176
     1
 90
       50
176
     1
 40
0.0
176
     1
 40
1.0
176
     1
 90
        0
176
     1
 62
    18
420
        0
176
     1
 90
       50
176
     1
 90
        3
176
     1
 62
     5
420
      255
176
     1
290
     0
176
     1
 90
       50
176
     1
 90
       50
176
     1
 90
       50
176
     1
290
     0
176
     1
 90
       50
176
     1
 62
   256
176
     0
 40
1.0
176
     0
 90
        2
176
     1
  1
strokes_ogs.tif
176
     1
290
     0
176
     1
 40
1.0
176
     1
 40
1.0
176
     1
  0
VISUALSTYLE
  5
182
102
{ACAD_REACTORS
330
99
102
}
330
99
100
AcDbVisualStyle
  2
Shaded
 70
    27
177
     3
291
     0
 70
    58
 90
        2
176
     1
 90
        2
176
     1
 90
        1
176
     1
 90
        2
176
     1
 40
0.6
176
     1
 40
30.0
176
     1
 62
     7
420
 16777215
176
     1
 90
        0
176
     1
 90
        4
176
     1
 62
     7
176
     1
 62
   257
176
     1
 90
        1
176
     1
 90
        1
176
     1
 40
1.0
176
     1
 90
        8
176
     1
 62
   257
176
     1
 40
1.0
176
     1
 90
        1
176
     1
 90
        6
176
     1
 90
        2
176
     1
 62
     8
420
  7895160
176
     1
 90
        3
176
     1
 90
        0
176
     1
 90
        0
176
     1
290
     0
176
     1
 90
        5
176
     1
 40
0.0
176
     1
 90
        0
176
     1
290
     0
176
     1
290
     1
176
     1
290
     1
176
     1
290
     0
176
     1
290
     0
176
     1
290
     0
176
     1
290
     0
176
     1
290
     0
176
     1
290
     0
176
     1
 90
       50
176
     1
 40
0.0
176
     1
 40
1.0
176
     1
 90
        0
176
     1
 62
    18
420
        0
176
     1
 90
       50
176
     1
 90
        3
176
     1
 62
     5
420
      255
176
     1
290
     0
176
     1
 90
       50
176
     1
 90
       50
176
     1
 90
       50
176
     1
290
     0
176
     1
 90
       50
176
     1
 62
   256
176
     0
 40
1.0
176
     0
 90
        2
176
     1
  1
strokes_ogs.tif
176
     1
290
     0
176
     1
 40
1.0
176
     1
 40
1.0
176
     1
  0
VISUALSTYLE
  5
181
102
{ACAD_REACTORS
330
99
102
}
330
99
100
AcDbVisualStyle
  2
Shaded with edges
 70
    26
177
     3
291
     0
 70
    58
 90
        2
176
     1
 90
        2
176
     1
 90
        1
176
     1
 90
        2
176
     1
 40
0.6
176
     1
 40
30.0
176
     1
 62
     7
420
 16777215
176
     1
 90
        1
176
     1
 90
        2
176
     1
 62
     7
176
     1
 62
   257
176
     1
 90
        2
176
     1
 90
        1
176
     1
 40
1.0
176
     1
 90
        8
176
     1
 62
   257
176
     1
 40
1.0
176
     1
 90
        1
176
     1
 90
        6
176
     1
 90
        2
176
     1
 62
     7
176
     1
 90
        3
176
     1
 90
        0
176
     1
 90
        0
176
     1
290
     0
176
     1
 90
        5
176
     1
 40
0.0
176
     1
 90
        0
176
     1
290
     0
176
     1
290
     1
176
     1
290
     1
176
     1
290
     0
176
     1
290
     0
176
     1
290
     0
176
     1
290
     0
176
     1
290
     0
176
     1
290
     0
176
     1
 90
       50
176
     1
 40
0.0
176
     1
 40
1.0
176
     1
 90
        0
176
     1
 62
    18
420
        0
176
     1
 90
       50
176
     1
 90
        3
176
     1
 62
     5
420
      255
176
     1
290
     0
176
     1
 90
       50
176
     1
 90
       50
176
     1
 90
       50
176
     1
290
     0
176
     1
 90
       50
176
     1
 62
   256
176
     0
 40
1.0
176
     0
 90
        2
176
     1
  1
strokes_ogs.tif
176
     1
290
     0
176
     1
 40
1.0
176
     1
 40
1.0
176
     1
  0
VISUALSTYLE
  5
17E
102
{ACAD_REACTORS
330
99
102
}
330
99
100
AcDbVisualStyle
  2
Shades of Gray
 70
    23
177
     3
291
     0
 70
    58
 90
        2
176
     1
 90
        2
176
     1
 90
        3
176
     1
 90
        0
176
     1
 40
0.6
176
     1
 40
30.0
176
     1
 62
     7
420
 16777215
176
     1
 90
        2
176
     1
 90
        2
176
     1
 62
     7
176
     1
 62
     7
176
     1
 90
        1
176
     1
 90
        1
176
     1
 40
40.0
176
     1
 90
        8
176
     1
 62
     7
176
     1
 40
1.0
176
     1
 90
        1
176
     1
 90
        6
176
     1
 90
        2
176
     1
 62
     7
176
     1
 90
        3
176
     1
 90
        0
176
     1
 90
        0
176
     1
290
     0
176
     1
 90
        1
176
     1
 40
0.0
176
     1
 90
        0
176
     1
290
     0
176
     1
290
     1
176
     1
290
     1
176
     1
290
     0
176
     1
290
     0
176
     1
290
     0
176
     1
290
     0
176
     1
290
     0
176
     1
290
     0
176
     1
 90
       50
176
     1
 40
0.0
176
     1
 40
1.0
176
     1
 90
        0
176
     1
 62
    18
420
        0
176
     1
 90
       50
176
     1
 90
        3
176
     1
 62
     5
420
      255
176
     1
290
     0
176
     1
 90
       50
176
     1
 90
       50
176
     1
 90
       50
176
     1
290
     0
176
     1
 90
       50
176
     1
 62
   256
176
     0
 40
1.0
176
     0
 90
        2
176
     1
  1
strokes_ogs.tif
176
     1
290
     0
176
     1
 40
1.0
176
     1
 40
1.0
176
     1
  0
VISUALSTYLE
  5
17F
102
{ACAD_REACTORS
330
99
102
}
330
99
100
AcDbVisualStyle
  2
Sketchy
 70
    24
177
     3
291
     0
 70
    58
 90
        1
176
     1
 90
        2
176
     1
 90
        2
176
     1
 90
        0
176
     1
 40
0.6
176
     1
 40
30.0
176
     1
 62
     7
420
 16777215
176
     1
 90
        2
176
     1
 90
        2
176
     1
 62
     7
176
     1
 62
     7
176
     1
 90
        1
176
     1
 90
        1
176
     1
 40
40.0
176
     1
 90
       11
176
     1
 62
     7
176
     1
 40
1.0
176
     1
 90
        1
176
     1
 90
        6
176
     1
 90
        2
176
     1
 62
     7
176
     1
 90
        6
176
     1
 90
        0
176
     1
 90
        0
176
     1
290
     0
176
     1
 90
        1
176
     1
 40
0.0
176
     1
 90
        0
176
     1
290
     0
176
     1
290
     1
176
     1
290
     1
176
     1
290
     0
176
     1
290
     0
176
     1
290
     0
176
     1
290
     0
176
     1
290
     0
176
     1
290
     0
176
     1
 90
       50
176
     1
 40
0.0
176
     1
 40
1.0
176
     1
 90
        0
176
     1
 62
    18
420
        0
176
     1
 90
       50
176
     1
 90
        3
176
     1
 62
     5
420
      255
176
     1
290
     0
176
     1
 90
       50
176
     1
 90
       50
176
     1
 90
       50
176
     1
290
     0
176
     1
 90
       50
176
     1
 62
   256
176
     0
 40
1.0
176
     0
 90
        2
176
     1
  1
strokes_ogs.tif
176
     1
290
     0
176
     1
 40
1.0
176
     1
 40
1.0
176
     1
  0
VISUALSTYLE
  5
A6
102
{ACAD_REACTORS
330
99
102
}
330
99
100
AcDbVisualStyle
  2
Thicken
 70
    13
177
     3
291
     1
 70
    58
 90
        2
176
     1
 90
        2
176
     1
 90
        1
176
     1
 90
        0
176
     1
 40
0.6
176
     1
 40
30.0
176
     1
 62
     7
420
 16777215
176
     1
 90
        1
176
     1
 90
        4
176
     1
 62
     7
176
     1
 62
   257
176
     1
 90
        1
176
     1
 90
        1
176
     1
 40
1.0
176
     1
 90
       12
176
     1
 62
     7
176
     1
 40
1.0
176
     1
 90
        1
176
     1
 90
        6
176
     1
 90
        2
176
     1
 62
     7
176
     1
 90
        5
176
     1
 90
        0
176
     1
 90
        0
176
     1
290
     0
176
     1
 90
        1
176
     1
 40
0.0
176
     1
 90
        0
176
     1
290
     0
176
     1
290
     1
176
     1
290
     1
176
     1
290
     0
176
     1
290
     0
176
     1
290
     0
176
     1
290
     0
176
     1
290
     0
176
     1
290
     0
176
     1
 90
       50
176
     1
 40
0.0
176
     1
 40
1.0
176
     1
 90
        0
176
     1
 62
    18
420
        0
176
     1
 90
       50
176
     1
 90
        3
176
     1
 62
     5
420
      255
176
     1
290
     0
176
     1
 90
       50
176
     1
 90
       50
176
     1
 90
       50
176
     1
290
     0
176
     1
 90
       50
176
     1
 62
   256
176
     0
 40
1.0
176
     0
 90
        2
176
     1
  1
strokes_ogs.tif
176
     1
290
     0
176
     1
 40
1.0
176
     1
 40
1.0
176
     1
  0
VISUALSTYLE
  5
A0
102
{ACAD_REACTORS
330
99
102
}
330
99
100
AcDbVisualStyle
  2
Wireframe
 70
     5
177
     3
291
     0
 70
    58
 90
        0
176
     1
 90
        2
176
     1
 90
        0
176
     1
 90
        0
176
     1
 40
0.6
176
     1
 40
30.0
176
     1
 62
     7
420
 16777215
176
     1
 90
        1
176
     1
 90
        4
176
     1
 62
     7
176
     1
 62
   257
176
     1
 90
        1
176
     1
 90
        1
176
     1
 40
1.0
176
     1
 90
        0
176
     1
 62
   257
176
     1
 40
1.0
176
     1
 90
        1
176
     1
 90
        6
176
     1
 90
        2
176
     1
 62
     7
176
     1
 90
        3
176
     1
 90
        0
176
     1
 90
        0
176
     1
290
     0
176
     1
 90
        1
176
     1
 40
0.0
176
     1
 90
        0
176
     1
290
     0
176
     1
290
     1
176
     1
290
     1
176
     1
290
     0
176
     1
290
     0
176
     1
290
     0
176
     1
290
     0
176
     1
290
     0
176
     1
290
     0
176
     1
 90
       50
176
     1
 40
0.0
176
     1
 40
1.0
176
     1
 90
        0
176
     1
 62
    18
420
        0
176
     1
 90
       50
176
     1
 90
        3
176
     1
 62
     5
420
      255
176
     1
290
     0
176
     1
 90
       50
176
     1
 90
       50
176
     1
 90
       50
176
     1
290
     0
176
     1
 90
       50
176
     1
 62
   256
176
     0
 40
1.0
176
     0
 90
        2
176
     1
  1
strokes_ogs.tif
176
     1
290
     0
176
     1
 40
1.0
176
     1
 40
1.0
176
     1
  0
VISUALSTYLE
  5
180
102
{ACAD_REACTORS
330
99
102
}
330
99
100
AcDbVisualStyle
  2
X-Ray
 70
    25
177
     3
291
     0
 70
    58
 90
        2
176
     1
 90
        2
176
     1
 90
        1
176
     1
 90
        1
176
     1
 40
0.5
176
     1
 40
30.0
176
     1
 62
     7
420
 16777215
176
     1
 90
        1
176
     1
 90
        0
176
     1
 62
     7
176
     1
 62
   257
176
     1
 90
        1
176
     1
 90
        1
176
     1
 40
1.0
176
     1
 90
        8
176
     1
 62
     7
176
     1
 40
1.0
176
     1
 90
        1
176
     1
 90
        6
176
     1
 90
        2
176
     1
 62
     7
176
     1
 90
        3
176
     1
 90
        0
176
     1
 90
        0
176
     1
290
     0
176
     1
 90
       13
176
     1
 40
0.0
176
     1
 90
        0
176
     1
290
     0
176
     1
290
     1
176
     1
290
     1
176
     1
290
     0
176
     1
290
     0
176
     1
290
     0
176
     1
290
     0
176
     1
290
     0
176
     1
290
     0
176
     1
 90
       50
176
     1
 40
0.0
176
     1
 40
1.0
176
     1
 90
        0
176
     1
 62
    18
420
        0
176
     1
 90
       50
176
     1
 90
        3
176
     1
 62
     5
420
      255
176
     1
290
     0
176
     1
 90
       50
176
     1
 90
       50
176
     1
 90
       50
176
     1
290
     0
176
     1
 90
       50
176
     1
 62
   256
176
     0
 40
1.0
176
     0
 90
        2
176
     1
  1
strokes_ogs.tif
176
     1
290
     0
176
     1
 40
1.0
176
     1
 40
1.0
176
     1
  0
DICTIONARYVAR
  5
F0
102
{ACAD_REACTORS
330
66
102
}
330
66
100
DictionaryVariables
280
     0
  1
1:1
  0
DICTIONARYVAR
  5
EF
102
{ACAD_REACTORS
330
66
102
}
330
66
100
DictionaryVariables
280
     0
  1
STANDARD
  0
DICTIONARYVAR
  5
89
102
{ACAD_REACTORS
330
66
102
}
330
66
100
DictionaryVariables
280
     0
  1
STANDARD
  0
DICTIONARYVAR
  5
1B7
102
{ACAD_REACTORS
330
66
102
}
330
66
100
DictionaryVariables
280
     0
  1
Imperial24
  0
DICTIONARYVAR
  5
1B8
102
{ACAD_REACTORS
330
66
102
}
330
66
100
DictionaryVariables
280
     0
  1
Imperial24
  0
DICTIONARYVAR
  5
67
102
{ACAD_REACTORS
330
66
102
}
330
66
100
DictionaryVariables
280
     0
  1
2
  0
DICTIONARYVAR
  5
6B
102
{ACAD_REACTORS
330
66
102
}
330
66
100
DictionaryVariables
280
     0
  1
1
  0
DICTIONARYVAR
  5
14D
102
{ACAD_REACTORS
330
66
102
}
330
66
100
DictionaryVariables
280
     0
  1
0
  0
DICTIONARYVAR
  5
14E
102
{ACAD_REACTORS
330
66
102
}
330
66
100
DictionaryVariables
280
     0
  1
0
  0
DICTIONARY
  5
38D
102
{ACAD_REACTORS
330
38C
102
}
330
38C
100
AcDbDictionary
281
     1
  3
*A1
350
38E
  0
DICTIONARY
  5
392
102
{ACAD_REACTORS
330
391
102
}
330
391
100
AcDbDictionary
281
     1
  3
*A1
350
393
  0
DICTIONARY
  5
397
102
{ACAD_REACTORS
330
396
102
}
330
396
100
AcDbDictionary
281
     1
  3
*A1
350
398
  0
DICTIONARY
  5
39C
102
{ACAD_REACTORS
330
39B
102
}
330
39B
100
AcDbDictionary
281
     1
  3
*A1
350
39D
  0
DICTIONARY
  5
3A1
102
{ACAD_REACTORS
330
3A0
102
}
330
3A0
100
AcDbDictionary
281
     1
  3
*A1
350
3A2
  0
DICTIONARY
  5
3A6
102
{ACAD_REACTORS
330
3A5
102
}
330
3A5
100
AcDbDictionary
281
     1
  3
*A1
350
3A7
  0
DICTIONARY
  5
3AB
102
{ACAD_REACTORS
330
3AA
102
}
330
3AA
100
AcDbDictionary
281
     1
  3
*A1
350
3AC
  0
DICTIONARY
  5
3B0
102
{ACAD_REACTORS
330
3AF
102
}
330
3AF
100
AcDbDictionary
281
     1
  3
*A1
350
3B1
  0
DICTIONARY
  5
3B5
102
{ACAD_REACTORS
330
3B4
102
}
330
3B4
100
AcDbDictionary
281
     1
  3
*A1
350
3B6
  0
DICTIONARY
  5
3BA
102
{ACAD_REACTORS
330
3B9
102
}
330
3B9
100
AcDbDictionary
281
     1
  3
*A1
350
3BB
  0
DICTIONARY
  5
3BF
102
{ACAD_REACTORS
330
3BE
102
}
330
3BE
100
AcDbDictionary
281
     1
  3
*A1
350
3C0
  0
DICTIONARY
  5
3C4
102
{ACAD_REACTORS
330
3C3
102
}
330
3C3
100
AcDbDictionary
281
     1
  3
*A1
350
3C5
  0
DICTIONARY
  5
3E6
102
{ACAD_REACTORS
330
3E5
102
}
330
3E5
100
AcDbDictionary
281
     1
  3
*A1
350
3E7
  0
DICTIONARY
  5
3EB
102
{ACAD_REACTORS
330
3EA
102
}
330
3EA
100
AcDbDictionary
281
     1
  3
*A1
350
3EC
  0
DICTIONARY
  5
3F0
102
{ACAD_REACTORS
330
3EF
102
}
330
3EF
100
AcDbDictionary
281
     1
  3
*A1
350
3F1
  0
DICTIONARY
  5
3F5
102
{ACAD_REACTORS
330
3F4
102
}
330
3F4
100
AcDbDictionary
281
     1
  3
*A1
350
3F6
  0
DICTIONARY
  5
3FA
102
{ACAD_REACTORS
330
3F9
102
}
330
3F9
100
AcDbDictionary
281
     1
  3
*A1
350
3FB
  0
DICTIONARY
  5
3FF
102
{ACAD_REACTORS
330
3FE
102
}
330
3FE
100
AcDbDictionary
281
     1
  3
*A1
350
400
  0
DICTIONARY
  5
404
102
{ACAD_REACTORS
330
403
102
}
330
403
100
AcDbDictionary
281
     1
  3
*A1
350
405
  0
DICTIONARY
  5
409
102
{ACAD_REACTORS
330
408
102
}
330
408
100
AcDbDictionary
281
     1
  3
*A1
350
40A
  0
DICTIONARY
  5
40E
102
{ACAD_REACTORS
330
40D
102
}
330
40D
100
AcDbDictionary
281
     1
  3
*A1
350
40F
  0
DICTIONARY
  5
194
330
22
100
AcDbDictionary
280
     1
281
     1
  0
DICTIONARY
  5
188
330
97
100
AcDbDictionary
280
     1
281
     1
  3
FBXASSET
360
189
  0
DICTIONARY
  5
186
330
96
100
AcDbDictionary
280
     1
281
     1
  3
FBXASSET
360
187
  0
DICTIONARY
  5
110
330
98
100
AcDbDictionary
280
     1
281
     1
  3
BUMPTILE
360
112
  3
DIFFUSETILE
360
111
  3
FBXASSET
360
18A
  3
OPACITYTILE
360
113
  3
REFLECTIONTILE
360
114
  0
DICTIONARY
  5
104
330
87
100
AcDbDictionary
280
     1
281
     1
  3
ACAD_ROUNDTRIP_2008_TABLESTYLE_CELLSTYLEMAP
360
44D
  0
ACDB_MTEXTOBJECTCONTEXTDATA_CLASS
  5
38E
102
{ACAD_REACTORS
330
38D
102
}
330
38D
100
AcDbObjectContextData
 70
     4
290
     1
100
AcDbAnnotScaleObjectContextData
340
B7
 70
     1
 10
1.0
 20
0.0
 30
0.0
 11
38826.89612393559
 21
38491.86158631068
 31
0.0
 40
0.0
 41
0.0
 42
0.6402455661664394
 43
0.2042291950886767
 71
     0
  0
ACDB_MTEXTOBJECTCONTEXTDATA_CLASS
  5
393
102
{ACAD_REACTORS
330
392
102
}
330
392
100
AcDbObjectContextData
 70
     4
290
     1
100
AcDbAnnotScaleObjectContextData
340
B7
 70
     1
 10
1.0
 20
0.0
 30
0.0
 11
38827.04081040647
 21
38490.71202060022
 31
0.0
 40
0.0
 41
0.0
 42
0.6012278308321965
 43
0.2008185538881309
 71
     0
  0
ACDB_MTEXTOBJECTCONTEXTDATA_CLASS
  5
398
102
{ACAD_REACTORS
330
397
102
}
330
397
100
AcDbObjectContextData
 70
     4
290
     1
100
AcDbAnnotScaleObjectContextData
340
B7
 70
     1
 10
1.0
 20
0.0
 30
0.0
 11
38827.28964014795
 21
38487.45532958746
 31
0.0
 40
0.0
 41
0.0
 42
0.6398362892223738
 43
0.2043656207366985
 71
     0
  0
ACDB_MTEXTOBJECTCONTEXTDATA_CLASS
  5
39D
102
{ACAD_REACTORS
330
39C
102
}
330
39C
100
AcDbObjectContextData
 70
     4
290
     1
100
AcDbAnnotScaleObjectContextData
340
B7
 70
     1
 10
1.0
 20
0.0
 30
0.0
 11
38827.37460262513
 21
38482.35494102492
 31
0.0
 40
0.0
 41
0.0
 42
0.641336971350614
 43
0.2042291950886767
 71
     0
  0
ACDB_MTEXTOBJECTCONTEXTDATA_CLASS
  5
3A2
102
{ACAD_REACTORS
330
3A1
102
}
330
3A1
100
AcDbObjectContextData
 70
     4
290
     1
100
AcDbAnnotScaleObjectContextData
340
B7
 70
     1
 10
1.0
 20
0.0
 30
0.0
 11
38826.92679863784
 21
38479.32424736015
 31
0.0
 40
0.0
 41
0.0
 42
0.6012278308321965
 43
0.2008185538881309
 71
     0
  0
ACDB_MTEXTOBJECTCONTEXTDATA_CLASS
  5
3A7
102
{ACAD_REACTORS
330
3A6
102
}
330
3A6
100
AcDbObjectContextData
 70
     4
290
     1
100
AcDbAnnotScaleObjectContextData
340
B7
 70
     1
 10
1.0
 20
0.0
 30
0.0
 11
38828.10737249952
 21
38476.17151247423
 31
0.0
 40
0.0
 41
0.0
 42
0.6391541609822646
 43
0.2042291950886767
 71
     0
  0
ACDB_MTEXTOBJECTCONTEXTDATA_CLASS
  5
3AC
102
{ACAD_REACTORS
330
3AB
102
}
330
3AB
100
AcDbObjectContextData
 70
     4
290
     1
100
AcDbAnnotScaleObjectContextData
340
B7
 70
     1
 10
1.0
 20
0.0
 30
0.0
 11
38829.63397693
 21
38477.75805008575
 31
0.0
 40
0.0
 41
0.0
 42
0.6402455661664394
 43
0.2042291950886767
 71
     0
  0
ACDB_MTEXTOBJECTCONTEXTDATA_CLASS
  5
3B1
102
{ACAD_REACTORS
330
3B0
102
}
330
3B0
100
AcDbObjectContextData
 70
     4
290
     1
100
AcDbAnnotScaleObjectContextData
340
B7
 70
     1
 10
1.0
 20
0.0
 30
0.0
 11
38830.24461870219
 21
38479.24288654605
 31
0.0
 40
0.0
 41
0.0
 42
0.6402455661664394
 43
0.2042291950886767
 71
     0
  0
ACDB_MTEXTOBJECTCONTEXTDATA_CLASS
  5
3B6
102
{ACAD_REACTORS
330
3B5
102
}
330
3B5
100
AcDbObjectContextData
 70
     4
290
     1
100
AcDbAnnotScaleObjectContextData
340
B7
 70
     1
 10
1.0
 20
0.0
 30
0.0
 11
38830.26497338589
 21
38481.45997113475
 31
0.0
 40
0.0407096827049973
 41
0.0
 42
0.6398362892223738
 43
0.2008185538881309
 71
     2
 72
     1
 44
0.0407096827049973
 45
1.0
 73
     0
 74
     0
 46
0.0
  0
ACDB_MTEXTOBJECTCONTEXTDATA_CLASS
  5
3BB
102
{ACAD_REACTORS
330
3BA
102
}
330
3BA
100
AcDbObjectContextData
 70
     4
290
     1
100
AcDbAnnotScaleObjectContextData
340
B7
 70
     1
 10
1.0
 20
0.0
 30
0.0
 11
38830.20390933479
 21
38483.9007982294
 31
0.0
 40
0.0
 41
0.0
 42
0.639699863574352
 43
0.2042291950886767
 71
     0
  0
ACDB_MTEXTOBJECTCONTEXTDATA_CLASS
  5
3C0
102
{ACAD_REACTORS
330
3BF
102
}
330
3BF
100
AcDbObjectContextData
 70
     4
290
     1
100
AcDbAnnotScaleObjectContextData
340
B7
 70
     1
 10
1.0
 20
0.0
 30
0.0
 11
38830.34589519587
 21
38485.74964913128
 31
0.0
 40
0.0
 41
0.0
 42
0.6390177353342429
 43
0.2008185538881309
 71
     0
  0
ACDB_MTEXTOBJECTCONTEXTDATA_CLASS
  5
3C5
102
{ACAD_REACTORS
330
3C4
102
}
330
3C4
100
AcDbObjectContextData
 70
     4
290
     1
100
AcDbAnnotScaleObjectContextData
340
B7
 70
     1
 10
1.0
 20
0.0
 30
0.0
 11
38830.33944463248
 21
38488.03315710735
 31
0.0
 40
0.0
 41
0.0
 42
0.6377899045020464
 43
0.2008185538881309
 71
     0
  0
ACDB_MTEXTOBJECTCONTEXTDATA_CLASS
  5
3E7
102
{ACAD_REACTORS
330
3E6
102
}
330
3E6
100
AcDbObjectContextData
 70
     4
290
     1
100
AcDbAnnotScaleObjectContextData
340
B7
 70
     1
 10
1.0
 20
0.0
 30
0.0
 11
38830.53631546114
 21
38492.1165974917
 31
0.0
 40
0.0
 41
0.0
 42
0.7060898044299102
 43
0.0821790769525443
 71
     0
  0
ACDB_MTEXTOBJECTCONTEXTDATA_CLASS
  5
3EC
102
{ACAD_REACTORS
330
3EB
102
}
330
3EB
100
AcDbObjectContextData
 70
     4
290
     1
100
AcDbAnnotScaleObjectContextData
340
B7
 70
     1
 10
1.0
 20
0.0
 30
0.0
 11
38832.49563577846
 21
38494.84897640077
 31
0.0
 40
0.0
 41
0.0
 42
0.639699863574352
 43
0.2042291950886767
 71
     0
  0
ACDB_MTEXTOBJECTCONTEXTDATA_CLASS
  5
3F1
102
{ACAD_REACTORS
330
3F0
102
}
330
3F0
100
AcDbObjectContextData
 70
     4
290
     1
100
AcDbAnnotScaleObjectContextData
340
B7
 70
     1
 10
1.0
 20
0.0
 30
0.0
 11
38835.62724903332
 21
38494.88096328158
 31
0.0
 40
0.0
 41
0.0
 42
0.6390177353342429
 43
0.2042291950886767
 71
     0
  0
ACDB_MTEXTOBJECTCONTEXTDATA_CLASS
  5
3F6
102
{ACAD_REACTORS
330
3F5
102
}
330
3F5
100
AcDbObjectContextData
 70
     4
290
     1
100
AcDbAnnotScaleObjectContextData
340
B7
 70
     1
 10
1.0
 20
0.0
 30
0.0
 11
38831.49433132792
 21
38492.16448515456
 31
0.0
 40
0.0
 41
0.0
 42
0.6402455661664394
 43
0.2042291950886767
 71
     0
  0
ACDB_MTEXTOBJECTCONTEXTDATA_CLASS
  5
3FB
102
{ACAD_REACTORS
330
3FA
102
}
330
3FA
100
AcDbObjectContextData
 70
     4
290
     1
100
AcDbAnnotScaleObjectContextData
340
B7
 70
     1
 10
1.0
 20
0.0
 30
0.0
 11
38833.1067962317
 21
38492.20299688932
 31
0.0
 40
0.0
 41
0.0
 42
0.6398362892223738
 43
0.2042291950886767
 71
     0
  0
ACDB_MTEXTOBJECTCONTEXTDATA_CLASS
  5
400
102
{ACAD_REACTORS
330
3FF
102
}
330
3FF
100
AcDbObjectContextData
 70
     4
290
     1
100
AcDbAnnotScaleObjectContextData
340
B7
 70
     1
 10
1.0
 20
0.0
 30
0.0
 11
38835.3137389776
 21
38492.24407220767
 31
0.0
 40
0.0
 41
0.0
 42
0.641336971350614
 43
0.2042291950886767
 71
     0
  0
ACDB_MTEXTOBJECTCONTEXTDATA_CLASS
  5
405
102
{ACAD_REACTORS
330
404
102
}
330
404
100
AcDbObjectContextData
 70
     4
290
     1
100
AcDbAnnotScaleObjectContextData
340
B7
 70
     1
 10
1.0
 20
0.0
 30
0.0
 11
38837.76278973705
 21
38494.70392170978
 31
0.0
 40
0.0
 41
0.0
 42
0.6377899045020464
 43
0.2042291950886767
 71
     0
  0
ACDB_MTEXTOBJECTCONTEXTDATA_CLASS
  5
40A
102
{ACAD_REACTORS
330
409
102
}
330
409
100
AcDbObjectContextData
 70
     4
290
     1
100
AcDbAnnotScaleObjectContextData
340
B7
 70
     1
 10
1.0
 20
0.0
 30
0.0
 11
38837.61246998015
 21
38492.08614068266
 31
0.0
 40
0.0
 41
0.0
 42
0.6398362892223738
 43
0.2043656207366985
 71
     0
  0
ACDB_MTEXTOBJECTCONTEXTDATA_CLASS
  5
40F
102
{ACAD_REACTORS
330
40E
102
}
330
40E
100
AcDbObjectContextData
 70
     4
290
     1
100
AcDbAnnotScaleObjectContextData
340
B7
 70
     1
 10
1.0
 20
0.0
 30
0.0
 11
38839.17532154453
 21
38492.14761699095
 31
0.0
 40
0.0173620990347117
 41
0.0
 42
0.6012278308321965
 43
0.2042291950886767
 71
     2
 72
     1
 44
0.0173620990347117
 45
1.0
 73
     0
 74
     0
 46
0.0
  0
XRECORD
  5
189
102
{ACAD_REACTORS
330
188
102
}
330
188
100
AcDbXrecord
280
     1
 70
     1
 90
429727718
  1
508B35C9-AEE7-456F-BE74-D52651303AC6
310
504B03040A0000080000B670623B3DEE336E79000000790000001B0000006175746F6465736B2D64657369676E2D7061636B6167652E786D6C3C3F786D6C2076657273696F6E3D22312E302220656E636F64696E673D227574662D3822203F3E3C666F726D6174733E3C666F726D61743E687474703A2F2F736368656D612E
310
6175746F6465736B2E636F6D2F64657369676E2D7061636B6167652F323030393C2F666F726D61743E3C2F666F726D6174733E504B0304140006080800B670623BD486FD9CA0000000F4000000130000005B436F6E74656E745F54797065735D2E786D6C7D8EC10E82300C865F65E91D8A1E8C310C0EEA1BF002731658846E
310
D98AC1B77784ABF1D8FE5FBFBF75BBCE937A534CCEB38643598122B6FEE978D0B0485F9C41B54DDD7D022595594E1A469170414C76A4D9A4D207E29CF43ECE46F218070CC6BECC4078ACAA135ACF422C856C0E68EA1BF5669944DDD7BCDE7B1F8E415D77AECB980613C2E4AC91FC167A2B244592486606FC29C8FD7F045B9A
310
EF7053A7E60B504B0304140006080800B670623B28ED286BEB0000007C01000008000000636F72652E786D6C8D90416EC3201045AF82665B6183218D6D61A254764FD00B204C5C94182C03558F5F9C3852BBEB6A467FFE9B197D71FA9E6FE8CBACC17AD7012D0820E3B41FAD9B3A48F1826B40272956EFE32F1B20A766D3C1
310
268314D3EAD3B24BDABB685CCCAAF3A3D94515828980F42D371D04FD696655A814B3235C8B45E9AB9A4C419F5D8653B2237A1CB163DE672FD6AC209BF3C08E0D1B30EB19C3FC9D72FCC6EB231EFA33EDE96BDD341517E5064B11EDFCBCAF57A3A2194156843498524CAA0FCA5B7268F9E185D42D21A2DCEC7FA0B48CFF8492
310
759155FBBB0F2C80A4F991FB408A72CB22977B50B96EB9C91F504B0304140006080800B670623B55019EA25F0000007C00000007000000636E782E786D6C4DCB3B0E80201045D1AD90E915ED2CF8AC45050C11660C8261F98AB1B07AC9C97D42D718D865D3E909258CFD00CCE24AC6E326A164D74DC0B4128928FF32603847
310
2BA13128B1252AC747C6BAB984FC68F0B87FE8960A5C09FE86CFB69FBA01504B0304140006080800B670623B7BC41AC871010000D40300000C0000006662782F636F72652E786D6CC553ED6E8320147D15C2DF4501B56B6D90A64BBB27D80B50A5CE54C120983EFEAE1F4DD7A56BBA5FF3879273EEE59E7310BE393735EA95
310
ED2AA333CC428A91D2B9292A5D66D8BB63B0C26823B835C67D2BC348CB46657880B1E0A535BE9DA1DC68A7B403549B42CDA0EC3AE530CA6B5864B8CB3F552343E91D5474A7B095F949962A6421D0502778E72C0840D390E18DC5F170E664C205F7BE2A66B62A605A75AC94C522DDEEE3651AEF837817C741F2CE92E02D592D
310
83FD6ECB76EC7595A651C2C9D02CB8AB9A8BBADC2AE954814544691A3016D0E883256BBA58278B17BA5A53CAC9507ED3E4DBE2C9265F691747B3DCA9ADC382819091F8E1162272A8933DE82182932144F88C09DF060D8140C84E1EEA8B8F1340BDCA9DB1093085F157AA97B557309586747CD0EF0B4EA64E983A6E0EAEEFCE
310
889E9EF17847386AA94B30211D2C0FDE0D3AF9A4610EAD5536E8DD1969631B593F67E381C33F5157F17725E5A636F6BF1491F980C8FC7B90E13E8A2F504B0304140006080800B670623B70102A487D0000009D0000000B0000006662782F636E782E786D6C4DCCD10A83201886E15B91FFDC95A5C30335ACCDFB886521330D
310
A76397BF1A1DECE883878F57749FD5A3B74D2F17830472A901D9F088930B8B849267CC01754AA418F3DF0D5018572BE160506249B16C274D761E8BCFBB7A179E27F65CB39A0F14D396184C9921B81F34C3ACA1B4B99ABB6E6F062A25AA5F69DF23ACBE504B0304140006080800B670623B3610CA3329010000120200003100
310
00006662782F42384135303843342D343331462D343546312D424341352D3532343432364645413344462F636F72652E786D6C8D515B6EC32010BC0AE22B55850D0E446E848992B43E412FE000495162B07854397EA176A4F62F3F2C9A9D991D58BEBB8F37F0AD7D30CE76905418026DA553C65E3A98E219B510EC04F7CEC5
310
3F3408EC30EA0E16180A7EF12E4D0B249D8DDAC68C5AA7F4020E21E80881BCE54B0783FCD2E3500D296646B856D320AFC34557A4CAEDCC133C449F0380794839A138B47B86DB2345744D7A44594FD0E1B867883594369BFE63BF7EEF793D0B054FC9A8456E548E63CE46FB674D8A58F068C6477CE9F510B582A2C1F80D1182
310
70F349E816B32D65AFB8DD62CCEB42FF274A937A52948C8DEB66893BCB021484D7734370E5D2E9F608A3EF93F3119479ABA0E50B14B8C298119A43CCC4FCFCECB8A18B6388CEE7EF5D5D4F994BD86CBBA182D76543B9FCAE2FD7B24DF103504B0304140006080800B670623B1B8617914E0100003303000030000000666278
310
2F42384135303843342D343331462D343546312D424341352D3532343432364645413344462F636E782E786D6CD593C16EC32010447F0571AD6CE3D489D20813A9877E410FBD62D82434182CC055F3F75D1292E692438FBD206B7698593D61BEFD1E2DF982108D773D6D6B460938E5B571FB9ECE6957AD29D90A1EBC4F7736
310
4A9C1CA1A759A682EF839FA72269D8C9D92654AD71C72206887E0E0A22CAF926B15E498B01E0AA19451807D01A34B919F16B070157417138917400F2F6FA41FCF0092A45DEE414C19BDC21783E4BD39D891265658C3D8DEA00A3ACE59CBC8678ACB54CB26EEB6BD7839D7E9348BE70AD9C8321B9BCA7F9A4A26C542347DEE0
310
50F09802D22BA6749A800A394DD62899107273365E3C82CFC6A55557BC06C10774B7ABE7AEC3B0F34CF06446280E154026D0542C187BA9DAB6628BF7B6DBB0E5A65B3EB1F58631DE64BBE083F7B65CC218087E22CABB042E51D1F2268F1FE12B3EA24D40D63E9CFE00120194D60B9D5BC67FE6D39CDF37E20AF817881F504B
310
0304140006080800B670623BBFEF2E3B690500003C100000340000006662782F42384135303843342D343331462D343546312D424341352D3532343432364645413344462F6F626A656374732E786D6CAD575D739B3814FD2B0CFB0C98D84E931D4227B6938EA793B6534F3BFB90198F0099B001899144EAECAFDF231018B0
310
D37A3FFC609090EEE7B94757C1FB7D915B2F54C88CB31BDB7727B64559CC938CA53776A576CE956DBD0F03C1B9EA2DB32D460A7A63EB693B0C52C1ABD24C257447AA5C8D66EF177F5832A68CDA569C13296F6C193FD182B8A4523CA1F2D94D88226EBADBBBBEDB2C1C8A4D05299F46424B222853B014F30C52ACC6287F389C
310
D85E1878FA7B18E87FB36AFAF62AAFF667A83F635211161F291B8999FAB3D5DDC5FCDA99CF6653677679E13B8BFBC5CAF1DF4D27CBCBE5F2FAF6EE1A8AA51290642C117467871F101B91C581D77CEA2C36869F3229E68CD1B8F61F1ED6361B89092D294B90C78C4A68EB793D190E7D1D9BDEE7A91E1B95FDE9F3BCEAEFE809
310
6A6D6F9F7D4B79F4275C90E7A04248AA51D5C4C738DAE06F72885AC4796EBE65D22A88A22223B995679120E2D50EB1542F098381188D4EA111AE3DB043FF20AF6F2B4AE3D7D83D65E5AECA730D4D3BAC91BD05FEA992B565D95F549CD6069B90AB2A63EACA38A45E4B6A87D781574F86817E4C2FCCC72690D62E2729520E37
310
9BAF234797BAF6D62B3BFC781FED37BA1E4F2B2F052FA9501A3E80569BB8F6A9A364D4FA67654E6F803383981F82F21591FF84F23D9882BC896C3FDBCF8C162508933B2E0AE4C69DD43F6BD2BE38DDDBF10BF86CB4FA784D37F3AF16075E67EC9030DECA1FC0A55373F5DFF3378C591FA9BDF485C10B0A8C8BA909E5262639
310
A8E72163488806A595734C81CB77D1DE0ED7604A303B76913CEC0272F412782FF88EFF4636D8AA56DF7B322474C4B767303F625997056C7B032C473C592B36CEBD15F3F9FF5233B7ABCDC74D257624A60F8658567497B14CE1EC3C80B76FD02011038F9EE9EB0F2E12387A9C844D3F09855125116D1D731DF8B43D2CF4E0A0
310
79A020C6BE946BCE0B7EA1E1219331CD73C228AF5A2DDD31A4B1DA918CE91350854D40A71723140BFA92E94E62B0626016CEFA5864A50E5977E8753CEDBEE1CBB7F52780D20E17AF0BA0F5F9B02A3AD07DCC732EB6D1EBB661421BE0C39E21BABF0FE16D22EA6929407C8DE596724C88B749B6DB5512BC7B228ADFD7CB7EA6
310
3A22397E690BA8D5D8D4E40CEC8CDA23C2C0B7D5898640101CEC9C6D331CE328CB93CAFBBAC70A642DF70DF95155945B52F08AA973C23469FD69ADEF84F7BB18F983A8F8C90E37F5D35980B2139A1C523540813E824EF83448CF7C72B598CE97D7CEEDDDDD3B6736BFBC771677EF66CE6A7E7139F7A793E9EDF2B2B3A8B624
310
0CDA13AA5F8388264EC4A0129909F3B7F5A16CEDF08128E97D680ACA4B9BE7B7B58BB638F0B00700EF36AE8B32A705658A68F83EE897FC2B41573190D1CCAF0B92D233A47CFEB019D9809933F67DD1A5467F8CF69AD9A5AE859342D45355448C64F968A371DC2D596ADC6E43D93D1B466F877A64E2893E54F23C4B40388995
310
525E5005DA3983ED45412510D3EFCA13737B3863F74BD30F2A12E5B4B5E489A025CE25500DB855B11ACE5BBFA185D35DD48D8DC3CE7DC69F2944DB42AA6F6CF09BCA622ADD08C7A36E7C6AE18000BAB08E040135C2D21C9D75B3A91B77BB746C403F38018DFE6EC939DD92F16B40BC05294B9CDA035AAD6D330AE27FE4786B
310
8E45145EA34A75BE1C263A676A35A8ACC6297337400BF16C54EF515F3F77CB77EB3583889C754FFA29081AA98E2222ADEF05DA3E63D2EDEA8B8756C05A7FB6CABC4A91CBF325398202CC952E70A008A830324BA200D5E5EF8F5F04C75DB4B0EE3340E071C98B823333B83577596BF3849B69F2085AA0FAFA212F26BEFF5877
310
FDE622B28D88A42E49E43326DA82D31E8CB006401E1DA726059ECEC168F97A6599036306A135688F9AD2E61A6EA178F4CD51974A9F2CCB9F36FE5EBD14601068D9C3BF01504B0304140006080000B670623B000000000000000000000000350000006662782F42384135303843342D343331462D343546312D424341352D35
310
32343432364645413344462F76657274696365732E62696E504B0304140006080800B670623BF270F1330600000004000000360000006662782F42384135303843342D343331462D343546312D424341352D3532343432364645413344462F747269616E676C65732E62696E636660600000504B0304140006080000B67062
310
3B000000000000000000000000370000006662782F42384135303843342D343331462D343546312D424341352D3532343432364645413344462F617474726962757465732E62696E504B0304140006080800B670623B08DA0BD19000000041010000360000006662782F42384135303843342D343331462D343546312D4243
310
41352D3532343432364645413344462F6469726563746F72792E786D6C858F410AC3201045AF22B36F53E9A60B35CBEEBAE80D244E44489C6234F4F835464A48035D0DF398FF9F8AF63D0E6CC63039F212F8F9020C7D47C6792B21C5FE7403D62A1188E2E60C98D7234A5830286103A55745067B9D86B8A3CF9C7F90C11DE6
310
07FB144396D7B6A82D282E9A152AD114D5EF2CB866EEE831B8EEA07A7BB5A8D7D61A2BAAEB7FD5F70921FF497D00504B0304140006080800B670623B3B4606F3FE000000A00100003B0000006662782F42384135303843342D343331462D343546312D424341352D3532343432364645413344462F7265736F75726365732F
310
636F72652E786D6C8D504B6E833010BD0A9A6D65B08134808CA354A427E8052C332156828DFCA97AFC9A40A576D7CDCCE87D344F8F9FBEE647F689CE6B6B7A6039850C8DB2A336530F315C4903D94970676DF82583CCC8197B5861107C72362E3BA4AC096842428D1D7107A5F71820538F74F4E0D50D6799CB1892C2DFF345
310
AABB9C306779A2934E701F5C0A906D4FD609C2A1B7D129F4BCD858C163D4E3AED163FAA9AF1A1D88F67CA98E6D35906AA82A52BFB39ABCD5CD915C86331BD86BD3B665CD8BD52C78D0F34F46E550061C419494B6843142CB0F5677F4D0D58717DA7494F26295FF31C565FCA7296A13AA728FBBD93C0896823C09C18BB5AFB4
310
9E65A6BD762BBE01504B010214000A0000080000B670623B3DEE336E79000000790000001B00000000000000000000000000000000006175746F6465736B2D64657369676E2D7061636B6167652E786D6C504B01021400140006080800B670623BD486FD9CA0000000F40000001300000000000000000000000000B2000000
310
5B436F6E74656E745F54797065735D2E786D6C504B01021400140006080800B670623B28ED286BEB0000007C010000080000000000000000000000000083010000636F72652E786D6C504B01021400140006080800B670623B55019EA25F0000007C000000070000000000000000000000000094020000636E782E786D6C50
310
4B01021400140006080800B670623B7BC41AC871010000D40300000C00000000000000000000000000180300006662782F636F72652E786D6C504B01021400140006080800B670623B70102A487D0000009D0000000B00000000000000000000000000B30400006662782F636E782E786D6C504B01021400140006080800B6
310
70623B3610CA3329010000120200003100000000000000000000000000590500006662782F42384135303843342D343331462D343546312D424341352D3532343432364645413344462F636F72652E786D6C504B01021400140006080800B670623B1B8617914E010000330300003000000000000000000000000000D10600
310
006662782F42384135303843342D343331462D343546312D424341352D3532343432364645413344462F636E782E786D6C504B01021400140006080800B670623BBFEF2E3B690500003C10000034000000000000000000000000006D0800006662782F42384135303843342D343331462D343546312D424341352D35323434
310
32364645413344462F6F626A656374732E786D6C504B01021400140006080000B670623B0000000000000000000000003500000000000000000000000000280E00006662782F42384135303843342D343331462D343546312D424341352D3532343432364645413344462F76657274696365732E62696E504B010214001400
310
06080800B670623BF270F133060000000400000036000000000000000000000000007B0E00006662782F42384135303843342D343331462D343546312D424341352D3532343432364645413344462F747269616E676C65732E62696E504B01021400140006080000B670623B00000000000000000000000037000000000000
310
00000000000000D50E00006662782F42384135303843342D343331462D343546312D424341352D3532343432364645413344462F617474726962757465732E62696E504B01021400140006080800B670623B08DA0BD1900000004101000036000000000000000000000000002A0F00006662782F42384135303843342D3433
310
31462D343546312D424341352D3532343432364645413344462F6469726563746F72792E786D6C504B01021400140006080800B670623B3B4606F3FE000000A00100003B000000000000000000000000000E1000006662782F42384135303843342D343331462D343546312D424341352D3532343432364645413344462F72
310
65736F75726365732F636F72652E786D6C504B0506000000000E000E0080040000651100000000
  0
XRECORD
  5
187
102
{ACAD_REACTORS
330
186
102
}
330
186
100
AcDbXrecord
280
     1
 70
     1
 90
429727718
  1
887D55A9-D0DD-414E-B741-A7DCD4DA2B4C
310
504B03040A0000080000B670623B3DEE336E79000000790000001B0000006175746F6465736B2D64657369676E2D7061636B6167652E786D6C3C3F786D6C2076657273696F6E3D22312E302220656E636F64696E673D227574662D3822203F3E3C666F726D6174733E3C666F726D61743E687474703A2F2F736368656D612E
310
6175746F6465736B2E636F6D2F64657369676E2D7061636B6167652F323030393C2F666F726D61743E3C2F666F726D6174733E504B0304140006080800B670623BD486FD9CA0000000F4000000130000005B436F6E74656E745F54797065735D2E786D6C7D8EC10E82300C865F65E91D8A1E8C310C0EEA1BF002731658846E
310
D98AC1B77784ABF1D8FE5FBFBF75BBCE937A534CCEB38643598122B6FEE978D0B0485F9C41B54DDD7D022595594E1A469170414C76A4D9A4D207E29CF43ECE46F218070CC6BECC4078ACAA135ACF422C856C0E68EA1BF5669944DDD7BCDE7B1F8E415D77AECB980613C2E4AC91FC167A2B244592486606FC29C8FD7F045B9A
310
EF7053A7E60B504B0304140006080800B670623BBC1638F5EC0000007C01000008000000636F72652E786D6C8D90416EC3201045AF82665B61836BE2D8C24471DB9CA01740401C94182C03558F5F9C3852BBEB6A467FFE9B197D7EF89E6EE8CB2CC17AD7032D0820E394D7D68D3DA478C67B4007C117EFE32F1B202727D3C3
310
2A83E0E3E2D3BC49CABB685CCCAAF3DA6CA20CC14440EA969B1E82BA98491632C5EC08D76296EA2A4753D06797E194AC468F2356E77DF66CCD02825543D50CACC62D39ED70FDC68EB8FD68F6F8787A6784342D1DDA1D2F5758F068A7E77DB518198D065111D2624A31A93E69DD11D6D5EC85EC3B4278B9DAFF4069D6FF8492
310
75F1B5DADE7D600104CD8FDC0782976B16B9DC83CA75CD4DFC00504B0304140006080800B670623B55019EA25F0000007C00000007000000636E782E786D6C4DCB3B0E80201045D1AD90E915ED2CF8AC45050C11660C8261F98AB1B07AC9C97D42D718D865D3E909258CFD00CCE24AC6E326A164D74DC0B4128928FF326038
310
472BA13128B1252AC747C6BAB984FC68F0B87FE8960A5C09FE86CFB69FBA01504B0304140006080800B670623B3586FFB671010000D40300000C0000006662782F636F72652E786D6CC553ED6E8320147D15C2DF4541A76D6D90A6DDD627D80B50A4CE54C120983EFEAE1F4DD7A55BBA5FF3879273EEE59E7310B6393735EA
310
95ED2AA3731C851423A5A5292A5DE6D8BB63B0C268C39935C67D29C3488B46E578803167A535BE9D2169B453DA01AA4DA16650749D7218C91A1639EEE4876A4428BC838AEE14B6429E44A9C228041AEA38EB9C0501681A32BC313F1ECE8C4C3867DE57C5CC56054CAB8E95B298A7F12E5EEED224C8E87E11242FE936C8DE96
310
AB60BB7F4D295D66D12E5B30323473E6AAE6A24E5A259C2A308F29CD82280A68FC1E256B9AAE93F489AED694323294DF34F9B678B0C957DA3DC7B3DCA9ADC33C022123F1CD2D44E450277AD04338234388F01913BE0D1A0281909D38D4171F27807A259DB1093085F157AA17B557309586747CD0CF0B46A64E983A6E0EAEEF
310
CE881F9EF1FB8E70D44297604238581EBC1B74B249C31C5AAB6CD0BB33D2C636A27ECCC62F0EFF445DC5DF95244D6DEC7F2922F30191F9F720C37DE49F504B0304140006080800B670623B4220A0FF7D0000009D0000000B0000006662782F636E782E786D6C4DCCD10A83201886E15B91FFDCE542CB0335D0EC3E6259C84A
310
C3E9D8E5AF46073BFAE0E1E315DD675BD1DBA5978F41C2FD4600B9F088930F8B849267CC01754AA418F3DF0D50183727E164506249B1EC174D6E1ECB9A0F5D7D785E68DB8151CD286E5A5363CA6B8A39E90D36D40E96B086F55A43A544F52B1D7B86D517504B0304140006080800B670623B2FA3FEDE290100001202000031
310
0000006662782F45374635344235342D363743322D343832342D383044432D4334454645303536354442422F636F72652E786D6C8D515B6EC32010BC0AE22B55850D2E386E848994D7097A0117488A1283C5A3CAF10BB523B57FF961D1ECCCECC0F2ED7DBC816FED8371B687A4C210682B9D32F6D2C314CFA883602BB8772E
310
FEA141608751F7B0C050F08B77695A20E96CD43666D43AA5177008414708E42D5F7A18E4971E876A483133C2B59A06791D2EBA22556E679EE021FA1C00CC43CA09C5717D6274C7286AD7FB06D1AEA1A8C3873DDAD3E3E98859CB0EBB1DAF67A1E02919B5C88DCA71CCD968FFAC49110B1ECDF8882FBD1EA256503418BF2342
310
106E3E08DD60B6A1EC15771B8C795DE8FF4469524F8A92B1F1AD59E2CEB20005E1F5DC105CB9F4797B84D1F7C9F908CABC55D0F2050A5C61CC1AD2F27A26E6E767C7962E8E213A9FBF7775FDCC5CC266DB960A5E970DE5F2BBBE5CCB36C50F504B0304140006080800B670623B1B8617914E01000033030000300000006662
310
782F45374635344235342D363743322D343832342D383044432D4334454645303536354442422F636E782E786D6CD593C16EC32010447F0571AD6CE3D489D20813A9877E410FBD62D82434182CC055F3F75D1292E692438FBD206B7698593D61BEFD1E2DF982108D773D6D6B460938E5B571FB9ECE6957AD29D90A1EBC4F77
310
364A9C1CA1A759A682EF839FA72269D8C9D92654AD71C72206887E0E0A22CAF926B15E498B01E0AA19451807D01A34B919F16B070157417138917400F2F6FA41FCF0092A45DEE414C19BDC21783E4BD39D891265658C3D8DEA00A3ACE59CBC8678ACB54CB26EEB6BD7839D7E9348BE70AD9C8321B9BCA7F9A4A26C542347DE
310
E050F09802D22BA6749A800A394DD62899107273365E3C82CFC6A55557BC06C10774B7ABE7AEC3B0F34CF06446280E154026D0542C187BA9DAB6628BF7B6DBB0E5A65B3EB1F58631DE64BBE083F7B65CC218087E22CABB042E51D1F2268F1FE12B3EA24D40D63E9CFE00120194D60B9D5BC67FE6D39CDF37E20AF817881F50
310
4B0304140006080800B670623B29652116630500003C100000340000006662782F45374635344235342D363743322D343832342D383044432D4334454645303536354442422F6F626A656374732E786D6CAD575D739B3814FD2B0CFB0C989834C90EA1639B24E3E9A6EDD4D3CE3E64C623834CD8006224913AFDF57B040203
310
B65BEF871F0C12D2FD3CF7E8CA7FBFCB33E3957291B2E2D674ED8969D02262715A24B76625B7D6B569BC0F7CCE98EC2D338D82E4F4D654D366E0279C55A59E8AE99654991CCDDECFFF3444440B6A1A514684B83545F44C7362934AB2988A173B2692D8C97667BB76B3702836E1A47C1E092D09A78584A5982F20C5688C7287
310
C389E904BEA3BE07BEFAD7ABA6A75739B53F43FD69212429A20365233153D70BEF2E2E6FAC4BCF9B5ADEBB0BD79ADFCF43CBBD9A4E16EF168B9BD9DD0D140BC921495BC2E9D60C1E101B9E46BED37CEA2CD6861F3329624541A3DA7F7858DBAC25C6B4A4458C3CA654405BCFEBC970E8AAD8F43E4FD558ABEC4F9FE7557F47
310
4F506B7BFBEC5BCA367FC105710E2AB8A00A554D7CB4A30DFE26FBA86D18CBF4B75418399194A72433B274C3097F33032C554B027F2046A1932B842B0FCCC0DDCBEBDB8AD2F835768F59B9ADB24C41D30C6A64AF817F2A456D59FA83F2E3DA60137255A585BCD60EC9B7929AC18DEFD49381AF1ED30BFDB109A4B1CD488294
310
C3CDE6EBC8D185AABD6568061FEE37BB95AAC7E3CA4BCE4ACAA5820FA0D526AE7DAA2869B5EE5999531BE0CC20E6FBA07C41E43FA27CF7A6206F3CDD793B4F6B919C1462CB788EDCD893FA674CDA17AB7B3B7C019F8D561FAEE966FED562DFE98C1D12C6A9FC015C2A35D7FF3D7FC398F591DA4B5FE0BFA2C0189FEA50AE22
310
92817A1ED3020951A03432862970F976B33383259812CC8E5D240BBA801CBCF8CE2BBEE3BF910DB6AAD5F79E05123AE2DB33981FB1ACCB02B69D00CB014FD68AB573A7627EF9BFD4CC2C5C7D58557C4B22FAA88925A4DBB44825CECE3D78FB060D1231F0E885BE7D673C86A3874958F593906B5502D1563157814FDAC3420D
310
F69A070A22EC4B98E23CFF171A1E5311D12C23056555ABA53B8614563B92D17D02AAB009E8F46284624E5F53D5490C560CCCC2591FF1B45421EB0EBD8EA7ED13BE7C5D7E0428CD60FEF60779EB13E6664FF711CB185F6FDED60D139A001FF60CD1FD6D086F1D51474901E26B2CB794A343BC8ED3EDB612E0DD2351FCB65CF4
310
33D511C9E14B5B40ADC6A6263DB0336A8F700DDF56271A024E70B0B3629DE21847591E55DED73D56206AB927E46FAABC5C939C55853C274C93D69FD6FA4E78BF8B11DF898C9ECD60553FAD39283BA6F18984AA23E8884F83F45C5F5F859797B31B2B9C84A1E5B9DE9D35BFF25C6B76152E422F9C5DCC3D847F5801ED09D5AF
310
41441327A25FF15487F9EB725FB666F048A4701E9A827292E6F97569A32DF61DEC01C0BB8DCBBCCC684E0B49147C1FD54BF685A0AB18C868E6973949E819523E3DAC463660E68C7D9F55A9D1EFA3BD7A76A16AE1A810F95CE59B82A4D968A376DC2E8B44BBDD86B27B368CDE0ED548C7137DA860591A83706223A12CA712B4
310
7306DBF39C0A20A6DF95C7FAF670C6EED7A61F946493D1D6926782963813403548A78AE470DEF80D2D9CEAA26E4D1C76F60BFE74219A06527D6B82DF641A51616F703CAAC6A7160E08A00BEB4810A0274592A1B36E3675E36E978A0DE80727A0D6DF2D39A75BD27E0D8837276589537B40ABB56D5A41F48F1C6FCD3188C4EB
310
A6929D2FFB89CE995A4D00AE813BDD032DC48B56BD437DFDDC2DD7AED70C2272D63DE9A72068A45A92F0A4BE17A8A06B9366E16707AD80B1FC649459952097E74BB23805982B55E0401150A165964402AA8BDF9F3E7386BB686EDCA780C0D382E5392BF460A6EFB2C6EA1937D3F809B440D5F5435C4C5CF7A9EEFAF54564BD
310
2182DA24162F98680B4E7930C21A0079709CEAEB99A372305ABE0C0D7D6078105A83F6A0296DAEE1068A47DD1C55A9F4C9B2FC69E3EFD44B81028E963DF81B504B0304140006080000B670623B000000000000000000000000350000006662782F45374635344235342D363743322D343832342D383044432D433445464530
310
3536354442422F76657274696365732E62696E504B0304140006080800B670623BF270F1330600000004000000360000006662782F45374635344235342D363743322D343832342D383044432D4334454645303536354442422F747269616E676C65732E62696E636660600000504B0304140006080000B670623B00000000
310
0000000000000000370000006662782F45374635344235342D363743322D343832342D383044432D4334454645303536354442422F617474726962757465732E62696E504B0304140006080800B670623B08DA0BD19000000041010000360000006662782F45374635344235342D363743322D343832342D383044432D4334
310
454645303536354442422F6469726563746F72792E786D6C858F410AC3201045AF22B36F53E9A60B35CBEEBAE80D244E44489C6234F4F835464A48035D0DF398FF9F8AF63D0E6CC63039F212F8F9020C7D47C6792B21C5FE7403D62A1188E2E60C98D7234A5830286103A55745067B9D86B8A3CF9C7F90C11DE607FB144396
310
D7B6A82D282E9A152AD114D5EF2CB866EEE831B8EEA07A7BB5A8D7D61A2BAAEB7FD5F70921FF497D00504B0304140006080800B670623B6378F24DFF000000A00100003B0000006662782F45374635344235342D363743322D343832342D383044432D4334454645303536354442422F7265736F75726365732F636F72652E
310
786D6C8D504B6E833010BD0A9A6D65B0094E42641C85B639412F6099496225D8C89FAAC7AF09546A77DDCC8CDE47F3F4C4F16B7C149FE88371B603565228D06A37187BED20C50BD9437194C23B177FC9A0B06AC40E6618A4B87A97A615D2CE46B431A3D60DB8822A048C50E8473E3A08FA86A32A558A5911EEE5A4F45D5DB1
310
6465A6B34E8A107D0E502C4FE609D26370C96B0CA25A58295232C3AA3143FE692E063D485EF7F5AEE71BD2D2F39634AFFC44DAF7DD9E9CCE6F9CD25DCBFA762BAAD92C4534E34F46ED51451C40D694B6843142EB0FD61C283F34FC85EE0F948A6A96FF31A569F8A729191B37F51A77B105902C0779125254735F793DCBCC7B
310
EE567E03504B010214000A0000080000B670623B3DEE336E79000000790000001B00000000000000000000000000000000006175746F6465736B2D64657369676E2D7061636B6167652E786D6C504B01021400140006080800B670623BD486FD9CA0000000F40000001300000000000000000000000000B20000005B436F6E
310
74656E745F54797065735D2E786D6C504B01021400140006080800B670623BBC1638F5EC0000007C010000080000000000000000000000000083010000636F72652E786D6C504B01021400140006080800B670623B55019EA25F0000007C000000070000000000000000000000000095020000636E782E786D6C504B010214
310
00140006080800B670623B3586FFB671010000D40300000C00000000000000000000000000190300006662782F636F72652E786D6C504B01021400140006080800B670623B4220A0FF7D0000009D0000000B00000000000000000000000000B40400006662782F636E782E786D6C504B01021400140006080800B670623B2F
310
A3FEDE290100001202000031000000000000000000000000005A0500006662782F45374635344235342D363743322D343832342D383044432D4334454645303536354442422F636F72652E786D6C504B01021400140006080800B670623B1B8617914E010000330300003000000000000000000000000000D2060000666278
310
2F45374635344235342D363743322D343832342D383044432D4334454645303536354442422F636E782E786D6C504B01021400140006080800B670623B29652116630500003C10000034000000000000000000000000006E0800006662782F45374635344235342D363743322D343832342D383044432D4334454645303536
310
354442422F6F626A656374732E786D6C504B01021400140006080000B670623B0000000000000000000000003500000000000000000000000000230E00006662782F45374635344235342D363743322D343832342D383044432D4334454645303536354442422F76657274696365732E62696E504B01021400140006080800
310
B670623BF270F13306000000040000003600000000000000000000000000760E00006662782F45374635344235342D363743322D343832342D383044432D4334454645303536354442422F747269616E676C65732E62696E504B01021400140006080000B670623B0000000000000000000000003700000000000000000000
310
000000D00E00006662782F45374635344235342D363743322D343832342D383044432D4334454645303536354442422F617474726962757465732E62696E504B01021400140006080800B670623B08DA0BD190000000410100003600000000000000000000000000250F00006662782F45374635344235342D363743322D34
310
3832342D383044432D4334454645303536354442422F6469726563746F72792E786D6C504B01021400140006080800B670623B6378F24DFF000000A00100003B00000000000000000000000000091000006662782F45374635344235342D363743322D343832342D383044432D4334454645303536354442422F7265736F75
310
726365732F636F72652E786D6C504B0506000000000E000E0080040000611100000000
  0
XRECORD
  5
112
102
{ACAD_REACTORS
330
110
102
}
330
110
100
AcDbXrecord
280
     1
270
     1
271
     1
  0
XRECORD
  5
111
102
{ACAD_REACTORS
330
110
102
}
330
110
100
AcDbXrecord
280
     1
270
     1
271
     1
  0
XRECORD
  5
18A
102
{ACAD_REACTORS
330
110
102
}
330
110
100
AcDbXrecord
280
     1
 70
     0
 90
1778669749
  1
9BF507EE-FAF7-4A99-A33D-4EE51894BC40
310
504B03040A0000080000B670623B3DEE336E79000000790000001B0000006175746F6465736B2D64657369676E2D7061636B6167652E786D6C3C3F786D6C2076657273696F6E3D22312E302220656E636F64696E673D227574662D3822203F3E3C666F726D6174733E3C666F726D61743E687474703A2F2F736368656D612E
310
6175746F6465736B2E636F6D2F64657369676E2D7061636B6167652F323030393C2F666F726D61743E3C2F666F726D6174733E504B0304140006080800B670623BD486FD9CA0000000F4000000130000005B436F6E74656E745F54797065735D2E786D6C7D8EC10E82300C865F65E91D8A1E8C310C0EEA1BF002731658846E
310
D98AC1B77784ABF1D8FE5FBFBF75BBCE937A534CCEB38643598122B6FEE978D0B0485F9C41B54DDD7D022595594E1A469170414C76A4D9A4D207E29CF43ECE46F218070CC6BECC4078ACAA135ACF422C856C0E68EA1BF5669944DDD7BCDE7B1F8E415D77AECB980613C2E4AC91FC167A2B244592486606FC29C8FD7F045B9A
310
EF7053A7E60B504B0304140006080800B670623BCA089DFFEC0000007C01000008000000636F72652E786D6C8D90416E83301045AF62CDB632D8402020E32882F604BD80653BC44AB011B6AB1EBF262152BBEB6A467FFE9B197D76FA9EEFE84BAFDE38DB03CD08206DA553C64E3DC470C1474027CE56E7C22F1B202B66DDC3
310
260367D3EAE2B24BD2D9A06D48AA754AEFA2F05E0740F29E9A1EBCBCEA59642286E4F0B76C11F226269DD15797E0188D42CF2346A57DE662F40ABCAEC77628C6120F654571D50C04B7F5B9C1E3997CD4F550BE3745C3F20DE62C98F9755FAE5A04AD801784B498524C8A4F5A75E4D055873772EC0861F966FF03C545FD138A
310
C686B2D8DF7D621E384D8F3C069CE55B16A93C824A75CB8DFF00504B0304140006080800B670623B55019EA25F0000007C00000007000000636E782E786D6C4DCB3B0E80201045D1AD90E915ED2CF8AC45050C11660C8261F98AB1B07AC9C97D42D718D865D3E909258CFD00CCE24AC6E326A164D74DC0B4128928FF326038
310
472BA13128B1252AC747C6BAB984FC68F0B87FE8960A5C09FE86CFB69FBA01504B0304140006080800B670623B68FC0B7272010000D40300000C0000006662782F636F72652E786D6CC5535B6E833010BC8AE5DF0A6C1E8124328E22D29EA01770C0A128602363A31CBFCB234A53A555FA553EC09AD9F5CE8C31DB5DDA060D
310
D2F4B556190E7C8A9154852E6B5565D8D993B7C668C799D1DA7E29C3488956667884316795D1AE5BA0422B2B950554E9522EA0E87B69312A1A5864B82F3E642B7CE12C54F467BF13C55954D20F7CA0A18EB3DE1A1080E621E31BF3D3F1C2C88C73E65C5D2E6C5DC2B4FA544B8379921C36797888BC3C8A032F4E73EA6D927D
310
EA1DF6F42D49F2E8350D5346C666CE6CDD5ED515460A2B4BCC434A375E1078347C0FE22D5D6DE3D50B5D6F2965642CBF6B725DF96493AB958DC245EEDCD6631E809089F8E61622B2A81703E8219C913144F84C09DF070D8140C8561C9BAB8F3340832CAC363130A576376A108D933095FA747AD0CF0B46E64E983A6D0EAE1F
310
CE089F9EF1FB8E70D44255604258581E9D1D75B259C3125A278D37D80B52DAB4A279CEC62F0EFF44DDC43F9454E8469BFF5244960322CBEF41C6FBC83F01504B0304140006080800B670623B0F71DDB67E0000009D0000000B0000006662782F636E782E786D6C4DCCD10A83201886E15B91FFDCA54DB73F502386BB8F5816
310
32D3703976F9ABD1C18E3E78F87855FB990379BBFCF2296AE02706C4C5471A7C9C349475A408A4352AA7B4FEDD80C47E761A7606A3A69CCA72D0E0C6BE8475D3E0E3F3409428EA6B27A84079A782899AA2EC1A7AE3ECCC2FD858CB2D544655BFD2B67BD87C01504B0304140006080800B670623BE134B4FB28010000120200
310
00310000006662782F38353834323741342D343835462D343034322D383541392D4331303331363839454531452F636F72652E786D6C8D515B6EC32010BC0AE22B55850D0EA424C24451959EA0172086A42831583CAA1CBF503B52FB971F16CDCECC0EACD8DFC71BF836215AEF7A481A0C817183D7D65D7A98D3197108F652
310
04EFD31F1A044E8DA6871586525C82CFD3020DDE25E352419DD76601558C264130DCCAA58771F832A36A544E8511AFCDA486ABBA988634A55D7852C4144A00300FA927949C71DABD1D28A29C7D208A6987383B6CD13BC16BB2E1DBE3911C453B0BA5C8D9EA456E758963CFD684674DAA588A64C747FC2118958C86B2C3788B
310
0841B8FB247487D98EB257CC77188BB6D2FF89F2A49F1465EBD2BA5BE2CEB2082511EDDC9042FB7CBA3DC298FBE4430275DE2A9AE1054ADC60CC08E3A29D89E5F9C5714317C7987C28DFBBBA9E0A97B0D97643A568EB864AF95D5FA9759BF207504B0304140006080800B670623B1B8617914E010000330300003000000066
310
62782F38353834323741342D343835462D343034322D383541392D4331303331363839454531452F636E782E786D6CD593C16EC32010447F0571AD6CE3D489D20813A9877E410FBD62D82434182CC055F3F75D1292E692438FBD206B7698593D61BEFD1E2DF982108D773D6D6B460938E5B571FB9ECE6957AD29D90A1EBC4F
310
77364A9C1CA1A759A682EF839FA72269D8C9D92654AD71C72206887E0E0A22CAF926B15E498B01E0AA19451807D01A34B919F16B070157417138917400F2F6FA41FCF0092A45DEE414C19BDC21783E4BD39D891265658C3D8DEA00A3ACE59CBC8678ACB54CB26EEB6BD7839D7E9348BE70AD9C8321B9BCA7F9A4A26C542347
310
DEE050F09802D22BA6749A800A394DD62899107273365E3C82CFC6A55557BC06C10774B7ABE7AEC3B0F34CF06446280E154026D0542C187BA9DAB6628BF7B6DBB0E5A65B3EB1F58631DE64BBE083F7B65CC218087E22CABB042E51D1F2268F1FE12B3EA24D40D63E9CFE00120194D60B9D5BC67FE6D39CDF37E20AF817881F
310
504B0304140006080800B670623B5933D422630500003B100000340000006662782F38353834323741342D343835462D343034322D383541392D4331303331363839454531452F6F626A656374732E786D6CAD575B6FA33814FE2B887D0642934E9B156594264D158D3A534DD4D13E548A0C38942D60649B4EBABF7E3F8321
310
40924EF6928780CDF1B97EE762EFF32E4B8D37CA45C2F21BD3B547A641F39045491EDF98A5DC5AD7A6F1D9F73863B243661A39C9E88DA9B64DDF8B392B0BBD15D12D295339D85DDEFE618890E6D434C2940871638AF08566C426A5641115AF764424B1E3EDCE76ED9AB0CF36E6A47819302D08A7B984A6D8CFC1C5A89572FB
310
CB91E9F89EA3BEFB9EFAD754E3D3544E654F5F7E920B49F2F040D880CDD89D2CEE2E2EA7D6E56432B6269F2E5CEB7679BBB0DCABF168FE693E9FCEEEA6102C240727AD09A75BD3BF876F78127A4EFDA9D5582B7E4CA590E5390D2BFB6161A5B3E618D182E611E2985001691DAB47FDA5AB7CD3F93C566B2DB2BB7D9E55DD13
310
1D468DEECDB3AB290BFE8409E21C54704115AA6AFF68436BFC8DF65E0B184BF5B74418199194272435D224E084BF9B3E481589EFF5D828747285706581E9BB7B7E5D5D911ABFC6EE312DB7659A2A689A7E85EC0DF04FA5A8344BFEA2FCB834E8845895492EAFB541F2BDA0A63FF59C6AD3F7D4637CA13FD68E34B629891172
310
98597F1D183A57B9B75A98FE9765B05BAB7C3C2EBCE0ACA05C2AF8005A4DE09AA7F29216EB9E15397500C6F47CBE77CA7778FE2BD277AF0AE2C693DD6437D1522427B9D8329E2136F6A8FA19A3E6C56ADF0E5F50CF06D48734EDCEBF22F69C56D97EC138153F804B85E6FABFC7AFEFB32E523BE1F3BD372418E363EDCA7548
310
52949E8724474014288D94610BB57C1BEC4C7F854A89CA8E5324F55B871CBC78CE1BBEE3BFE68D6A5589EF3C730474506FCFA8FCF0659516D0ED04580EEA6425581B77CAE797FF4BCECC16EB2FEB926F49481F746159D06D922712BD730FDEAE42BD40F42C7AA5EF3F198F60E86110D6DD20645A9480B795CF95E3E3A659A8
310
C55E724F408873315335CFFB8584874484344D494E59D94869DB90C26A5B64F49C802CAC1D3ABE18A098D3B7444D123D8A9E5AE8F5214F0AE5B2B6E9B575DA3E61CBD3EA2B4009FA940524DD1305FB6A1FB294F14DF0BEA90BA109ECE1481FDC3FFAE8D60E75141700BE82725371B4873751B2DD960265F788137FACE6DD40
310
B575E4F0A5C99F46629D92131467A41EE11ABD8D4CCC039CA0AFB37C93A08B232B8F0AEFCA1E0A1015DF13FC83322B362463652ECF71D3A8B1A7D1BE65DE1D62C44F22C317D35F574FEB16153BA2D13E543D10A80E74C4A65E78A6B7CBCBD1D5DD9DB59C2DAFACC96C3AB566E3F1C29ADCDD5DBAD7D3C9ED7C822ED74F80A6
310
41755310DE4443F44A9E68373FADF6596BFA0F440AE7BECE2727AE9F4F2B1B53B1E7E00CF0DD1E5C65454A339A4BA2D0FBA05ED2EF0443458F47BDBFCA484CCFE0F2ED7E3DD0013B679C7B5499467F0ECEEADDB9CA85A34CE44B99053949D2C1416DB85DE4B136BB7165FBAC0B7AB3542BED4F8CA182A549847A1319316519
310
95A83A67147B9E5101C47487F2485F1ECE38FD568F839204296D3479219888530154036E6528FBFBC66F98E0D4107563A2D7D9AFF8D389681A08F58D89F22693900A3B407754734FC51C10C010D6D640809EE4718AC1BA3ED4AEDB53CA37283F68805A7E4B72CEB0A4EDEAD5DD8C14059A76AFAA56BA6901E13F32BC51C720
310
12AF41295B5BF61BAD3195181FB506E6B40F4C10AF5AF40EF9F5B159AE5DD1F43C72D635E94310D45C2D49785C5D0B94D3B54AB3C5A38349C0587D338AB48C11CBF339599C02CCA54A70A008A8D03C0B2201D5F9EFCF8F9CE12A9A19CB0410789EB32C63B95ECCF455D658BFE0621A3DA32C5075FB101723D77DAE867E7D0F
310
D90444509B44E2151B4DC2290B065803200FBAA9BE9D392A0603F2D5C2D00D6302A615680F66D2FA166E2079D4C551A54AB758161FCEFD4E450A14704CECFEDF504B0304140006080000B670623B000000000000000000000000350000006662782F38353834323741342D343835462D343034322D383541392D4331303331
310
363839454531452F76657274696365732E62696E504B0304140006080800B670623BF270F1330600000004000000360000006662782F38353834323741342D343835462D343034322D383541392D4331303331363839454531452F747269616E676C65732E62696E636660600000504B0304140006080000B670623B000000
310
000000000000000000370000006662782F38353834323741342D343835462D343034322D383541392D4331303331363839454531452F617474726962757465732E62696E504B0304140006080800B670623B08DA0BD19000000041010000360000006662782F38353834323741342D343835462D343034322D383541392D43
310
31303331363839454531452F6469726563746F72792E786D6C858F410AC3201045AF22B36F53E9A60B35CBEEBAE80D244E44489C6234F4F835464A48035D0DF398FF9F8AF63D0E6CC63039F212F8F9020C7D47C6792B21C5FE7403D62A1188E2E60C98D7234A5830286103A55745067B9D86B8A3CF9C7F90C11DE607FB1443
310
96D7B6A82D282E9A152AD114D5EF2CB866EEE831B8EEA07A7BB5A8D7D61A2BAAEB7FD5F70921FF497D00504B0304140006080800B670623BD9A3B367FE000000A00100003B0000006662782F38353834323741342D343835462D343034322D383541392D4331303331363839454531452F7265736F75726365732F636F7265
310
2E786D6C8D504B6E833010BD0A9A6D65B01D0201194711694FD00B586642AD043BF2A7EAF16B122AB5BB6E6646EFA3797AE2F8B5DC8A4FF4C1383B002B291468B59B8C9D0748F1420E501CA5F0CEC55F3228AC5A708015062966EFD27D83B4B3116DCCA875136EA00A012314FA968F0182FEC045952AC5AC08D7F2AEF455CD
310
58B232D3592745883E07289E4FD609D26370C96B0CA27AB252A464A64D63A6FCD35C0C7A904D73EE467EE664DCD58CD4ED4849D79C5A723ED1B7A61977AF2D6F45B59AA58866F9C9A83DAA8813484E6947182394BFB3BAA7FBBEDEBFD0434FA9A856F91F53BA4FFF342563E38E6F719FB60092E5200F428A6AED2BAF479979
310
AFDDCA6F504B010214000A0000080000B670623B3DEE336E79000000790000001B00000000000000000000000000000000006175746F6465736B2D64657369676E2D7061636B6167652E786D6C504B01021400140006080800B670623BD486FD9CA0000000F40000001300000000000000000000000000B20000005B436F6E
310
74656E745F54797065735D2E786D6C504B01021400140006080800B670623BCA089DFFEC0000007C010000080000000000000000000000000083010000636F72652E786D6C504B01021400140006080800B670623B55019EA25F0000007C000000070000000000000000000000000095020000636E782E786D6C504B010214
310
00140006080800B670623B68FC0B7272010000D40300000C00000000000000000000000000190300006662782F636F72652E786D6C504B01021400140006080800B670623B0F71DDB67E0000009D0000000B00000000000000000000000000B50400006662782F636E782E786D6C504B01021400140006080800B670623BE1
310
34B4FB280100001202000031000000000000000000000000005C0500006662782F38353834323741342D343835462D343034322D383541392D4331303331363839454531452F636F72652E786D6C504B01021400140006080800B670623B1B8617914E010000330300003000000000000000000000000000D3060000666278
310
2F38353834323741342D343835462D343034322D383541392D4331303331363839454531452F636E782E786D6C504B01021400140006080800B670623B5933D422630500003B10000034000000000000000000000000006F0800006662782F38353834323741342D343835462D343034322D383541392D4331303331363839
310
454531452F6F626A656374732E786D6C504B01021400140006080000B670623B0000000000000000000000003500000000000000000000000000240E00006662782F38353834323741342D343835462D343034322D383541392D4331303331363839454531452F76657274696365732E62696E504B01021400140006080800
310
B670623BF270F13306000000040000003600000000000000000000000000770E00006662782F38353834323741342D343835462D343034322D383541392D4331303331363839454531452F747269616E676C65732E62696E504B01021400140006080000B670623B0000000000000000000000003700000000000000000000
310
000000D10E00006662782F38353834323741342D343835462D343034322D383541392D4331303331363839454531452F617474726962757465732E62696E504B01021400140006080800B670623B08DA0BD190000000410100003600000000000000000000000000260F00006662782F38353834323741342D343835462D34
310
3034322D383541392D4331303331363839454531452F6469726563746F72792E786D6C504B01021400140006080800B670623BD9A3B367FE000000A00100003B000000000000000000000000000A1000006662782F38353834323741342D343835462D343034322D383541392D4331303331363839454531452F7265736F75
310
726365732F636F72652E786D6C504B0506000000000E000E0080040000611100000000
  0
XRECORD
  5
113
102
{ACAD_REACTORS
330
110
102
}
330
110
100
AcDbXrecord
280
     1
270
     1
271
     1
  0
XRECORD
  5
114
102
{ACAD_REACTORS
330
110
102
}
330
110
100
AcDbXrecord
280
     1
270
     1
271
     1
  0
CELLSTYLEMAP
  5
44D
102
{ACAD_REACTORS
330
104
102
}
330
104
100
AcDbCellStyleMap
 90
        3
300
CELLSTYLE
  1
TABLEFORMAT_BEGIN
 90
        5
170
     1
 91
        0
 92
    32768
 62
   257
 93
        1
300
CONTENTFORMAT
  1
CONTENTFORMAT_BEGIN
 90
        0
 91
        0
 92
      512
 93
        0
300

 40
0.0
140
1.0
 94
        5
 62
     0
340
11
144
0.25
309
CONTENTFORMAT_END
171
     1
301
MARGIN
  1
CELLMARGIN_BEGIN
 40
0.06
 40
0.06
 40
0.06
 40
0.06
 40
0.18
 40
0.18
309
CELLMARGIN_END
 94
        6
 95
        1
302
GRIDFORMAT
  1
GRIDFORMAT_BEGIN
 90
        0
 91
        1
 62
     0
 92
       -2
340
0
 93
        0
 40
0.045
309
GRIDFORMAT_END
 95
        2
302
GRIDFORMAT
  1
GRIDFORMAT_BEGIN
 90
        0
 91
        1
 62
     0
 92
       -2
340
0
 93
        0
 40
0.045
309
GRIDFORMAT_END
 95
        4
302
GRIDFORMAT
  1
GRIDFORMAT_BEGIN
 90
        0
 91
        1
 62
     0
 92
       -2
340
0
 93
        0
 40
0.045
309
GRIDFORMAT_END
 95
        8
302
GRIDFORMAT
  1
GRIDFORMAT_BEGIN
 90
        0
 91
        1
 62
     0
 92
       -2
340
0
 93
        0
 40
0.045
309
GRIDFORMAT_END
 95
       16
302
GRIDFORMAT
  1
GRIDFORMAT_BEGIN
 90
        0
 91
        1
 62
     0
 92
       -2
340
0
 93
        0
 40
0.045
309
GRIDFORMAT_END
 95
       32
302
GRIDFORMAT
  1
GRIDFORMAT_BEGIN
 90
        0
 91
        1
 62
     0
 92
       -2
340
0
 93
        0
 40
0.045
309
GRIDFORMAT_END
309
TABLEFORMAT_END
  1
CELLSTYLE_BEGIN
 90
        1
 91
        1
300
_TITLE
309
CELLSTYLE_END
300
CELLSTYLE
  1
TABLEFORMAT_BEGIN
 90
        5
170
     1
 91
        0
 92
        0
 62
   257
 93
        1
300
CONTENTFORMAT
  1
CONTENTFORMAT_BEGIN
 90
        0
 91
        0
 92
      512
 93
        0
300

 40
0.0
140
1.0
 94
        5
 62
     0
340
11
144
0.18
309
CONTENTFORMAT_END
171
     1
301
MARGIN
  1
CELLMARGIN_BEGIN
 40
0.06
 40
0.06
 40
0.06
 40
0.06
 40
0.18
 40
0.18
309
CELLMARGIN_END
 94
        6
 95
        1
302
GRIDFORMAT
  1
GRIDFORMAT_BEGIN
 90
        0
 91
        1
 62
     0
 92
       -2
340
0
 93
        0
 40
0.045
309
GRIDFORMAT_END
 95
        2
302
GRIDFORMAT
  1
GRIDFORMAT_BEGIN
 90
        0
 91
        1
 62
     0
 92
       -2
340
0
 93
        0
 40
0.045
309
GRIDFORMAT_END
 95
        4
302
GRIDFORMAT
  1
GRIDFORMAT_BEGIN
 90
        0
 91
        1
 62
     0
 92
       -2
340
0
 93
        0
 40
0.045
309
GRIDFORMAT_END
 95
        8
302
GRIDFORMAT
  1
GRIDFORMAT_BEGIN
 90
        0
 91
        1
 62
     0
 92
       -2
340
0
 93
        0
 40
0.045
309
GRIDFORMAT_END
 95
       16
302
GRIDFORMAT
  1
GRIDFORMAT_BEGIN
 90
        0
 91
        1
 62
     0
 92
       -2
340
0
 93
        0
 40
0.045
309
GRIDFORMAT_END
 95
       32
302
GRIDFORMAT
  1
GRIDFORMAT_BEGIN
 90
        0
 91
        1
 62
     0
 92
       -2
340
0
 93
        0
 40
0.045
309
GRIDFORMAT_END
309
TABLEFORMAT_END
  1
CELLSTYLE_BEGIN
 90
        2
 91
        1
300
_HEADER
309
CELLSTYLE_END
300
CELLSTYLE
  1
TABLEFORMAT_BEGIN
 90
        5
170
     1
 91
        0
 92
        0
 62
   257
 93
        1
300
CONTENTFORMAT
  1
CONTENTFORMAT_BEGIN
 90
        0
 91
        0
 92
      512
 93
        0
300

 40
0.0
140
1.0
 94
        2
 62
     0
340
11
144
0.18
309
CONTENTFORMAT_END
171
     1
301
MARGIN
  1
CELLMARGIN_BEGIN
 40
0.06
 40
0.06
 40
0.06
 40
0.06
 40
0.18
 40
0.18
309
CELLMARGIN_END
 94
        6
 95
        1
302
GRIDFORMAT
  1
GRIDFORMAT_BEGIN
 90
        0
 91
        1
 62
     0
 92
       -2
340
0
 93
        0
 40
0.045
309
GRIDFORMAT_END
 95
        2
302
GRIDFORMAT
  1
GRIDFORMAT_BEGIN
 90
        0
 91
        1
 62
     0
 92
       -2
340
0
 93
        0
 40
0.045
309
GRIDFORMAT_END
 95
        4
302
GRIDFORMAT
  1
GRIDFORMAT_BEGIN
 90
        0
 91
        1
 62
     0
 92
       -2
340
0
 93
        0
 40
0.045
309
GRIDFORMAT_END
 95
        8
302
GRIDFORMAT
  1
GRIDFORMAT_BEGIN
 90
        0
 91
        1
 62
     0
 92
       -2
340
0
 93
        0
 40
0.045
309
GRIDFORMAT_END
 95
       16
302
GRIDFORMAT
  1
GRIDFORMAT_BEGIN
 90
        0
 91
        1
 62
     0
 92
       -2
340
0
 93
        0
 40
0.045
309
GRIDFORMAT_END
 95
       32
302
GRIDFORMAT
  1
GRIDFORMAT_BEGIN
 90
        0
 91
        1
 62
     0
 92
       -2
340
0
 93
        0
 40
0.045
309
GRIDFORMAT_END
309
TABLEFORMAT_END
  1
CELLSTYLE_BEGIN
 90
        3
 91
        2
300
_DATA
309
CELLSTYLE_END
  0
ENDSEC
  0
SECTION
  2
ACDSDATA
 70
     2
 71
     8
  0
ACDSSCHEMA
 90
        0
  1
AcDb_Thumbnail_Schema
  2
AcDbDs::ID
280
    10
 91
        8
  2
Thumbnail_Data
280
    15
 91
        0
101
ACDSRECORD
 95
        0
 90
        1
  2
AcDbDs::TreatedAsObjectData
280
     1
291
     1
101
ACDSRECORD
 95
        0
 90
        2
  2
AcDbDs::Legacy
280
     1
291
     1
101
ACDSRECORD
  1
AcDbDs::ID
 90
        3
  2
AcDs:Indexable
280
     1
291
     1
101
ACDSRECORD
  1
AcDbDs::ID
 90
        4
  2
AcDbDs::HandleAttribute
280
     7
282
     1
  0
ACDSSCHEMA
 90
        1
  1
AcDbDs::TreatedAsObjectDataSchema
  2
AcDbDs::TreatedAsObjectData
280
     1
 91
        0
  0
ACDSSCHEMA
 90
        2
  1
AcDbDs::LegacySchema
  2
AcDbDs::Legacy
280
     1
 91
        0
  0
ACDSSCHEMA
 90
        3
  1
AcDbDs::IndexedPropertySchema
  2
AcDs:Indexable
280
     1
 91
        0
  0
ACDSSCHEMA
 90
        4
  1
AcDbDs::HandleAttributeSchema
  2
AcDbDs::HandleAttribute
280
     7
 91
        1
284
     1
  0
ACDSRECORD
 90
        0
  2
AcDbDs::ID
280
    10
320
22
  2
Thumbnail_Data
280
    15
 94
    11415
310
89504E470D0A1A0A0000000D49484452000001000000006C0803000000B2ED9CC100000300504C5445212830FFFFFF2128300000000000000000000000000000000000000000000000000000330000660000990000CC0000FF0033000033330033660033990033CC0033FF0066000066330066660066990066CC0066FF0099
310
000099330099660099990099CC0099FF00CC0000CC3300CC6600CC9900CCCC00CCFF00FF0000FF3300FF6600FF9900FFCC00FFFF3300003300333300663300993300CC3300FF3333003333333333663333993333CC3333FF3366003366333366663366993366CC3366FF3399003399333399663399993399CC3399FF33CC00
310
33CC3333CC6633CC9933CCCC33CCFF33FF0033FF3333FF6633FF9933FFCC33FFFF6600006600336600666600996600CC6600FF6633006633336633666633996633CC6633FF6666006666336666666666996666CC6666FF6699006699336699666699996699CC6699FF66CC0066CC3366CC6666CC9966CCCC66CCFF66FF0066
310
FF3366FF6666FF9966FFCC66FFFF9900009900339900669900999900CC9900FF9933009933339933669933999933CC9933FF9966009966339966669966999966CC9966FF9999009999339999669999999999CC9999FF99CC0099CC3399CC6699CC9999CCCC99CCFF99FF0099FF3399FF6699FF9999FFCC99FFFFCC0000CC00
310
33CC0066CC0099CC00CCCC00FFCC3300CC3333CC3366CC3399CC33CCCC33FFCC6600CC6633CC6666CC6699CC66CCCC66FFCC9900CC9933CC9966CC9999CC99CCCC99FFCCCC00CCCC33CCCC66CCCC99CCCCCCCCCCFFCCFF00CCFF33CCFF66CCFF99CCFFCCCCFFFFFF0000FF0033FF0066FF0099FF00CCFF00FFFF3300FF3333
310
FF3366FF3399FF33CCFF33FFFF6600FF6633FF6666FF6699FF66CCFF66FFFF9900FF9933FF9966FF9999FF99CCFF99FFFFCC00FFCC33FFCC66FFCC99FFCCCCFFCCFFFFFF00FFFF33FFFF66FFFF99FFFFCCFFFFFF0000000D0D0D1A1A1A2828283535354343435050505D5D5D6B6B6B787878868686939393A1A1A1AEAEAEBB
310
BBBBC9C9C9D6D6D6E4E4E4F1F1F1FFFFFF0000000000000000000000000000000000000000000000000000000000002E4550F1000020004944415478DA955D3B76E34A92E51246D62C012BA01CC2EA5DBC721A3046D9CE9CA33D4CD199A453DAC83CABDAE36A5A04903F50EF9CF6276E44E40794BA1F8A2591528922919111
310
376E7C327438E0F6CF506ED3E1382F2E7CBE457CD0BF7AB3F8B0F8D8DE92DCF1BF7F7FB3F8687F152F1837B790FFE1E3D3CD044FF7F469BCC723FDA3AFE81E0F6EBE1D0EB2947F1EFEFDED9FFCDB59003D09C0D36BF31BF0DA4D5D3E7D185D7D5DFE2719D82A03FB590EFA3FF86111565EBFBE342F9DDF8A1FF0D67AC71785
310
072F775873E0E563D18657CF52F0433F91000C7EFEA70228EBCF1A60BED87ED368803574BDE6ABA5CBF2F66980CA02BF76898D0AF02BD37D2C3290376FD4802F70E4AF44047808A3A8C02822986F4FEF8E35648F061401DCE645BEF5A6BC17C42F9B1F64F551971E93A10F5A3604122FD84ABAB745085FCA40F6DF5EB206E0
310
212691A8E880E5D55B11B72946205722AB1F43FBC528CA1044FBF1307AD74FC727C7BABC4700BADAE3D3D40F632BE758ED5F2FA8EC125DB2AC80F62FDBF245EF52C1818B08E152EE9AEDB7FC63F925D10093B279E9FEC7BCFFB1810115035B7F7E18451B580D580396E9F03E985D18505FF6769816D500F3887FA2057C45D0
310
D8581030CA03AB81A220EF70E2CF76CDEB460EF662AB16A8002A10B209D8F2B6B2FD768CAD7D1A9F8140A180BF160C18E7E9F034F87D02C836E00FC769810694373167A3F7F4CE673649CB2208B63105BAFDADAC256D8020D5FD5FF5B3EA407E562B058616A350488FC662E5E7C8EFAF5A60CA158E59094620B76715781111
310
90091C16B6921D26104715C0E17971BE2E3F2C721B068246E7DC421FC6BB11583B42DDE8DE04FCF37469862FBD0A20AF73D5E5AF450697060DC416E225EB80EA16A959B46713CF8D2B101C1863B374DE7E45429602DF430464024F73F81513A0972627E00611ADC8DAF5F3FC3CD3DD3C8F0B7996617EF6C3D2FBB99FC85D90
310
3896815CAEA72F831B5C1C0617EC23FC5D92AE5D657069D050977F2114545C21AD827A55B821ADA3BD8F1070764715093C8B425980A94460A4CB996E1080F905019006BCF7CE35001059A658224978E0975EF03CE7F07F81FD0F2B02E3A81B4924A355E3B79762F9F9F3B2A6FC2FF3017883E20C68B9176158856B19F106D9
310
1319B9AA8C04E200076F64DF0D5F955282A53F1C66F36B18E0C80B3A57FC5F0CA6E27FF602CA91A2E2A0D2A12897CFEB10E3D62DCED6FF866597D58B00C443D80D1F54862554A00001DE4FFD1114C0344A3A9062BA65A02D81810E7DB600BFCC24809D1AC06645CF5C0ED33C3AB5B0FC8695043336D94890211719E2960127
310
FBAF9CBF2A7F1644EB115B20A8CEC03206D03B9E1B42AC40C057A4320866795E86657E1E16FFDC2F78C86EA09FC9A98FBF8401108098807AC233D32FB861136B20603AB9D16594C5830A94953FB8BE35E5E5AF590A76E30E0CD3C18B300A3081C619B2371CD521D1E58C563C413183617976FD3752829ED4E0795946C581D1
310
2DC7C3D1EFC6002302B801CE78FD1C01982A7DB1451BB074760CF8C237B4C736E86F2F9BDDBFE8E22F2A033181B7075264938416976C0B17A3BCA328BDD2E14208F17F831F8148E330008F1D2F1F7038F4B7A7C9434C7B35600C33F1A09143019FA977E13F70FDD0C96E608B5BE000BA2116DDE7555C6C31ED4A028BE5DB07
310
D5101F21026BB840893514050864E92DE9EDE07182A9B121D30137300AD0E58CF4947E94788844807070DACD048507CCA4011E2670D64090647D96384C191069009C1FD48D10A77326077C4CEE5BF5B7CCDDA2E165AFE96D4D800C5DB80D4174C414AB372596167FA0FF0B01F4CB3C2F0B7DF4A4791E175409215889F3FCE1
310
F0A5135FC842FB550D08A17F9F7A5FA2A0730900CDD90A1A5F0209601CAE571680EB1CAFC96ED43F1BB62025FF9FDA3F7347A57B410C21E8A2E97DD223278C428962A03D7E263A229C6C54D3CC6E0097AB8C48A2E12028401486423B8F5DDC2F80E9309196B1CD41CF628E043220650D18DC2BFB9D6E8C12CD26DE2BDACF2A
310
806033561202E07105D7E18BA77B1B445F4201D428284840706120501C84B321F59FA6799AA002F3A0F989734D59D4A0A884C610011202FC847D02302A80D1571353FF9BC3325C5311C03838DF7DBA59B57BFE06B6A8CFF15F3C97961D4CE7CA93CAF673E01D321B88C4C78779EA27E6A3BD6BD9A0A99921D68020C1A0A405
310
96E9E9C67BB95F0308359CE01FEFFBA8C9A89C06C105E996BDCA03D830C96318C831D017CD2A07A1873E64BF1C149D3A242C985BCAB3FD28FFEFBB20266222407D80AEB3E78F246A5AFB6999FB85EE5C0E8C638D87B2E38639C084477EB305260033DE2300D17612C0E88B8B5107C85C846E7F63A2471A40DADFBD5230405B
310
0275F01400900006FE7F7CEFF105F3E69025A08FF8D7C90F64CDCEAB58480AA20BB0ACC183D2CD1A85F1C3426FB6400116C7C8545440A2555CF418428E87E5814DE0178810D10D12002E5603AE2830983341AC0369ECE8924800AFAF27EC1F968FBDEFFA81FD222B042DA35B7019B82659A06E4A8006B03C4611002F1AEA40
310
92714125C051D689B4FEC8529EC8F2A7D3349FE85FCF1AC0B46C9B1AF026678664F5F47E8E82013FD2E5EFA0C2FA2A881E7C4E839873889B4C30E3B2EFE00349E35F67BAA3155CAFA401AF3086E175E9C8419040440092ABA46B195CD97F3F7622920128DA0D2C01A702A0FF5D604AC3084F0BCF270A300FCFF3699A2092BF
310
CEA2019910CAFEC31FF8909362E204BC1948033C2C658706B022457F3BCC353D5673D2929E91988734C0D1F6BFF610C0900D9E0440EB7E1DBBD79131924CC0F9A2DF2EAB01749F35C0F34F61284CE21C2404AB597A701AFCEE3C0BBED077C0C00518489AB0F42E140755728235513CD6D410BDC6E169AF1B1493F287E32251
310
10FE2347DFEC0724D4A377A08BA66D210C20010005912BC898F85AC0F1976FB4F86E19FDCC580A8E41CBD5E5B300D8030003E74542938C02719B1D349A11612B982916C0D3FE5400B144C387A54D863306932F283E30C2075CAF58EB9FDCC86B136D238B0579E3CF41BE60689B27DC6151FC7F53CF42989962EABED362F36F
310
12F411009EFABFF22B2E612C29D2684A7E389300F13AF2393F1DD867ECD000B127474CD8141A948D40589064694642806FCBF32B34A0BFD2AD6E7ADDFB4611B00AB25B5AEC4957431218DC3CF1EA4F8076DA5502B87E3A75B0F8192E65A4FD9F6E803CC2BE09CFBB9DA6D30D5F0DB7C939A642637C28118C415540F0166EE0
310
FD304057767901AC1702B01A6A00649908880504490604DA7FF27924005EFDD3F595BE819576CB2B07077059AF1D81E2F1789C160800344E7CE40BDDBFE807852D2C1BE844AFD29A494B4EA4F2F454D8FC8C9FDDA6E9D6DF8E47A8013C016916E1856E8E295CA080807A40F99C8F4F03F062AF1788140D3B6B9A2070E30698
310
B1EB1EBFBE5E5FE7EBEBF14AC0FF0A67DD89E5324D24442401FCE7FB71E9668609784E5AB48708F813928068BA79C2CBDDA6D3E174231320D72D2600BB98A00C70FECBFB136D3F7981E7094460E07C9428E9182B1B6ED2A246FC2E85830B9EB64B03EC8874C0F36065F95A0F02E52E0880B425A702BAD78935E01FEF1415B1
310
E773B8CF02180013B7E976EBBBBE6376F0E25E68E5A0372FBCBEBF90445E86A1EFC80E1C090926319109B06D100300ED83DE00FE17379F0EB4FEF976BC4D4C8A6A9524963481C9FA2F5AC075A2403C60C12A7680A0AC9A350000C05E56B3509A9F95645D84092C6C02F3743DDE8803749EA930181C3976A205744F0E8EF18E
310
34A0FE1042F0B8EB2109A0FB0BF47EA13B6CF8AD9B18FA28EAE94F0C8EB0851E3EE7F01F07920B70806342DA929149F2182B215608103720AE202CB7431FE32E0148683553287089F1B11C46C130E7E9890797488005D04FB4EB5900ECF0990982E07527F6921319007FFF227BFFC29FD8FD97458C807EB5EF60DB30010E2B
310
860CFFA04433ECEB762315A0D066520D08512FAF92217186EC0C241A860AF7B7A7E557BC40783E4E3E19CD4035C5B05CB62601901B80660A085ED923CA0D69095AF7C36D6A5DFD0B3F8FC993AC93401F646A263520D48300241400BB26090D4057088022C1238C649E9EE97903921C96993010E05CDDA0548832E9A430FAC6
310
69E1BDC1504434EC2F79FF2513146B1820C909B0571801AC78E943CE889570586F121C9100488F178AF66DC44F233FCF87AFA58418027123C3A9E3C41BBD0890905C017D4E121F1157B392A98D253D3CE650B0F503614465649F09881E910998352703B62EE0123452EFC0FD490366B8F821A6873C4EB21EB99D5573017D07
310
AEDBA575BD231B8A1B0972CD2961B6988E7C286B4FC82F2331A1339286B2C621DE22BA00DC40A491CD333BAC9A3165ECD30211F11AD200B3D70422E743E678899A782F2CA03841AEDF770E711F0B80BE0AC9B2F1B1EFC93D1C819786242DAD0D914097EE58FA9D6E24000B014992AC8321909478A34500DA231125F890EF90
310
F14444888C0092D65677E7DC54084AA5AC82A075D3FBF34E10946D3F9200D68C2D9903693A2097C23BCFFEFEB5A7B0E4AFC889FAA4594DEDF6C02F9106600F5900AA0189574FCB6E6A295503E0144800D6E74E179F55198847C4A8878B245F81C295944AB46BA4C909710D600CD900C2C5B109EC8806B5DE6A6E2C8000A7D0
310
04824503C4049CCB7C9F885B48C417BFE8012113E0B5F51CFB7576BDB315900C6C58D70BF4814D80ED64413A89CC8A5F4CFB8F4AB39437369009201F7843D4401AA09D13A5792984DCD49433425E53A5D3E1B6130324BF408C33AD35CA926C78930EB32523C69E1049BD14FD6319684D664D05DF38D2B780002C3F25326A86
310
024E1393EF60010CAC55A401A1740C281E509C6FA3A487080407228A43E00C7D2874684B048C38427C653D928226867D4488DE8A98A35DA519431B83A4389FD3D98485F0779E758028307118DAB46D011037327266BF306FF10DAB486085649126CF02D87801008AA4D19BA61112404038BC2CC28E4004B573AA542E734268
310
1B0F4003DE9F7F8507788A852EEB960599EA03050260DAE03A2400247E00969B420F2DCC065A992362403C4F34A0C3EE0B0AD217777609048C6C028E9EC441327CA8B1D9AB64213043A5ED1FB83832CD6476A2FEA56F686CDD80AF398190FC339BC0DE9458F487834B971C096C1A236D46818E3D948700C0513AE3C2E75A70
310
71F4B37881D0C9A2EFF72202D6828201F444DADB0E2149699D530984918B5F138508F44956308C2548932E2EA309AD8A024A09122A5D66BF1788E3F1E6D635549A5945C0850A146E3BEE8C600D0051C1063F56C1537201B88E60AFEF445F5651810F59FDAA9CC08A935C6695177D931A52C18F0175C8A1473088D09834C071
310
1018375CA0B44CE58C10BE4C410A037BC26116A5A358E86D8DC50D3EB6C6263881C123DC213F0817465A1BC3A73E008BA21007086C02C8FFAF02021FAA014904A01A807090834C727F4DA12D6300B83122C49E82A45B8F046B1872B748EDA1356D6940902099F978F0BBDC20B69F647DB8F97B52BBCA45A190B3614A7161DB
310
5C18E03D8B0F2028F764C99C3C5FC40DFA2EB20BBCA7BC7E814116408009CC08FB459AB4F21F2DB734DE22F30EE32757081C2022E03349E758A096899AD593342C99C0616F42244A83CCB85E626E8F5426882E1DF58174594C5D1803E8E63A9B48D35A06809A3F1321F16C4B76836B8B02297B428E212100C01C9A0D426D34
310
203908085A435E80DD0078C0B26482A6E14A1B1196A0981DE125F487E3B8DB0BC4B81CA6704F2D13E4F73A6B2F10F7F33279152F400F1D02C44FDD30E405E0E10711005D0A6980D200D1001B150620000AAF38C25C8408891330C515A28ECA44885DE14CBED0E77695106BA1B8CA40F7DFC00496E3C1EC4A8BC7DC2063EE1A
310
0C090C966E552D55B309A072252008AB750F20C8022895E1454C80B93F2DDD8A0A4415806240AE2E786B42AA6E4005E05900A719541829D525C4E205840B720EBFD68772768C5E8B3160673448AF3243032E995F093DB44D5508AAA926000C58AED72EF80737C8384058D649E1035E209458E06EF99EE8D03D0BC0B100B802
310
D481C6A66A020A82F402147D91066830BC844722B051814204C770B1FDF1E0F6D405B40E4C02881FB632E16D3A40417090609D0430800745C6002BCD1EC5046262BEE03306AC5903F89E0420C1C02A6EB0E73212B954BAFCDC676A72F371187C40304820482A303C93004CD3B8577B476B73BB1E25200D5888D944B3970992
310
06CCF16E4B6BBEBC09ABC0452470A9890FF50244D463C6BF90BF622A3C2ABEC13751389C78EF436224086C02848499080DE8F1130C500FE043618268034235614638485A80F7543A1C2A0CC4521C2821B16101989D69F1C8ED11978F247151EE0DCA274434E4EDBA119BC6B1807723B9415AB67D044104BAAC8E9D521C2C97
310
05207C404CC0E65880C982437F401540D139C2938884C830100BB891190C3E776D69FA6113152B1FE278D8AEFD6D9F09A8113D532CF461DBED6F7930B74349EE33301566929FEABEA7DC014894899B0869EB7BF4BE443601D67DC98CA8069009E059A4010E97DD790E869A50506381C84DDA0E3D32A898168212D0496D14B3
310
AB0D94C6E1745958007B3480B77B3AF4E92336AA55EA8299063173618C8100B8ABC3C74FA100ED4B2717D501252C0B803900CA6B083A8A0644CE324AC11842334A009A963910A1917384FD20E9C2589A1642394963C22631C2F76975C88B879D44080258D6BBB16D4AB03922A4B190D4B959004039EFA27D7483D141007845
310
5A1B5A0EBB9A104BDC0CB9660DE07AAB436B04E802BDB66D15C088174037FA0C4F307018E27290AA8D223924AEDD129907BC0DC7A725C69D2610FDF1B85C7EDA0603435317560174B9CF834D001A603EB94162AA9D5C49878470885D25811FC288DE5800D0001B3AEE0D09DC3CE31FBA86D90B38498971E578C6790E3D4912
310
1E70508430162E64D3783C2CBF40850FB7E5FE818CF3B944428D08644F3A6D74602AFC8801AA0231A4522D409AC776AA001FF44F1263F47D6A34A06D3E4EDB9374D2EA304C24809393367DBD289381E0E1506169148810C06C76354848347C1CEE6F36574A4DA582CDF1B88E9BD1450074C9ECFC1E93821158C1AE984C0032
310
EC3A0986381816652011C4158502FAE98BC4D80482C1E4C3361A094846C8F981D00F1AC0D918EE57A94981500A64A661838887577FDB6D02F492EE761B89A6B69170882539AD27C46865D72BA919C2614439A9E644D71C0E13356056C720C8FD765D36809C0FC10DCFC29B74AECB6D722C4E5580AC73F41CD2805EBC0088B8
310
09E558A929DDF3B9B9BB90417A48F7F17498F79B803F1C3D787AFC9C13AD26D909048817089D951CCE83068008068D74F15A910B03828277CD87A414D802E887D21E9579C043BF2C612804C01A303B2424732CCC4EB0B2C16DAF1060E07247D353D8A70191F321FEE38385799646B478FEC20D542F10808163FC742E22FA7C
310
A2004C906D6015DB57FB4768902824ECB805BF939632529628091130E12205122404704293CCC005D8824D2D08B628306613B887E9693261271324014CE3C77A69F2614D523CBB65CEF78B00AE578760E88BB200E9BE7436F6AC01C10A11D0A5AF49AA270495C038D809C2FC1C0CE5DEFBAC018BC771AC5B7F620B000C322C
310
E5C3ACC5064C394F996120DE0D91DB5D26C0604A02303FD7B63F6EE305A568C65961A5C2B46992C97F3818633921845E20310192079742EE9C081323C1D50B06802CCC688BEC4C0E867EB46ED019802005438382A02F47CB6B81B4D1013ECAC50A10D611F15D083B6301E443FEB8C458DB64735E3CE3606C4ABADA0665CD67
310
0D8871AD269083013D2EC202B0C26252799273B4BFE405D80DA6720489DB327CB4DC27C09E8063F1908F31875A1FDAB409A820E21A4903CC5E10444228FEBC8B2C4D3D289359000B00A9CED20A87A878A3019A152E99B321C7CE563CBF5A01C98239F12A88E2B294F830EAE3695A520A644569F787D3C2613333A15C1E0B0D
310
1BD8C403E0016F516A633BBD0009C0FE5C63FC54132849C1D8711FA887CE6A2C207BB6E542920E20EEF617C7AD51BECB0070D72FD8D947AE202EDC2A82C32E5C1CB50F75114B1AE0408296013D8223B752E76B33A18D095B2ACC1FF11EFBC321EC244231F487D9FE914CDC804028D920480108809460773ABD223502F65A97
310
FE66850CD075B5FD0F5C185AEDDA9E1906FA87B46E1B25280CF18F27E82CED24848E8EA9691AA42A8383847A6DA1E998CAE170EE1B0DF70B69C06E2F80EE00FBF714CBCB7D22C2913BDAAF5E6B83576E10F29F8F08725C23FDF0CC9B4387B68064F379517502614D1C0EBB17DAD41710210443E5009A4221C7C2A88BB9659E
310
E6A1870C827A01D101134A63426D96E16E8995CCFAB09B0784E7F779FD63E57C48CC4DC24D5944CE0A201DD8A13B40FAC3BBF00506C0B79B1296050E86F291315D1DBF23E703F8D88F1C24001913106C4B637262BB9FD0408F7088F4CEC402022D0298ED6C119CCBEA7F0103083096F4F7144B65787B54464010AD1CDD4C2E
310
60562F8044F67F3FE444A3268482EC7FE4D2A09EAF9358C17238070D600A2A7DE41C19D5C90B252D8E7890B3A1A749FD4068175F479C6C560F2AB02227B6A7498ACF0684E9B8AC3F6D30CDC89850FAC39406F1ED8894F02B1A20919DB21B0C00C61BD05B89B0B9C323B006300BE638E07706426BB300B4C99F0420E5F11FAD
310
0AD0FA1CAF7F986F4F3774CD0D689229A180C445A68D0572AF50784B24001F773548D0FBDC0ECBDBCF680B049436F1E2046829F37CBABD2325FC7A5D7C6752FC222BCEAD1FCDA63013464EF0E3F75C1C5CEF97143525A64FF335292A54586F521AE3A2C8FBD311FC721410601EDD9C6A686E3A5D67BD2C471C99D80982C7A3
310
5BFF685282DC1E1E5A0DA050001D8D272E0BA1AD2972DAE11104571C1A1329B20AB01748521A133EC06800017405C0C957A0FF2FE6E3878D1BA458804F8E4E4FEFC7DB34BB5048BAC92366EA615A538F91841559516FF6B6CADE0EE3FA7749086959309413E3393ABD6E6F04E1E68BFD5F53DAF8B7C8DADF7407281F02132A
310
7BD6716B7F99AD14950F479C055D1CBA43A6E9C402A8539674B24486AD2D0F202FB042037687C3879BBB7F342EB0E913E5E5432DAF685E1CDC2BB730BA2B6CD77E714C1E99E1163DF2EA3F3642A0676DC494EC0304E21D2342401C51BB91EA1D0F449907054053F362391628D19010E20B63C0CEC208C667B8FB5BD458408D
310
C06C83617B95C29897531D57AEC07DA500655284E0DD5D33629C141310D0A6C976A4D2760A938DB2AF38CC4E34A03F9DB847E234B9EA9C4D5E7D68DBA64BDB987D73C88BEFEC10F187DBF8F181773D9B120A9FEDB647E88AB62E7FBD8A3BBA7271F88B23E179568034C4ADB1E87F5EBED606B300EC17B3C592F132B3235AB4
310
26A2343AF7B77E999D6C7FAD8DB48D22A64ED7210D5887C3930BFB05E039275A8ECA8CD2B0D9464357A7A71BB300A2B15F0D8BA822C017515A82B4532C2380E48EF2341DABA9E7542B23284CC4E0A24443DC44817671671E868D65FB6F5580BF5CA101CBDEA4A83F4CFEED439BF0B7A3E36CE915BEF2CC183F8A115C6D6213
310
D8CAE0C7C600301641CE5F5BFB302B04E910CB0D1584F57A3392118D5A15439F20A7C4E49CD5240DCA9F88E0793B644A9CCF485E800430ECF10246D3011F979C136EB2A26D4E8841907B99C50B70F9C83CCECB68CC40F6FEA2367F2F89219DA81032D9F17C2C1541BCE5D28CF0399898E3A135728296DBE95C3B6D4F4281EC
310
05CCA657C2A4758406EC04411280FF79D78693736C4F8C5509342E10A13EA71DAA1FF851A23D536C20A69C0F2C1E40D342450F725067932D2333388CE26DF67C16995B8E440A2ECF990A3964D94E95C83306511D75371C9BDA57191A0E93F9B897726B3E306C36202817CBB18B8C4760113C628074CC4BFE470AC2F75600DC
310
27289921EDD0A4974B9A0D69E220B8A1A00DC3386A8B667937BA9A0E511E5C72026D9F081E2EC9A0F9756730D49309483EA4CD88891F681CE166D005B6CC7EE50652C1409C0EE02FEE8A81DC225686EA59790D306ADBD20006411B4A65A26C73DC0E9D0C3196B3CE8F4921D6009486F6090018C0C1A0C9F5663E7D13471E34
310
F62083CD95625A98495F30E2354382DAFFBDC4436B6B074297529DC366DB09931BFDB365CC5A2C5CADE4041E8201600037C0EFC3801119B1DA1D6070F4964FECE040EB3C8FDA8261824E4F92DDD3F971CDE4102BECA97881544C608381E9E1F792A6C2539DC8A4A2C91326353B1965D69C910153B53610F284A9CA0482BD8F
310
5C19D9C503E27C788E3F53CD07017B3095480E3121B6E592407155D9639BBA9000C8721E7D4DD506F2E6AFDEAF49D35812287BD3780D6B53B21B222C0715F5AC92CD43F69A4963211F9F2C2337B7E304FC65F5D33FFABD0991E7E36C7F5E369DC24D662C346F6DB74D1C9508901DF0EF442B0AF023AF9F15C09B6C12B07BBB
310
EDB0372EB6BBC828DE10861C9395B312B930D4AEBE8D04825647A7A77967381CA6F7DEA243A8840281CF6D39E17D03EB022BC0592780042773E6C2664E6E4DFCA8F5A319401A65B94BFE777CB650295FBBE985C9105A40BC0C29F275C0201C02395D6F7426038F4B13A6F0D03258B201ECCE124A437B3580ACC57E1483E2E1
310
8DCE7D5F9C3F73F4F39D2EEEFBF81D2B1FE8D1BB335DC5D9D10FCB72CD023BC1D591AFF23CD32A64FC8706C004A2B6E1C94805DD7FE4115FB63A5C73106A06EEB72970A1814F622C8B47AAD4E766B1D0A405CBE129D6005446FE54006719A1335F3E6C333D22C87C40D101DEF920C9C1D8C0603B3FECE5E6A36FE018B6B2AE
310
A53DE6C5B50448272C651B00278CB61E15CA1988982717FB79C99966EE26684E787F150BB00AD80BC6E4EE2242111AB0A40FED123DB34499827145DAA9201E2749A78DBE4757A63F3149524720CEEF5EEA22BF977DBF208FA81830076067C8C13664BE99B41AFD775BCFC5C919C1D8348BC6CDBC59795E5CF9C4C03E0C0067
310
4AF74B3B3E641C164E49E3DE93472079F0C42EDE05C1041E7F627351D8194B8A92E7E6704452613099206912C93EF0136C192DE74E5E4961AE26F83A668C79D06F333A46919616428C29A7B19D395D67EBE456D1B81AAE8DED03411C18BA8766844A60A8C308189979E3F5349F9A70CC73288B0AF4276FA57FE22C32202ACB
310
CB7F630C5CDC9A2A9F665B6213F8217D4526157A13C28678B24EF9E59B5C90F36333E4A3F4C9706BD3A63A00F1A3F973DF30B588012AEBDDB4C7F21D4F30E21C98E3017AAE0D69532EE497D18108DD73491511F4DA30C0953BA53923FE7FEBE5FF345410B2C020E8C00D728D441EEAAC6296C066D6773ED2D5B0A07406031B
310
0000044B494441546D6D841D69327B3100078D6FFD7A6F862913A909ADAC63D8744B89082EB6192167F8E05F6C3B36E25ABD80896BE5B8F21E9508F893B3DC2D28F6CF1890DA79CBE1B7454C4086FB624B9ABEF976B49629AE3002048F3B046058036EC3FA161B09608AAC8EF96280F23AD011F395F8EB3247319B00999B8C
310
0C6255E58B50150011EE1D0AC708F18BA3A80904E3447450E3F3A30D4002E1DB6F4A3BF21CE931D493434D00D31E26C7B9B127BF0F03C6F79BBBACCD44610A8FBE6186E337C23FEFBE39FA6EE0B6CD6F03B382EFE3E3E8FC178CA021F19C2986E4D25FCA7910D6005607D8BB388FB58E18D5D44815BDF4A94B0788D529A3E8
310
97CB14216CBA844AB7703355859B0589086194D0BE6068381CC94F9F4D731541465C09A47DF79B43648C4C0F23E43123B01D366E95076842C4D8BB384EFAE95976ADC60218552B9DC05E557CC1B7CB4B501388FF2B038E79EC9432816D75D06CE78A3111220D388EFB0628E0CCDC7A6987CA074CF6928A3C13D47FF5C704B2
310
00ECD0C3045C900B64E70126F8263C282DC30F1251B4675F02D68A011AD89FBDD65433C1CBEBB7E1BFFE27385718897726D8E6EF4F98DA2090074EF3A9A119C5C13D39C1C002584D9E2B0754A05860641F00D7A36E50A704CAD1C411305007042F53A38D67718F9507AC2F81828012325851FF3C5A96CD3CB73C28DEC6FCE7
310
06B44A9CBD5BCE06963CC09606FADC28C518703CECC300A404C7B4D651820003572059869F2D4E5C71198D16376344CD0B777E4877210785B638429C15931A710907AD068DAC03F80D1D9DE13424D2EFB4361FCA48461E6DD3F4B08492136CD3015EEAC5D0807D93A496A709285DFFDA065900F27023DB013A734666039E9B
310
75750CB0CECF9474505CE6A85CC5F1287AAFC1908820F5C31A29723A438BCEA253B69A0096E265B462D4A4A6DC29B376D3245D5783AFC9B0CD0C81B03D3A183C0A3C3DFED0CA2E1E8019426FB1EDB208658E831FF3580AC9B8C63A4BBBD100B36068CF5914E81C1B1390687879594B07644E256F1222250E4A9B03F4FA0B2F
310
B89AD8EA7F66822D19DA1E9A89C000B76F92D48C093271F3A735C276A4E88606C54B6E66693B44F5EC7B2AAB93DBDB2A5571668277A282B56CB8FDA30B39C9F848027240B42D0894F3D3316C9B647C3E3CC82630EC0341D200BFC687BF2DB3AD0CB42248F191067D511C5B1B0CBCBFE58C782E8D3693F69BBF3BD49449377F
310
74A2ACDF349D010F7F7B26343326E5C8040B60DF4CD16702C1B5CCE7CB43451F5B66A567F4D224872F8F7F51676DEAC34504450CEB262DBC6E66ACDBF469B6729DDCC0FFCC261D9EF55FCF106F8E4ECA784912C0F169D877721443949279FCEB4225F56C6D238468CBDF92297F37E987FDA24BA072C1DC2A7E6F97BFD69CE0
310
A6485E722D9B8480DD1840ABFF990536BDB29A1222C5DEA901489E8D6BD89E43662D283A577CF3977F522A7D6A186DBA04DE6A6EF8FED5E6DBCFA8F7B86893FFBAC043E667335551CECDE649C67086F3FBD3F26F04F0FF8E22F98E89D8DB520000000049454E44AE426082115FF70A6E5262579AE3940F38E28456F968EE60
310
7E3A2EFE796E0790CEB7107AB00081B294EE452E0F256172EA77AE1A803564BED01BB4897232405AD0198C810C0A2FA426EB680830599AFF9532BDBB9AC16845030239C195951FAD64807A6BBF76966BCD0809567C039BC0443820F1EB5503BE2C8D2D250157C9E0B2205519618905B385061CC1B0B5A23845F3D6A31428E5
310
206BEF06944EEC698894FE0E1DDA0041DAA36CB272B18BBE0CE97EDF7F30107E2D66AB1B0C8E840336D99A87AB2551D70524B5FF89C320C34E4A9D476CCE4789E1CD96A0308A0DE03D6C0269DF050835FF44E1282BC6F716059672286F10D22C15CF85023CC7847F13104D6EE8421D14FD8AB22902372F08770582C76ED000
310
8F1E0A6C1E869C442A16E6C5D91D702025C4BC2561B9D97E32D2E9C0EA8C990F0D1A0C8802A57782DBEC21F9B9008728BDC2AB3ABF4DABC75DD921703F2E65DF0CFE5C930CEB3E01E2FC2A253C735900DA70E7FDA3B6B250C2E65C764AAB01CB2F5C2C99006B80164ABABFBB95EC80F4C680F0ED978F75B9FDD9717B406D11
310
8F68C1AF4B1D38C11A0176D3263E60531F600500CC4D2F4529B96F12065903C40F74BA53C4E35A1FCF4D72AE591BA06B23DDD12E13CEE130B03D78E682410832861971A22B2469BE434EFB29015A06DD6785BEF5BA49DD00D55E703EE4F128BD5F3AB3D53E1044150860CAA38A56122138C240FE9C3520F1D2205BE0104A12
310
65B53ACF86B9ABF34B30855D80102F14E50D43CEE337244806C3B938A254E0B3AC1C07193862FFD743760E2154F3BDE4E5098B4213DA5742505CF0D71629CA93002463B3DD0B1E13291165EB9C0DA2691E265057084000936972A331678476E395A2240CD87782A64CB9AF24ACFFAD8D75A80CA348C16130E528204EB02E9D
310
CEFB875EFAA45CEE0DCDE057FF1380C841DB058FEFFCEF20580053DE438A676197394BBD3143545A1266CFABFCC4B85F2FE0416CB26678F00BF480726769158EEABF4735814F29B344517BD83F2F37A3811ABFB51448DEBC40FAAB641DEF55001C32BEFCC718D7EC1555B6892BEEEEA87DF147D316B58F7CB69A49BDAE34AF
310
90DAED497A233A263DFABE37F004431F476F647781886F91AE922F24015014202B8022F4461A42839AC10A0DD8F38A375984A702C012AA88C16DA9AEB2CBFB10345E0940681201C05814085DFF654C73D21607F3BF4F69770AC9CDE133B3E2270B4056CA062EF0A2E50B291B920FBBDC804D28089A453AC44774C1057217B1
310
EB57D953997C00DBC00714E1B58A06AC51C1FD9A4CDE6281F30DAF3860E2EC4634602A4B0BCA4614D2A196AF414B78F68155A70C848EA3EC28A75B025D7060A5435B19686798ECEF3083113B771540ECD828B92913DD12E877ED1634AD8DDCA64411E016D10B4DF3F83D10D60DCCD19151A0D84779020582FE267B3151AAA0
310
0BC64803D69837E620D17D1733E0841192DE5095D9AEFFB729F783953B3B41CE9349030409E64D22DF53A0F912038A22E83F1270B5458EDF011FE076D94B160E1BA45DC749A1EF98147EBD3858058B66F930ACE327D6C63248EBD6A05524844AD4830646FB46E3375E3E2784C1100B2AF8EEBFDBC87018FE0D5DE6C001ED2D
310
E9CCD7F522D896C2834E0D21A80F88FF0F6B5F375A7405AF500000000049454E44AE4260829FF5126346B8766C244510875E52052AC9FEC281F518EB504C81D525DFCBCAF8A2A0C697CF7E484D732B81B94E0CE5D6D7D87CD8D0FF074891779ACFCB08420000000049454E44AE426082
  0
ACDSRECORD
 90
        0
  2
AcDbDs::ID
280
    10
320
59
  2
Thumbnail_Data
280
    15
 94
     1647
310
89504E470D0A1A0A0000000D4948445200000100000000C608030000000A6AAE4900000300504C5445FFFFFFFFFFFFFFFFFF0000000000000000000000000000000000000000000000000000330000660000990000CC0000FF0033000033330033660033990033CC0033FF0066000066330066660066990066CC0066FF0099
310
000099330099660099990099CC0099FF00CC0000CC3300CC6600CC9900CCCC00CCFF00FF0000FF3300FF6600FF9900FFCC00FFFF3300003300333300663300993300CC3300FF3333003333333333663333993333CC3333FF3366003366333366663366993366CC3366FF3399003399333399663399993399CC3399FF33CC00
310
33CC3333CC6633CC9933CCCC33CCFF33FF0033FF3333FF6633FF9933FFCC33FFFF6600006600336600666600996600CC6600FF6633006633336633666633996633CC6633FF6666006666336666666666996666CC6666FF6699006699336699666699996699CC6699FF66CC0066CC3366CC6666CC9966CCCC66CCFF66FF0066
310
FF3366FF6666FF9966FFCC66FFFF9900009900339900669900999900CC9900FF9933009933339933669933999933CC9933FF9966009966339966669966999966CC9966FF9999009999339999669999999999CC9999FF99CC0099CC3399CC6699CC9999CCCC99CCFF99FF0099FF3399FF6699FF9999FFCC99FFFFCC0000CC00
310
33CC0066CC0099CC00CCCC00FFCC3300CC3333CC3366CC3399CC33CCCC33FFCC6600CC6633CC6666CC6699CC66CCCC66FFCC9900CC9933CC9966CC9999CC99CCCC99FFCCCC00CCCC33CCCC66CCCC99CCCCCCCCCCFFCCFF00CCFF33CCFF66CCFF99CCFFCCCCFFFFFF0000FF0033FF0066FF0099FF00CCFF00FFFF3300FF3333
310
FF3366FF3399FF33CCFF33FFFF6600FF6633FF6666FF6699FF66CCFF66FFFF9900FF9933FF9966FF9999FF99CCFF99FFFFCC00FFCC33FFCC66FFCC99FFCCCCFFCCFFFFFF00FFFF33FFFF66FFFF99FFFFCCFFFFFF0000000D0D0D1A1A1A2828283535354343435050505D5D5D6B6B6B787878868686939393A1A1A1AEAEAEBB
310
BBBBC9C9C9D6D6D6E4E4E4F1F1F1FFFFFF000000000000000000000000000000000000000000000000000000000000AD4AB4E40000032A4944415478DAED9C5D7283300C06751BDDFF021C86E71EA26D0AC14E8D0DC12696B59A4E2693F801167FEB1F48E5CB7989EF02000000008047CD3FE5ECD57B0F8801CCDE23000022
310
E01C800080082041001001240800228004014004906050D300750D40FB0BD1B864BA1481A9FD01B6EEE8D325094ED6ED0080EB11F00140004004902000880012040011408200200248100044000902800820410010012408002280040140049020008800123C52FA575E01ACA7DE1B82DB22A08977AE24088032804D12AB2B
310
62673491C827221057F0E9F6F576B6FF9A566670A7045F4E5934FABC806DE7AD2100DB816B04207B52FD00986B01087B7DDF00A41180B5D7BB051008FEADB219817A07AF3647017D1E7AF1F29E1A526D0158FEE2F4AFAFCB470F46E92B2F67397517814300F62EF03A0B322AC14D7F6F0358A6875601E836F6ED0258BBBFEE
310
4254D14F39A0420F48AF025E3E0ABE7CAE8BBA002055006476885E22B0D19004A03100245AE422A03240044C011000341805322BFF25E343474016AFE77A409E9071096626722B9A5D42CB4A2A83D03A80C41E41A28754EF02BD444065EB017900952570EB2890B97C1A8E027D44409AF500BF1321CB00A4398083F3800186
310
419F1128EEE9BA580B48E92658762668198096E701E51EF07484C108A8146782722602E6A6C29501883D006A1E404D09EE2F868ECE03069C0A473D409380C618068F0048B5287D6F7E2D1046A04B00724B0F10EF00868D40F92180D29D9F0FDC19AA3A159660432B1B0179BB817500E98743E306926B60602D50EA01D1CE70
310
A281661B74BF16781EBA9508D45D0B84F7B94D02A81281CC18E643828E011CB8399C7A7BA681891DA1CCE52B3E2DA94D1E13BC7947A876FF05C04011E80F8000A0EE28D062226F6747A8D71FCEF20F1400C0CFE7F9070A002002481000440009028008204100100124080022800401400490200088001204001140828C0200
310
40820040820040820040820040820040820060142002481000440009028008DC0F606E5CD725D8FA005BD7450003D4A5080C5CC72408002F0066AF18008004018004018004018004190500400490A06F008FCD296FAFBE1D200000000000F00BE0CB79B907F00D28300FC11541190F0000000049454E44AE426082
  0
ACDSRECORD
 90
        0
  2
AcDbDs::ID
280
    10
320
5E
  2
Thumbnail_Data
280
    15
 94
     1647
310
89504E470D0A1A0A0000000D4948445200000100000000C608030000000A6AAE4900000300504C5445FFFFFFFFFFFFFFFFFF0000000000000000000000000000000000000000000000000000330000660000990000CC0000FF0033000033330033660033990033CC0033FF0066000066330066660066990066CC0066FF0099
310
000099330099660099990099CC0099FF00CC0000CC3300CC6600CC9900CCCC00CCFF00FF0000FF3300FF6600FF9900FFCC00FFFF3300003300333300663300993300CC3300FF3333003333333333663333993333CC3333FF3366003366333366663366993366CC3366FF3399003399333399663399993399CC3399FF33CC00
310
33CC3333CC6633CC9933CCCC33CCFF33FF0033FF3333FF6633FF9933FFCC33FFFF6600006600336600666600996600CC6600FF6633006633336633666633996633CC6633FF6666006666336666666666996666CC6666FF6699006699336699666699996699CC6699FF66CC0066CC3366CC6666CC9966CCCC66CCFF66FF0066
310
FF3366FF6666FF9966FFCC66FFFF9900009900339900669900999900CC9900FF9933009933339933669933999933CC9933FF9966009966339966669966999966CC9966FF9999009999339999669999999999CC9999FF99CC0099CC3399CC6699CC9999CCCC99CCFF99FF0099FF3399FF6699FF9999FFCC99FFFFCC0000CC00
310
33CC0066CC0099CC00CCCC00FFCC3300CC3333CC3366CC3399CC33CCCC33FFCC6600CC6633CC6666CC6699CC66CCCC66FFCC9900CC9933CC9966CC9999CC99CCCC99FFCCCC00CCCC33CCCC66CCCC99CCCCCCCCCCFFCCFF00CCFF33CCFF66CCFF99CCFFCCCCFFFFFF0000FF0033FF0066FF0099FF00CCFF00FFFF3300FF3333
310
FF3366FF3399FF33CCFF33FFFF6600FF6633FF6666FF6699FF66CCFF66FFFF9900FF9933FF9966FF9999FF99CCFF99FFFFCC00FFCC33FFCC66FFCC99FFCCCCFFCCFFFFFF00FFFF33FFFF66FFFF99FFFFCCFFFFFF0000000D0D0D1A1A1A2828283535354343435050505D5D5D6B6B6B787878868686939393A1A1A1AEAEAEBB
310
BBBBC9C9C9D6D6D6E4E4E4F1F1F1FFFFFF000000000000000000000000000000000000000000000000000000000000AD4AB4E40000032A4944415478DAED9C5D7283300C06751BDDFF021C86E71EA26D0AC14E8D0DC12696B59A4E2693F801167FEB1F48E5CB7989EF02000000008047CD3FE5ECD57B0F8801CCDE23000022
310
E01C800080082041001001240800228004014004906050D300750D40FB0BD1B864BA1481A9FD01B6EEE8D325094ED6ED0080EB11F00140004004902000880012040011408200200248100044000902800820410010012408002280040140049020008800123C52FA575E01ACA7DE1B82DB22A08977AE24088032804D12AB2B
310
62673491C827221057F0E9F6F576B6FF9A566670A7045F4E5934FABC806DE7AD2100DB816B04207B52FD00986B01087B7DDF00A41180B5D7BB051008FEADB219817A07AF3647017D1E7AF1F29E1A526D0158FEE2F4AFAFCB470F46E92B2F67397517814300F62EF03A0B322AC14D7F6F0358A6875601E836F6ED0258BBBFEE
310
4254D14F39A0420F48AF025E3E0ABE7CAE8BBA002055006476885E22B0D19004A03100245AE422A03240044C011000341805322BFF25E343474016AFE77A409E9071096626722B9A5D42CB4A2A83D03A80C41E41A28754EF02BD444065EB017900952570EB2890B97C1A8E027D44409AF500BF1321CB00A4398083F3800186
310
419F1128EEE9BA580B48E92658762668198096E701E51EF07484C108A8146782722602E6A6C29501883D006A1E404D09EE2F868ECE03069C0A473D409380C618068F0048B5287D6F7E2D1046A04B00724B0F10EF00868D40F92180D29D9F0FDC19AA3A159660432B1B0179BB817500E98743E306926B60602D50EA01D1CE70
310
A281661B74BF16781EBA9508D45D0B84F7B94D02A81281CC18E643828E011CB8399C7A7BA681891DA1CCE52B3E2DA94D1E13BC7947A876FF05C04011E80F8000A0EE28D062226F6747A8D71FCEF20F1400C0CFE7F9070A002002481000440009028008204100100124080022800401400490200088001204001140828C0200
310
40820040820040820040820040820040820060142002481000440009028008DC0F606E5CD725D8FA005BD7450003D4A5080C5CC72408002F0066AF18008004018004018004018004190500400490A06F008FCD296FAFBE1D200000000000F00BE0CB79B907F00D28300FC11541190F0000000049454E44AE426082
  0
ENDSEC
  0
EOF
