  0
SECTION
  2
HEADER
  9
$ACADVER
  1
AC1032
  9
$ACADMAINTVER
 90
      427
  9
$DWGCODEPAGE
  3
ANSI_1254
  9
$LASTSAVEDBY
  1
lenovo
  9
$REQUIREDVERSIONS
160
                 0
  9
$INSBASE
 10
0.0
 20
0.0
 30
0.0
  9
$EXTMIN
 10
-183.7286353477813
 20
-237.018210119298
 30
0.0
  9
$EXTMAX
 10
-78.87220535737863
 20
4.269114432582885
 30
0.0
  9
$LIMMIN
 10
0.0
 20
0.0
  9
$LIMMAX
 10
12.0
 20
9.0
  9
$ORTHOMODE
 70
     1
  9
$REGENMODE
 70
     1
  9
$FILLMODE
 70
     1
  9
$QTEXTMODE
 70
     0
  9
$MIRRTEXT
 70
     0
  9
$LTSCALE
 40
1.0
  9
$ATTMODE
 70
     1
  9
$TEXTSIZE
 40
0.1
  9
$TRACEWID
 40
0.05
  9
$TEXTSTYLE
  7
Standard
  9
$CLAYER
  8
Paths
  9
$CELTYPE
  6
ByLayer
  9
$CECOLOR
 62
   256
  9
$CELTSCALE
 40
1.0
  9
$DISPSILH
 70
     0
  9
$DIMSCALE
 40
1.0
  9
$DIMASZ
 40
0.18
  9
$DIMEXO
 40
0.0625
  9
$DIMDLI
 40
0.38
  9
$DIMRND
 40
0.0
  9
$DIMDLE
 40
0.0
  9
$DIMEXE
 40
0.18
  9
$DIMTP
 40
0.0
  9
$DIMTM
 40
0.0
  9
$DIMTXT
 40
0.18
  9
$DIMCEN
 40
0.09
  9
$DIMTSZ
 40
0.0
  9
$DIMTOL
 70
     0
  9
$DIMLIM
 70
     0
  9
$DIMTIH
 70
     1
  9
$DIMTOH
 70
     1
  9
$DIMSE1
 70
     0
  9
$DIMSE2
 70
     0
  9
$DIMTAD
 70
     0
  9
$DIMZIN
 70
     0
  9
$DIMBLK
  1

  9
$DIMASO
 70
     1
  9
$DIMSHO
 70
     1
  9
$DIMPOST
  1

  9
$DIMAPOST
  1

  9
$DIMALT
 70
     0
  9
$DIMALTD
 70
     2
  9
$DIMALTF
 40
25.4
  9
$DIMLFAC
 40
1.0
  9
$DIMTOFL
 70
     0
  9
$DIMTVP
 40
0.0
  9
$DIMTIX
 70
     0
  9
$DIMSOXD
 70
     0
  9
$DIMSAH
 70
     0
  9
$DIMBLK1
  1

  9
$DIMBLK2
  1

  9
$DIMSTYLE
  2
Standard
  9
$DIMCLRD
 70
     0
  9
$DIMCLRE
 70
     0
  9
$DIMCLRT
 70
     0
  9
$DIMTFAC
 40
1.0
  9
$DIMGAP
 40
0.09
  9
$DIMJUST
 70
     0
  9
$DIMSD1
 70
     0
  9
$DIMSD2
 70
     0
  9
$DIMTOLJ
 70
     1
  9
$DIMTZIN
 70
     0
  9
$DIMALTZ
 70
     0
  9
$DIMALTTZ
 70
     0
  9
$DIMUPT
 70
     0
  9
$DIMDEC
 70
     4
  9
$DIMTDEC
 70
     4
  9
$DIMALTU
 70
     2
  9
$DIMALTTD
 70
     2
  9
$DIMTXSTY
  7
Standard
  9
$DIMAUNIT
 70
     0
  9
$DIMADEC
 70
     0
  9
$DIMALTRND
 40
0.0
  9
$DIMAZIN
 70
     0
  9
$DIMDSEP
 70
    46
  9
$DIMATFIT
 70
     3
  9
$DIMFRAC
 70
     0
  9
$DIMLDRBLK
  1

  9
$DIMLUNIT
 70
     2
  9
$DIMLWD
 70
    -2
  9
$DIMLWE
 70
    -2
  9
$DIMTMOVE
 70
     0
  9
$DIMFXL
 40
1.0
  9
$DIMFXLON
 70
     0
  9
$DIMJOGANG
 40
0.7853981633974483
  9
$DIMTFILL
 70
     0
  9
$DIMTFILLCLR
 70
     0
  9
$DIMARCSYM
 70
     0
  9
$DIMLTYPE
  6

  9
$DIMLTEX1
  6

  9
$DIMLTEX2
  6

  9
$DIMTXTDIRECTION
 70
     0
  9
$LUNITS
 70
     2
  9
$LUPREC
 70
     4
  9
$SKETCHINC
 40
0.1
  9
$FILLETRAD
 40
0.5133980536065792
  9
$AUNITS
 70
     0
  9
$AUPREC
 70
     0
  9
$MENU
  1
.
  9
$ELEVATION
 40
0.0
  9
$PELEVATION
 40
0.0
  9
$THICKNESS
 40
0.0
  9
$LIMCHECK
 70
     0
  9
$CHAMFERA
 40
0.0
  9
$CHAMFERB
 40
0.0
  9
$CHAMFERC
 40
0.0
  9
$CHAMFERD
 40
0.0
  9
$SKPOLY
 70
     0
  9
$TDCREATE
 40
2461261.610416667
  9
$TDUCREATE
 40
2461261.485416667
  9
$TDUPDATE
 40
2461263.644004630
  9
$TDUUPDATE
 40
2461263.519004630
  9
$TDINDWG
 40
0.5763773148
  9
$TDUSRTIMER
 40
0.5763773148
  9
$USRTIMER
 70
     1
  9
$ANGBASE
 50
0.0
  9
$ANGDIR
 70
     0
  9
$PDMODE
 70
     0
  9
$PDSIZE
 40
0.0
  9
$PLINEWID
 40
0.0
  9
$SPLFRAME
 70
     0
  9
$SPLINETYPE
 70
     6
  9
$SPLINESEGS
 70
     8
  9
$HANDSEED
  5
59D
  9
$SURFTAB1
 70
     6
  9
$SURFTAB2
 70
     6
  9
$SURFTYPE
 70
     6
  9
$SURFU
 70
     6
  9
$SURFV
 70
     6
  9
$UCSBASE
  2

  9
$UCSNAME
  2

  9
$UCSORG
 10
0.0
 20
0.0
 30
0.0
  9
$UCSXDIR
 10
1.0
 20
0.0
 30
0.0
  9
$UCSYDIR
 10
0.0
 20
1.0
 30
0.0
  9
$UCSORTHOREF
  2

  9
$UCSORTHOVIEW
 70
     0
  9
$UCSORGTOP
 10
0.0
 20
0.0
 30
0.0
  9
$UCSORGBOTTOM
 10
0.0
 20
0.0
 30
0.0
  9
$UCSORGLEFT
 10
0.0
 20
0.0
 30
0.0
  9
$UCSORGRIGHT
 10
0.0
 20
0.0
 30
0.0
  9
$UCSORGFRONT
 10
0.0
 20
0.0
 30
0.0
  9
$UCSORGBACK
 10
0.0
 20
0.0
 30
0.0
  9
$PUCSBASE
  2

  9
$PUCSNAME
  2

  9
$PUCSORG
 10
0.0
 20
0.0
 30
0.0
  9
$PUCSXDIR
 10
1.0
 20
0.0
 30
0.0
  9
$PUCSYDIR
 10
0.0
 20
1.0
 30
0.0
  9
$PUCSORTHOREF
  2

  9
$PUCSORTHOVIEW
 70
     0
  9
$PUCSORGTOP
 10
0.0
 20
0.0
 30
0.0
  9
$PUCSORGBOTTOM
 10
0.0
 20
0.0
 30
0.0
  9
$PUCSORGLEFT
 10
0.0
 20
0.0
 30
0.0
  9
$PUCSORGRIGHT
 10
0.0
 20
0.0
 30
0.0
  9
$PUCSORGFRONT
 10
0.0
 20
0.0
 30
0.0
  9
$PUCSORGBACK
 10
0.0
 20
0.0
 30
0.0
  9
$USERI1
 70
     0
  9
$USERI2
 70
     0
  9
$USERI3
 70
     0
  9
$USERI4
 70
     0
  9
$USERI5
 70
     0
  9
$USERR1
 40
0.0
  9
$USERR2
 40
0.0
  9
$USERR3
 40
0.0
  9
$USERR4
 40
0.0
  9
$USERR5
 40
0.0
  9
$WORLDVIEW
 70
     1
  9
$SHADEDGE
 70
     3
  9
$SHADEDIF
 70
    70
  9
$TILEMODE
 70
     1
  9
$MAXACTVP
 70
    64
  9
$PINSBASE
 10
0.0
 20
0.0
 30
0.0
  9
$PLIMCHECK
 70
     0
  9
$PEXTMIN
 10
0.0
 20
0.0
 30
0.0
  9
$PEXTMAX
 10
0.0
 20
0.0
 30
0.0
  9
$PLIMMIN
 10
0.0
 20
0.0
  9
$PLIMMAX
 10
12.0
 20
9.0
  9
$UNITMODE
 70
     0
  9
$VISRETAIN
 70
     1
  9
$PLINEGEN
 70
     0
  9
$PSLTSCALE
 70
     1
  9
$TREEDEPTH
 70
  3020
  9
$CMLSTYLE
  2
Standard
  9
$CMLJUST
 70
     0
  9
$CMLSCALE
 40
1.0
  9
$PROXYGRAPHICS
 70
     1
  9
$MEASUREMENT
 70
     0
  9
$CELWEIGHT
370
    -1
  9
$ENDCAPS
280
     0
  9
$JOINSTYLE
280
     0
  9
$LWDISPLAY
290
     0
  9
$INSUNITS
 70
     6
  9
$HYPERLINKBASE
  1

  9
$STYLESHEET
  1

  9
$XEDIT
290
     1
  9
$CEPSNTYPE
380
     0
  9
$PSTYLEMODE
290
     1
  9
$FINGERPRINTGUID
  2
{FB0D4209-0E87-C74F-A164-33D18C4C64C8}
  9
$VERSIONGUID
  2
{01B02D5E-A3C7-F648-9DA7-001370A19613}
  9
$EXTNAMES
290
     1
  9
$PSVPSCALE
 40
0.0
  9
$OLESTARTUP
290
     0
  9
$SORTENTS
280
   127
  9
$INDEXCTL
280
     0
  9
$HIDETEXT
280
     1
  9
$XCLIPFRAME
280
     2
  9
$HALOGAP
280
     0
  9
$OBSCOLOR
 70
   257
  9
$OBSLTYPE
280
     0
  9
$INTERSECTIONDISPLAY
280
     0
  9
$INTERSECTIONCOLOR
 70
   257
  9
$DIMASSOC
280
     2
  9
$PROJECTNAME
  1

  9
$CAMERADISPLAY
290
     0
  9
$LENSLENGTH
 40
50.0
  9
$CAMERAHEIGHT
 40
0.0
  9
$STEPSPERSEC
 40
2.0
  9
$STEPSIZE
 40
6.0
  9
$3DDWFPREC
 40
2.0
  9
$PSOLWIDTH
 40
0.25
  9
$PSOLHEIGHT
 40
4.0
  9
$LOFTANG1
 40
1.570796326794896
  9
$LOFTANG2
 40
1.570796326794896
  9
$LOFTMAG1
 40
0.0
  9
$LOFTMAG2
 40
0.0
  9
$LOFTPARAM
 70
     7
  9
$LOFTNORMALS
280
     1
  9
$LATITUDE
 40
37.795
  9
$LONGITUDE
 40
-122.394
  9
$NORTHDIRECTION
 40
0.0
  9
$TIMEZONE
 70
 -8000
  9
$LIGHTGLYPHDISPLAY
280
     1
  9
$TILEMODELIGHTSYNCH
280
     1
  9
$CMATERIAL
347
96
  9
$SOLIDHIST
280
     0
  9
$SHOWHIST
280
     1
  9
$DWFFRAME
280
     2
  9
$DGNFRAME
280
     0
  9
$REALWORLDSCALE
290
     1
  9
$INTERFERECOLOR
 62
     1
  9
$INTERFEREOBJVS
345
A3
  9
$INTERFEREVPVS
346
A0
  9
$CSHADOW
280
     0
  9
$SHADOWPLANELOCATION
 40
0.0
  0
ENDSEC
  0
SECTION
  2
CLASSES
  0
CLASS
  1
ACDBDICTIONARYWDFLT
  2
AcDbDictionaryWithDefault
  3
ObjectDBX Classes
 90
        0
 91
        1
280
     0
281
     0
  0
CLASS
  1
DICTIONARYVAR
  2
AcDbDictionaryVar
  3
ObjectDBX Classes
 90
        0
 91
        9
280
     0
281
     0
  0
CLASS
  1
TABLESTYLE
  2
AcDbTableStyle
  3
ObjectDBX Classes
 90
     4095
 91
        1
280
     0
281
     0
  0
CLASS
  1
MATERIAL
  2
AcDbMaterial
  3
ObjectDBX Classes
 90
     1153
 91
        3
280
     0
281
     0
  0
CLASS
  1
VISUALSTYLE
  2
AcDbVisualStyle
  3
ObjectDBX Classes
 90
     4095
 91
       24
280
     0
281
     0
  0
CLASS
  1
SCALE
  2
AcDbScale
  3
ObjectDBX Classes
 90
     1153
 91
       33
280
     0
281
     0
  0
CLASS
  1
MLEADERSTYLE
  2
AcDbMLeaderStyle
  3
ACDB_MLEADERSTYLE_CLASS
 90
     4095
 91
        2
280
     0
281
     0
  0
CLASS
  1
CELLSTYLEMAP
  2
AcDbCellStyleMap
  3
ObjectDBX Classes
 90
     1152
 91
        1
280
     0
281
     0
  0
CLASS
  1
EXACXREFPANELOBJECT
  2
ExAcXREFPanelObject
  3
EXAC_ESW
 90
     1025
 91
        0
280
     0
281
     0
  0
CLASS
  1
NPOCOLLECTION
  2
AcDbImpNonPersistentObjectsCollection
  3
ObjectDBX Classes
 90
     1153
 91
        0
280
     0
281
     0
  0
CLASS
  1
LAYER_INDEX
  2
AcDbLayerIndex
  3
ObjectDBX Classes
 90
        0
 91
        0
280
     0
281
     0
  0
CLASS
  1
SPATIAL_INDEX
  2
AcDbSpatialIndex
  3
ObjectDBX Classes
 90
        0
 91
        0
280
     0
281
     0
  0
CLASS
  1
IDBUFFER
  2
AcDbIdBuffer
  3
ObjectDBX Classes
 90
        0
 91
        0
280
     0
281
     0
  0
CLASS
  1
ACDBSECTIONVIEWSTYLE
  2
AcDbSectionViewStyle
  3
ObjectDBX Classes
 90
     1025
 91
        1
280
     0
281
     0
  0
CLASS
  1
ACDBDETAILVIEWSTYLE
  2
AcDbDetailViewStyle
  3
ObjectDBX Classes
 90
     1025
 91
        1
280
     0
281
     0
  0
CLASS
  1
RASTERVARIABLES
  2
AcDbRasterVariables
  3
ISM
 90
        0
 91
        1
280
     0
281
     0
  0
CLASS
  1
IMAGEDEF
  2
AcDbRasterImageDef
  3
ISM
 90
        0
 91
        1
280
     0
281
     0
  0
CLASS
  1
IMAGEDEF_REACTOR
  2
AcDbRasterImageDefReactor
  3
ISM
 90
        1
 91
        1
280
     0
281
     0
  0
CLASS
  1
IMAGE
  2
AcDbRasterImage
  3
ISM
 90
     2175
 91
        1
280
     0
281
     1
  0
CLASS
  1
SOLID_BACKGROUND
  2
AcDbSolidBackground
  3
SCENEOE
 90
     4095
 91
        0
280
     0
281
     0
  0
CLASS
  1
SORTENTSTABLE
  2
AcDbSortentsTable
  3
ObjectDBX Classes
 90
        0
 91
        2
280
     0
281
     0
  0
CLASS
  1
DATALINK
  2
AcDbDataLink
  3
ObjectDBX Classes
 90
     1152
 91
        0
280
     0
281
     0
  0
ENDSEC
  0
SECTION
  2
TABLES
  0
TABLE
  2
VPORT
  5
8
330
0
100
AcDbSymbolTable
 70
     1
  0
VPORT
  5
94
330
8
100
AcDbSymbolTableRecord
100
AcDbViewportTableRecord
  2
*Active
 70
     0
 10
0.0
 20
0.0
 11
1.0
 21
1.0
 12
7.624610749252774
 22
-4.703358691940602
 13
0.0
 23
0.0
 14
0.5
 24
0.5
 15
0.5
 25
0.5
 16
0.0
 26
0.0
 36
30.77225781293941
 17
-110.0370414116842
 27
-215.2585727122005
 37
-0.0000000000000015
 40
18.2324372380083
 41
2.360148514851485
 42
50.0
 43
0.0
 44
0.0
 50
0.0
 51
0.0
 71
     0
 72
  1000
 73
     1
 74
     3
 75
     0
 76
     1
 77
     0
 78
     0
281
     0
 65
     1
110
0.0
120
0.0
130
0.0
111
1.0
121
0.0
131
0.0
112
0.0
122
1.0
132
0.0
 79
     0
146
0.0
348
9F
 60
     3
 61
     5
292
     1
282
     1
141
0.0
142
0.0
 63
   250
421
  3355443
1001
ACAD_NAV_VCDISPLAY
1070
     3
  0
ENDTAB
  0
TABLE
  2
LTYPE
  5
5
330
0
100
AcDbSymbolTable
 70
     1
  0
LTYPE
  5
14
330
5
100
AcDbSymbolTableRecord
100
AcDbLinetypeTableRecord
  2
ByBlock
 70
     0
  3

 72
    65
 73
     0
 40
0.0
  0
LTYPE
  5
15
330
5
100
AcDbSymbolTableRecord
100
AcDbLinetypeTableRecord
  2
ByLayer
 70
     0
  3

 72
    65
 73
     0
 40
0.0
  0
LTYPE
  5
16
330
5
100
AcDbSymbolTableRecord
100
AcDbLinetypeTableRecord
  2
Continuous
 70
     0
  3
Solid line
 72
    65
 73
     0
 40
0.0
  0
ENDTAB
  0
TABLE
  2
LAYER
  5
2
102
{ACAD_XDICTIONARY
360
18E
102
}
330
0
100
AcDbSymbolTable
 70
     5
  0
LAYER
  5
10
102
{ACAD_XDICTIONARY
360
E6
102
}
330
2
100
AcDbSymbolTableRecord
100
AcDbLayerTableRecord
  2
0
 70
     0
 62
     7
  6
Continuous
370
    -3
390
F
347
98
348
0
  0
LAYER
  5
28B
330
2
100
AcDbSymbolTableRecord
100
AcDbLayerTableRecord
  2
Walls
 70
     0
 62
   150
  6
Continuous
370
    -3
390
F
347
98
348
0
1001
AcAecLayerStandard
1000

1000

1001
AcCmTransparency
1071
        0
  0
LAYER
  5
28E
330
2
100
AcDbSymbolTableRecord
100
AcDbLayerTableRecord
  2
Rooms
 70
     0
 62
    10
  6
Continuous
370
    -3
390
F
347
98
348
0
1001
AcAecLayerStandard
1000

1000

1001
AcCmTransparency
1071
        0
  0
LAYER
  5
2F9
330
2
100
AcDbSymbolTableRecord
100
AcDbLayerTableRecord
  2
Background
 70
     0
 62
   198
  6
Continuous
370
    -3
390
F
347
98
348
0
1001
AcAecLayerStandard
1000

1000

1001
AcCmTransparency
1071
        0
  0
LAYER
  5
4AF
330
2
100
AcDbSymbolTableRecord
100
AcDbLayerTableRecord
  2
Paths
 70
     0
 62
    70
  6
Continuous
370
    -3
390
F
347
98
348
0
1001
AcAecLayerStandard
1000

1000

1001
AcCmTransparency
1071
        0
  0
ENDTAB
  0
TABLE
  2
STYLE
  5
3
330
0
100
AcDbSymbolTable
 70
     2
  0
STYLE
  5
11
330
3
100
AcDbSymbolTableRecord
100
AcDbTextStyleTableRecord
  2
Standard
 70
     0
 40
0.1
 41
1.0
 50
0.0
 71
     0
 42
0.1
  3
arial.ttf
  4

1001
ACAD
1000
Arial
1071
       34
  0
STYLE
  5
DC
330
3
100
AcDbSymbolTableRecord
100
AcDbTextStyleTableRecord
  2
Annotative
 70
     0
 40
0.0
 41
1.0
 50
0.0
 71
     0
 42
0.2
  3
arial.ttf
  4

1001
AcadAnnotative
1000
AnnotativeData
1002
{
1070
     1
1070
     1
1002
}
1001
ACAD
1000
Arial
1071
       34
  0
ENDTAB
  0
TABLE
  2
VIEW
  5
6
330
0
100
AcDbSymbolTable
 70
     1
  0
ENDTAB
  0
TABLE
  2
UCS
  5
7
330
0
100
AcDbSymbolTable
 70
     0
  0
ENDTAB
  0
TABLE
  2
APPID
  5
9
330
0
100
AcDbSymbolTable
 70
    10
  0
APPID
  5
12
330
9
100
AcDbSymbolTableRecord
100
AcDbRegAppTableRecord
  2
ACAD
 70
     0
  0
APPID
  5
DD
330
9
100
AcDbSymbolTableRecord
100
AcDbRegAppTableRecord
  2
AcadAnnoPO
 70
     0
  0
APPID
  5
DE
330
9
100
AcDbSymbolTableRecord
100
AcDbRegAppTableRecord
  2
AcadAnnotative
 70
     0
  0
APPID
  5
DF
330
9
100
AcDbSymbolTableRecord
100
AcDbRegAppTableRecord
  2
ACAD_DSTYLE_DIMJAG
 70
     0
  0
APPID
  5
E0
330
9
100
AcDbSymbolTableRecord
100
AcDbRegAppTableRecord
  2
ACAD_DSTYLE_DIMTALN
 70
     0
  0
APPID
  5
107
330
9
100
AcDbSymbolTableRecord
100
AcDbRegAppTableRecord
  2
ACAD_MLEADERVER
 70
     0
  0
APPID
  5
1A6
330
9
100
AcDbSymbolTableRecord
100
AcDbRegAppTableRecord
  2
ACAD_NAV_VCDISPLAY
 70
     0
  0
APPID
  5
26A
330
9
100
AcDbSymbolTableRecord
100
AcDbRegAppTableRecord
  2
ACAD_EXEMPT_FROM_CAD_STANDARDS
 70
     0
  0
APPID
  5
28C
330
9
100
AcDbSymbolTableRecord
100
AcDbRegAppTableRecord
  2
AcAecLayerStandard
 70
     0
  0
APPID
  5
28D
330
9
100
AcDbSymbolTableRecord
100
AcDbRegAppTableRecord
  2
AcCmTransparency
 70
     0
  0
ENDTAB
  0
TABLE
  2
DIMSTYLE
  5
A
330
0
100
AcDbSymbolTable
 70
     2
100
AcDbDimStyleTable
 71
     2
340
27
340
E1
  0
DIMSTYLE
105
27
330
A
100
AcDbSymbolTableRecord
100
AcDbDimStyleTableRecord
  2
Standard
 70
     0
340
11
  0
DIMSTYLE
105
E1
330
A
100
AcDbSymbolTableRecord
100
AcDbDimStyleTableRecord
  2
Annotative
 70
     0
 40
0.0
340
11
1001
AcadAnnotative
1000
AnnotativeData
1002
{
1070
     1
1070
     1
1002
}
1001
ACAD_DSTYLE_DIMJAG
1070
   388
1040
1.5
1001
ACAD_DSTYLE_DIMTALN
1070
   392
1070
     0
  0
ENDTAB
  0
TABLE
  2
BLOCK_RECORD
  5
1
330
0
100
AcDbSymbolTable
 70
     2
  0
BLOCK_RECORD
  5
1F
102
{ACAD_XDICTIONARY
360
15D
102
}
330
1
100
AcDbSymbolTableRecord
100
AcDbBlockTableRecord
  2
*Model_Space
340
22
 70
     0
280
     1
281
     0
  0
BLOCK_RECORD
  5
58
330
1
100
AcDbSymbolTableRecord
100
AcDbBlockTableRecord
  2
*Paper_Space
340
59
 70
     0
280
     1
281
     0
  0
BLOCK_RECORD
  5
5D
330
1
100
AcDbSymbolTableRecord
100
AcDbBlockTableRecord
  2
*Paper_Space0
340
5E
 70
     0
280
     1
281
     0
  0
BLOCK_RECORD
  5
42A
102
{ACAD_XDICTIONARY
360
42C
102
}
330
1
100
AcDbSymbolTableRecord
100
AcDbBlockTableRecord
  2
A$C4f5becb6
340
0
 70
     6
280
     1
281
     0
  0
ENDTAB
  0
ENDSEC
  0
SECTION
  2
BLOCKS
  0
BLOCK
  5
20
330
1F
100
AcDbEntity
  8
0
100
AcDbBlockBegin
  2
*Model_Space
 70
     0
 10
0.0
 20
0.0
 30
0.0
  3
*Model_Space
  1

  0
ENDBLK
  5
21
330
1F
100
AcDbEntity
  8
0
100
AcDbBlockEnd
  0
BLOCK
  5
5A
330
58
100
AcDbEntity
 67
     1
  8
0
100
AcDbBlockBegin
  2
*Paper_Space
 70
     0
 10
0.0
 20
0.0
 30
0.0
  3
*Paper_Space
  1

  0
ENDBLK
  5
5B
330
58
100
AcDbEntity
 67
     1
  8
0
100
AcDbBlockEnd
  0
BLOCK
  5
5F
330
5D
100
AcDbEntity
 67
     1
  8
0
100
AcDbBlockBegin
  2
*Paper_Space0
 70
     0
 10
0.0
 20
0.0
 30
0.0
  3
*Paper_Space0
  1

  0
ENDBLK
  5
60
330
5D
100
AcDbEntity
 67
     1
  8
0
100
AcDbBlockEnd
  0
BLOCK
  5
42E
330
42A
100
AcDbEntity
  8
0
100
AcDbBlockBegin
  2
A$C4f5becb6
 70
     0
 10
0.0
 20
0.0
 30
0.0
  3
A$C4f5becb6
  1

  0
MTEXT
  5
42B
330
42A
100
AcDbEntity
  8
Rooms
100
AcDbMText
 10
0.0
 20
0.1021145975443289
 30
0.0
 40
0.1
 41
0.0
 46
0.0
 71
     1
 72
     5
  1
DZ001
 73
     1
 44
1.0
  0
ENDBLK
  5
42F
330
42A
100
AcDbEntity
  8
0
100
AcDbBlockEnd
  0
ENDSEC
  0
SECTION
  2
ENTITIES
  0
IMAGE
  5
269
330
1F
100
AcDbEntity
  8
Rooms
160
               140
310
8C000000010000008400000006000000050000003ED448162C605FC0EA5A632D95A06DC000000000000000003ED448162C605FC06A4B7079734169C0000000000000000095556B36D2B753C06A4B7079734169C0000000000000000095556B36D2B753C0EA5A632D95A06DC000000000000000003ED448162C605FC0EA5A63
310
2D95A06DC00000000000000000
100
AcDbRasterImage
 90
        0
 10
-125.5026908599111
 20
-237.018210119298
 30
0.0
 11
0.0115651005710646
 21
0.0
 31
0.0
 12
0.0
 22
0.0115651005710646
 32
0.0
 13
4032.0
 23
3024.0
340
267
 70
     7
280
     0
281
    50
282
    50
283
     0
290
     0
360
268
 71
     1
 91
        2
 14
-0.5
 24
-0.5
 14
4031.5
 24
3023.5
  0
LINE
  5
271
330
1F
100
AcDbEntity
  8
0
100
AcDbLine
 10
-183.7286353477813
 20
4.269114432582885
 30
0.0
 11
-183.7286353477813
 21
2.749794891405578
 31
0.0
  0
LWPOLYLINE
  5
292
330
1F
100
AcDbEntity
  8
Walls
100
AcDbPolyline
 90
        6
 70
     0
 43
0.0
 10
-90.58333628491402
 20
-216.5378691380406
 10
-94.83831579621584
 20
-216.5378691380406
 10
-94.83831579621584
 20
-224.8461409618871
 10
-90.36969635779914
 20
-224.8461409618871
 10
-90.36969635779914
 20
-216.535683889939
 10
-90.58333628491402
 20
-216.5378691380406
  0
LWPOLYLINE
  5
293
330
1F
100
AcDbEntity
  8
Walls
100
AcDbPolyline
 90
        5
 70
     0
 43
0.0
 10
-103.3231849573368
 20
-216.6156828272474
 10
-98.94413178603224
 20
-216.6156828272474
 10
-98.94413178603224
 20
-223.3703769870153
 10
-103.33937551075
 20
-223.3703769870153
 10
-103.3231849573368
 20
-216.6156828272474
  0
LWPOLYLINE
  5
294
330
1F
100
AcDbEntity
  8
Walls
100
AcDbPolyline
 90
        6
 70
     0
 43
0.0
 10
-111.8097909518307
 20
-216.6027365027388
 10
-107.4416251817691
 20
-216.6027365027388
 10
-107.6472593434813
 20
-224.88501203208
 10
-112.0468247367729
 20
-224.88501203208
 10
-112.0468247367729
 20
-216.6028347987825
 10
-111.8097909518307
 20
-216.6027365027388
  0
LWPOLYLINE
  5
295
330
1F
100
AcDbEntity
  8
Walls
100
AcDbPolyline
 90
        2
 70
     0
 43
0.0
 10
-106.8919833749293
 20
-217.2366804541335
 10
-104.8053880589774
 20
-217.2366804541335
  0
LWPOLYLINE
  5
296
330
1F
100
AcDbEntity
  8
Walls
100
AcDbPolyline
 90
        2
 70
     0
 43
0.0
 10
-98.41562406918626
 20
-217.2859822725321
 10
-97.91849879360569
 20
-217.2859822725321
  0
LWPOLYLINE
  5
29A
330
1F
100
AcDbEntity
  8
Walls
100
AcDbPolyline
 90
        2
 70
     0
 43
0.0
 10
-114.0107287013367
 20
-213.2529995211781
 10
-114.0107287013367
 20
-213.6544849337887
  0
LWPOLYLINE
  5
29B
330
1F
100
AcDbEntity
  8
Walls
100
AcDbPolyline
 90
        3
 70
     0
 43
0.0
 10
-112.3118865524928
 20
-212.8991308114065
 10
-112.3118865524928
 20
-213.2244273096938
 10
-112.4737761450939
 20
-213.2244273096938
  0
LWPOLYLINE
  5
2A4
330
1F
100
AcDbEntity
  8
Walls
100
AcDbPolyline
 90
        2
 70
     0
 43
0.0
 10
-86.58635033706136
 20
-215.9352187686238
 10
-89.99357154995703
 20
-215.9352187686238
  0
LWPOLYLINE
  5
2A6
330
1F
100
AcDbEntity
  8
Walls
100
AcDbPolyline
 90
        3
 70
     0
 43
0.0
 10
-88.68872536460427
 20
-215.938412270019
 10
-88.68872536460427
 20
-217.3464123829611
 10
-88.17920158970961
 20
-217.3464123829611
  0
LWPOLYLINE
  5
2A7
330
1F
100
AcDbEntity
  8
Walls
100
AcDbPolyline
 90
        7
 70
     0
 43
0.0
 10
-113.7424306487156
 20
-214.7748032724305
 10
-113.7424306487156
 20
-215.8715072076635
 10
-106.5083563492655
 20
-215.8715072076635
 10
-106.5083563492655
 20
-215.4544516995769
 10
-106.8484186971083
 20
-215.4544516995769
 10
-106.8484186971083
 20
-214.0951548452839
 10
-108.4878848721488
 20
-214.0951548452839
  0
LWPOLYLINE
  5
2A8
330
1F
100
AcDbEntity
  8
Walls
100
AcDbPolyline
 90
        2
 70
     0
 43
0.0
 10
-113.685833525377
 20
-226.525082859159
 10
-112.7085254611631
 20
-226.525082859159
  0
LWPOLYLINE
  5
2A9
330
1F
100
AcDbEntity
  8
Walls
100
AcDbPolyline
 90
        2
 70
     0
 43
0.0
 10
-112.7085254611631
 20
-224.3266223326619
 10
-112.7085254611631
 20
-216.530423716384
  0
LWPOLYLINE
  5
2AC
330
1F
100
AcDbEntity
  8
Walls
100
AcDbPolyline
 90
        2
 70
     0
 43
0.0
 10
-89.99370648077876
 20
-216.5243736222104
 10
-89.99370648077876
 20
-224.3544269022295
  0
LWPOLYLINE
  5
2AD
330
1F
100
AcDbEntity
  8
Walls
100
AcDbPolyline
 90
        3
 70
     0
 43
0.0
 10
-106.2103770358564
 20
-215.8876914166727
 10
-106.2103770358564
 20
-215.2102966703224
 10
-106.5595825453999
 20
-215.2102966703224
  0
LWPOLYLINE
  5
2AE
330
1F
100
AcDbEntity
  8
Walls
100
AcDbPolyline
 90
        2
 70
     0
 43
0.0
 10
-105.5838561665243
 20
-214.6150091930363
 10
-105.5838561665243
 20
-214.0993145954427
  0
LWPOLYLINE
  5
2AF
330
1F
100
AcDbEntity
  8
Walls
100
AcDbPolyline
 90
        3
 70
     0
 43
0.0
 10
-105.5838561665243
 20
-215.8569017339165
 10
-102.7633778630008
 20
-215.8569017339165
 10
-102.7633778630008
 20
-215.8569017339165
  0
LWPOLYLINE
  5
2B0
330
1F
100
AcDbEntity
  8
Walls
100
AcDbPolyline
 90
        2
 70
     0
 43
0.0
 10
-102.3940662415486
 20
-215.8672286902648
 10
-99.98380908543385
 20
-215.8672286902648
  0
LWPOLYLINE
  5
2B1
330
1F
100
AcDbEntity
  8
Walls
100
AcDbPolyline
 90
        2
 70
     0
 43
0.0
 10
-99.6249331857436
 20
-215.8864458090345
 10
-97.22115583730706
 20
-215.8864458090345
  0
LWPOLYLINE
  5
2B2
330
1F
100
AcDbEntity
  8
Walls
100
AcDbPolyline
 90
        2
 70
     0
 43
0.0
 10
-96.86925976195125
 20
-215.9220962583412
 10
-89.99357154995703
 20
-215.9220962583412
  0
LWPOLYLINE
  5
2B3
330
1F
100
AcDbEntity
  8
Walls
100
AcDbPolyline
 90
        2
 70
     0
 43
0.0
 10
-104.6598730078077
 20
-214.1144776958648
 10
-104.6598730078077
 20
-215.8595450291949
  0
LWPOLYLINE
  5
2B4
330
1F
100
AcDbEntity
  8
Walls
100
AcDbPolyline
 90
        3
 70
     0
 43
0.0
 10
-103.913129200208
 20
-214.8296071117439
 10
-103.9011776677327
 20
-214.8296071117439
 10
-103.9011776677327
 20
-215.8580474032671
  0
LWPOLYLINE
  5
2B5
330
1F
100
AcDbEntity
  8
Walls
100
AcDbPolyline
 90
        2
 70
     0
 43
0.0
 10
-89.99662947494533
 20
-214.771070794659
 10
-90.24224427361652
 20
-214.771070794659
  0
LWPOLYLINE
  5
2B6
330
1F
100
AcDbEntity
  8
Walls
100
AcDbPolyline
 90
        4
 70
     0
 43
0.0
 10
-90.74647758154439
 20
-213.9773956785322
 10
-94.91662329130138
 20
-213.9773956785322
 10
-94.91662329130138
 20
-214.4860569381136
 10
-94.40779925441828
 20
-214.4860569381136
  0
LWPOLYLINE
  5
2B8
330
1F
100
AcDbEntity
  8
Walls
100
AcDbPolyline
 90
        3
 70
     0
 43
0.0
 10
-95.50226510867664
 20
-212.8991308114065
 10
-95.50226510867664
 20
-213.5470136170989
 10
-94.39633045020734
 20
-213.5470136170989
  0
LWPOLYLINE
  5
2B9
330
1F
100
AcDbEntity
  8
Walls
100
AcDbPolyline
 90
        6
 70
     0
 43
0.0
 10
-112.0049952239371
 20
-226.4189665238699
 10
-104.8454404135247
 20
-226.4189665238699
 10
-104.8454404135247
 20
-225.9830588890189
 10
-94.63441661212042
 20
-225.9830588890189
 10
-94.63441661212042
 20
-226.3618076170919
 10
-89.99772815099793
 20
-226.3618076170919
  0
LWPOLYLINE
  5
2BA
330
1F
100
AcDbEntity
  8
Walls
100
AcDbPolyline
 90
        2
 70
     0
 43
0.0
 10
-98.45313564991208
 20
-215.8850191537748
 10
-98.45313564991208
 20
-214.8224130034435
  0
LWPOLYLINE
  5
2BB
330
1F
100
AcDbEntity
  8
Walls
100
AcDbPolyline
 90
        2
 70
     0
 43
0.0
 10
-96.87503546454323
 20
-214.7535526267724
 10
-96.86925976195125
 20
-215.9220962583412
  0
LWPOLYLINE
  5
2BC
330
1F
100
AcDbEntity
  8
Walls
100
AcDbPolyline
 90
        2
 70
     0
 43
0.0
 10
-96.9021145978383
 20
-213.9953237382345
 10
-95.50494560933307
 20
-213.9953237382345
  0
LWPOLYLINE
  5
2BD
330
1F
100
AcDbEntity
  8
Walls
100
AcDbPolyline
 90
        2
 70
     0
 43
0.0
 10
-95.50494560933307
 20
-213.9953237382345
 10
-95.50494560933307
 20
-214.771070794659
  0
LWPOLYLINE
  5
2BE
330
1F
100
AcDbEntity
  8
Walls
100
AcDbPolyline
 90
        2
 70
     0
 43
0.0
 10
-96.9021145978383
 20
-213.9953237382345
 10
-96.9021145978383
 20
-214.5725890110549
  0
LWPOLYLINE
  5
2BF
330
1F
100
AcDbEntity
  8
Walls
100
AcDbPolyline
 90
        2
 70
     0
 43
0.0
 10
-96.9021145978383
 20
-214.5725890110549
 10
-95.5051292889208
 20
-214.5725890110549
  0
LWPOLYLINE
  5
2C0
330
1F
100
AcDbEntity
  8
Walls
100
AcDbPolyline
 90
        5
 70
     0
 43
0.0
 10
-103.2584113593076
 20
-224.8280272035612
 10
-101.9102542074626
 20
-224.8280272035612
 10
-101.9102542074626
 20
-225.1749144469567
 10
-103.2503396618692
 20
-225.1749144469567
 10
-103.2584113593076
 20
-224.8280272035612
  0
LWPOLYLINE
  5
2C1
330
1F
100
AcDbEntity
  8
Walls
100
AcDbPolyline
 90
        5
 70
     0
 43
0.0
 10
-99.10039190381501
 20
-224.838611971723
 10
-100.4102790734088
 20
-224.838611971723
 10
-100.4102790734088
 20
-225.15824358194
 10
-99.1054669027946
 20
-225.15824358194
 10
-99.1054669027946
 20
-224.838611971723
  0
LWPOLYLINE
  5
2C4
330
1F
100
AcDbEntity
  8
Walls
100
AcDbPolyline
 90
        2
 70
     0
 43
0.0
 10
-102.7690039007436
 20
-212.5586353219503
 10
-101.4851555268833
 20
-212.5586353219503
  0
LWPOLYLINE
  5
2C5
330
1F
100
AcDbEntity
  8
Walls
100
AcDbPolyline
 90
        5
 70
     0
 43
0.0
 10
-99.61897380356385
 20
-212.5586353219503
 10
-95.50226510867664
 20
-212.5586353219503
 10
-95.50226510867664
 20
-212.8991308114065
 10
-89.99370648077876
 20
-212.8991308114065
 10
-89.99370648077876
 20
-215.9718191771961
  0
LWPOLYLINE
  5
2C6
330
1F
100
AcDbEntity
  8
Walls
100
AcDbPolyline
 90
        2
 70
     0
 43
0.0
 10
-88.68872536460427
 20
-225.0024093761304
 10
-89.26627431821797
 20
-225.0024093761304
  0
LWPOLYLINE
  5
2C7
330
1F
100
AcDbEntity
  8
Walls
100
AcDbPolyline
 90
        4
 70
     0
 43
0.0
 10
-89.99370648077876
 20
-225.0020081746005
 10
-89.99370648077876
 20
-226.5189637632664
 10
-86.58635033706136
 20
-226.5189637632664
 10
-86.58635033706136
 20
-215.9352187686238
  0
LWPOLYLINE
  5
2C8
330
1F
100
AcDbEntity
  8
Walls
100
AcDbPolyline
 90
        3
 70
     0
 43
0.0
 10
-113.6919799886188
 20
-226.525082859159
 10
-115.7416189518441
 20
-226.525082859159
 10
-115.7416189518441
 20
-224.8736730513997
  0
LWPOLYLINE
  5
2C9
330
1F
100
AcDbEntity
  8
Walls
100
AcDbPolyline
 90
        2
 70
     0
 43
0.0
 10
-113.685833525377
 20
-224.9648340285088
 10
-113.6411860769685
 20
-224.962749670507
  0
LWPOLYLINE
  5
2CA
330
1F
100
AcDbEntity
  8
Walls
100
AcDbPolyline
 90
        2
 70
     0
 43
0.0
 10
-113.685833525377
 20
-224.1125139667239
 10
-113.685833525377
 20
-224.2763577193226
  0
LWPOLYLINE
  5
2CB
330
1F
100
AcDbEntity
  8
Walls
100
AcDbPolyline
 90
        2
 70
     0
 43
0.0
 10
-113.685833525377
 20
-223.7031580518977
 10
-113.685833525377
 20
-223.8717162845683
  0
LWPOLYLINE
  5
2CC
330
1F
100
AcDbEntity
  8
Walls
100
AcDbPolyline
 90
        2
 70
     0
 43
0.0
 10
-113.685833525377
 20
-221.0178582767727
 10
-113.685833525377
 20
-223.5044995658148
  0
LWPOLYLINE
  5
2CD
330
1F
100
AcDbEntity
  8
Walls
100
AcDbPolyline
 90
        2
 70
     0
 43
0.0
 10
-113.685833525377
 20
-220.734055266722
 10
-113.685833525377
 20
-220.8548227207578
  0
LWPOLYLINE
  5
2CE
330
1F
100
AcDbEntity
  8
Walls
100
AcDbPolyline
 90
        2
 70
     0
 43
0.0
 10
-113.685833525377
 20
-217.6468225292655
 10
-113.685833525377
 20
-220.4925203586507
  0
LWPOLYLINE
  5
2CF
330
1F
100
AcDbEntity
  8
Walls
100
AcDbPolyline
 90
        2
 70
     0
 43
0.0
 10
-113.685833525377
 20
-217.1743881746182
 10
-113.685833525377
 20
-217.3803204299553
  0
LWPOLYLINE
  5
2D0
330
1F
100
AcDbEntity
  8
Walls
100
AcDbPolyline
 90
        4
 70
     0
 43
0.0
 10
-114.1069938126776
 20
-216.2658622407365
 10
-114.1069938126776
 20
-216.3673894019069
 10
-113.685833525377
 20
-216.3673894019069
 10
-113.685833525377
 20
-216.9563431091916
  0
LWPOLYLINE
  5
2D1
330
1F
100
AcDbEntity
  8
Walls
100
AcDbPolyline
 90
        4
 70
     0
 43
0.0
 10
-114.5883193693814
 20
-215.7086961506996
 10
-114.5883193693814
 20
-215.850328981054
 10
-114.1069938126776
 20
-215.850328981054
 10
-114.1069938126776
 20
-216.0841570539602
  0
LWPOLYLINE
  5
2D2
330
1F
100
AcDbEntity
  8
Walls
100
AcDbPolyline
 90
        3
 70
     0
 43
0.0
 10
-114.5197354522067
 20
-214.9965764704856
 10
-114.5883193693814
 20
-214.9965764704856
 10
-114.5883193693814
 20
-215.5827304573464
  0
LWPOLYLINE
  5
2D3
330
1F
100
AcDbEntity
  8
Walls
100
AcDbPolyline
 90
        2
 70
     0
 43
0.0
 10
-114.2385390107585
 20
-214.9965764704856
 10
-114.432467239191
 20
-214.9965764704856
  0
LWPOLYLINE
  5
2D4
330
1F
100
AcDbEntity
  8
Walls
100
AcDbPolyline
 90
        3
 70
     0
 43
0.0
 10
-114.0107287013367
 20
-214.1389683697628
 10
-114.0107287013367
 20
-214.9965764704856
 10
-114.1318755938675
 20
-214.9965764704856
  0
LWPOLYLINE
  5
2D5
330
1F
100
AcDbEntity
  8
Walls
100
AcDbPolyline
 90
        2
 70
     0
 43
0.0
 10
-114.0107287013367
 20
-213.7998299645809
 10
-114.0107287013367
 20
-213.9645543328121
  0
LWPOLYLINE
  5
2D6
330
1F
100
AcDbEntity
  8
Walls
100
AcDbPolyline
 90
        8
 70
     0
 43
0.0
 10
-113.9088579610963
 20
-213.2244273096938
 10
-115.7416189518441
 20
-213.2244273096938
 10
-115.7416189518441
 20
-211.7073955952889
 10
-112.3118865524928
 20
-211.7073955952889
 10
-112.3118865524928
 20
-212.8991308114065
 10
-106.9169067767935
 20
-212.8991308114065
 10
-106.9169067767935
 20
-212.5586353219503
 10
-102.7690039007436
 20
-212.5586353219503
  0
LWPOLYLINE
  5
2D7
330
1F
100
AcDbEntity
  8
Walls
100
AcDbPolyline
 90
        2
 70
     0
 43
0.0
 10
-112.6870995774012
 20
-213.2244273096938
 10
-113.6858369268513
 20
-213.2244273096938
  0
LWPOLYLINE
  5
2D8
330
1F
100
AcDbEntity
  8
Walls
100
AcDbPolyline
 90
        2
 70
     0
 43
0.0
 10
-94.20728333674484
 20
-213.5470136170989
 10
-92.35341886366102
 20
-213.5470136170989
  0
LWPOLYLINE
  5
2D9
330
1F
100
AcDbEntity
  8
Walls
100
AcDbPolyline
 90
        2
 70
     0
 43
0.0
 10
-92.17656943541369
 20
-213.5470136170989
 10
-91.6094314965
 20
-213.5470136170989
  0
LWPOLYLINE
  5
2DA
330
1F
100
AcDbEntity
  8
Walls
100
AcDbPolyline
 90
        2
 70
     0
 43
0.0
 10
-91.43868091086019
 20
-213.5470136170989
 10
-91.25573604147907
 20
-213.5470136170989
  0
LWPOLYLINE
  5
2DB
330
1F
100
AcDbEntity
  8
Walls
100
AcDbPolyline
 90
        2
 70
     0
 43
0.0
 10
-91.08498545583932
 20
-213.5470136170989
 10
-89.99517364413911
 20
-213.5470136170989
  0
LWPOLYLINE
  5
2DC
330
1F
100
AcDbEntity
  8
Walls
100
AcDbPolyline
 90
        2
 70
     0
 43
0.0
 10
-90.92033031133283
 20
-214.771070794659
 10
-91.78018548361405
 20
-214.771070794659
  0
LWPOLYLINE
  5
2DD
330
1F
100
AcDbEntity
  8
Walls
100
AcDbPolyline
 90
        2
 70
     0
 43
0.0
 10
-91.92654069882399
 20
-214.771070794659
 10
-92.19486596323593
 20
-214.771070794659
  0
LWPOLYLINE
  5
2DE
330
1F
100
AcDbEntity
  8
Walls
100
AcDbPolyline
 90
        2
 70
     0
 43
0.0
 10
-92.31682920948983
 20
-214.771070794659
 10
-93.22546831968358
 20
-214.771070794659
  0
LWPOLYLINE
  5
2DF
330
1F
100
AcDbEntity
  8
Walls
100
AcDbPolyline
 90
        2
 70
     0
 43
0.0
 10
-93.34133272332987
 20
-214.771070794659
 10
-94.55488335063243
 20
-214.771070794659
  0
LWPOLYLINE
  5
2E0
330
1F
100
AcDbEntity
  8
Walls
100
AcDbPolyline
 90
        3
 70
     0
 43
0.0
 10
-94.71953509366464
 20
-214.771070794659
 10
-95.50494560933307
 20
-214.771070794659
 10
-95.50494560933307
 20
-215.921489386713
  0
LWPOLYLINE
  5
2E1
330
1F
100
AcDbEntity
  8
Walls
100
AcDbPolyline
 90
        4
 70
     0
 43
0.0
 10
-88.09072245200393
 20
-217.3464123829611
 10
-88.04827545986894
 20
-217.3464123829611
 10
-88.04827545986894
 20
-217.5965941254502
 10
-88.08302831816233
 20
-217.5965941254502
  0
LWPOLYLINE
  5
2E2
330
1F
100
AcDbEntity
  8
Walls
100
AcDbPolyline
 90
        3
 70
     0
 43
0.0
 10
-88.17535452278859
 20
-217.5965941254502
 10
-88.68872536460427
 20
-217.5965941254502
 10
-88.68872536460427
 20
-218.2502861171525
  0
LWPOLYLINE
  5
2E3
330
1F
100
AcDbEntity
  8
Walls
100
AcDbPolyline
 90
        2
 70
     0
 43
0.0
 10
-88.68872536460427
 20
-218.3802290646618
 10
-88.68872536460427
 20
-220.9233890760912
  0
LWPOLYLINE
  5
2E4
330
1F
100
AcDbEntity
  8
Walls
100
AcDbPolyline
 90
        2
 70
     0
 43
0.0
 10
-88.68872536460427
 20
-221.1213957907356
 10
-88.68872536460427
 20
-221.2451512547219
  0
LWPOLYLINE
  5
2E5
330
1F
100
AcDbEntity
  8
Walls
100
AcDbPolyline
 90
        2
 70
     0
 43
0.0
 10
-88.68872536460427
 20
-221.4555343847936
 10
-88.68872536460427
 20
-223.94783015316
  0
LWPOLYLINE
  5
2E6
330
1F
100
AcDbEntity
  8
Walls
100
AcDbPolyline
 90
        2
 70
     0
 43
0.0
 10
-88.68872536460427
 20
-224.1265589170338
 10
-88.68872536460427
 20
-225.0024093761304
  0
LWPOLYLINE
  5
2E7
330
1F
100
AcDbEntity
  8
Walls
100
AcDbPolyline
 90
        4
 70
     0
 43
0.0
 10
-104.4606350787
 20
-217.2366804541335
 10
-103.9144102612071
 20
-217.2366804541335
 10
-103.9144102612071
 20
-224.861342745957
 10
-104.3218073251129
 20
-224.861342745957
  0
LWPOLYLINE
  5
2E8
330
1F
100
AcDbEntity
  8
Walls
100
AcDbPolyline
 90
        4
 70
     0
 43
0.0
 10
-97.5988180770534
 20
-217.2859822725321
 10
-95.41980478280548
 20
-217.2859822725321
 10
-95.41980478280548
 20
-224.8949974390262
 10
-95.72195283781701
 20
-224.8949974390262
  0
LWPOLYLINE
  5
2E9
330
1F
100
AcDbEntity
  8
Walls
100
AcDbPolyline
 90
        2
 70
     0
 43
0.0
 10
-104.644665018238
 20
-224.861342745957
 10
-105.2903770030145
 20
-224.861342745957
  0
LWPOLYLINE
  5
2EA
330
1F
100
AcDbEntity
  8
Walls
100
AcDbPolyline
 90
        2
 70
     0
 43
0.0
 10
-105.61323469614
 20
-224.861342745957
 10
-106.279124223776
 20
-224.861342745957
  0
LWPOLYLINE
  5
2EB
330
1F
100
AcDbEntity
  8
Walls
100
AcDbPolyline
 90
        3
 70
     0
 43
0.0
 10
-106.6423404040944
 20
-224.861342745957
 10
-107.0367262942944
 20
-224.861342745957
 10
-106.8919833749293
 20
-217.2366804541335
  0
LWPOLYLINE
  5
2EC
330
1F
100
AcDbEntity
  8
Walls
100
AcDbPolyline
 90
        3
 70
     0
 43
0.0
 10
-98.00212742960518
 20
-224.8949974390262
 10
-98.35321113467044
 20
-224.8949974390262
 10
-98.41562406918626
 20
-217.2859822725321
  0
LWPOLYLINE
  5
2ED
330
1F
100
AcDbEntity
  8
Walls
100
AcDbPolyline
 90
        2
 70
     0
 43
0.0
 10
-96.02462958660831
 20
-224.8949974390262
 10
-97.68935850790985
 20
-224.8949974390262
  0
LWPOLYLINE
  5
2EE
330
1F
100
AcDbEntity
  8
Walls
100
AcDbPolyline
 90
        3
 70
     0
 43
0.0
 10
-112.708722746646
 20
-218.6055305187709
 10
-113.0977323031453
 20
-218.6055305187709
 10
-113.0977323031453
 20
-219.0837728811258
  0
LWPOLYLINE
  5
2F0
330
1F
100
AcDbEntity
  8
Walls
100
AcDbPolyline
 90
        2
 70
     0
 43
0.0
 10
-113.0973547395485
 20
-219.3627513341504
 10
-113.0973547395485
 20
-219.5234723773679
  0
LWPOLYLINE
  5
2F1
330
1F
100
AcDbEntity
  8
Walls
100
AcDbPolyline
 90
        3
 70
     0
 43
0.0
 10
-112.7166923998695
 20
-221.415732875614
 10
-113.1783608392121
 20
-221.415732875614
 10
-113.1783608392121
 20
-221.6340285109494
  0
LWPOLYLINE
  5
2F2
330
1F
100
AcDbEntity
  8
Walls
100
AcDbPolyline
 90
        2
 70
     0
 43
0.0
 10
-113.1783914524769
 20
-222.1701076223784
 10
-112.7089064262338
 20
-222.1701076223784
  0
LWPOLYLINE
  5
2F3
330
1F
100
AcDbEntity
  8
Walls
100
AcDbPolyline
 90
        3
 70
     0
 43
0.0
 10
-89.99402054450472
 20
-218.5937754587818
 10
-89.38593566342268
 20
-218.5937754587818
 10
-89.38593566342268
 20
-218.9869022647886
  0
LWPOLYLINE
  5
2F4
330
1F
100
AcDbEntity
  8
Walls
100
AcDbPolyline
 90
        2
 70
     0
 43
0.0
 10
-89.38716019400741
 20
-219.3545766719302
 10
-89.99357835290465
 20
-219.3545766719302
  0
LWPOLYLINE
  5
2F5
330
1F
100
AcDbEntity
  8
Walls
100
AcDbPolyline
 90
        3
 70
     0
 43
0.0
 10
-89.9949661542343
 20
-221.3546604434426
 10
-89.41251478006204
 20
-221.3546604434426
 10
-89.41251478006204
 20
-221.8508178300714
  0
LWPOLYLINE
  5
2F6
330
1F
100
AcDbEntity
  8
Walls
100
AcDbPolyline
 90
        2
 70
     0
 43
0.0
 10
-89.41302500113913
 20
-222.1688895339788
 10
-89.99514303087442
 20
-222.1688895339788
  0
LWPOLYLINE
  5
2F7
330
1F
100
AcDbEntity
  8
Walls
100
AcDbPolyline
 90
        2
 70
     0
 43
0.0
 10
-113.685833525377
 20
-224.9648340285088
 10
-115.7419428304494
 20
-224.9648340285088
  0
LWPOLYLINE
  5
30B
330
1F
100
AcDbEntity
  8
Walls
100
AcDbPolyline
 90
        3
 70
     0
 43
0.0
 10
-113.0977323031453
 20
-219.2055353728911
 10
-113.0977323031453
 20
-219.3629396236771
 10
-112.708722746646
 20
-219.3629396236771
  0
LWPOLYLINE
  5
30C
330
1F
100
AcDbEntity
  8
Walls
100
AcDbPolyline
 90
        3
 70
     0
 43
0.0
 10
-113.0973547395485
 20
-219.6384694816014
 10
-113.0973547395485
 20
-220.1259568597164
 10
-112.7084438257904
 20
-220.1259568597164
  0
LWPOLYLINE
  5
30D
330
1F
100
AcDbEntity
  8
Walls
100
AcDbPolyline
 90
        2
 70
     0
 43
0.0
 10
-113.1783608392121
 20
-221.7287323493489
 10
-113.1783608392121
 20
-222.2947031473299
  0
LWPOLYLINE
  5
30E
330
1F
100
AcDbEntity
  8
Walls
100
AcDbPolyline
 90
        3
 70
     0
 43
0.0
 10
-113.1783608392121
 20
-222.3843173749848
 10
-113.1783608392121
 20
-222.9374714497222
 10
-112.7087703672797
 20
-222.9374714497222
  0
LWPOLYLINE
  5
313
330
1F
100
AcDbEntity
  8
Walls
100
AcDbPolyline
 90
        2
 70
     0
 43
0.0
 10
-112.7085254611631
 20
-226.525082859159
 10
-112.7085254611631
 20
-224.9579310447842
  0
LWPOLYLINE
  5
314
330
1F
100
AcDbEntity
  8
Walls
100
AcDbPolyline
 90
        2
 70
     0
 43
0.0
 10
-113.0631740666097
 20
-224.9597633499806
 10
-113.6411860769685
 20
-224.962749670507
  0
LWPOLYLINE
  5
317
330
1F
100
AcDbEntity
  8
Walls
100
AcDbPolyline
 90
        2
 70
     0
 43
0.0
 10
-112.0684844704937
 20
-214.8005376917103
 10
-112.4344886081271
 20
-214.7949109254149
  0
LWPOLYLINE
  5
318
330
1F
100
AcDbEntity
  8
Walls
100
AcDbPolyline
 90
        4
 70
     0
 43
0.0
 10
-110.2175003085537
 20
-214.0951548452839
 10
-111.7329657545057
 20
-214.0951548452839
 10
-111.7329657545057
 20
-214.8056957902356
 10
-111.9738132151143
 20
-214.8019931206909
  0
LWPOLYLINE
  5
319
330
1F
100
AcDbEntity
  8
Walls
100
AcDbPolyline
 90
        2
 70
     0
 43
0.0
 10
-108.7150795148042
 20
-214.0951548452839
 10
-109.9976324405644
 20
-214.0951548452839
  0
LWPOLYLINE
  5
344
330
1F
100
AcDbEntity
  8
Walls
100
AcDbPolyline
 90
        3
 70
     0
 43
0.0
 10
-89.41251478006204
 20
-222.4522160266889
 10
-89.41251478006204
 20
-222.9984772563688
 10
-89.99414639903731
 20
-222.9984772563688
  0
LWPOLYLINE
  5
345
330
1F
100
AcDbEntity
  8
Walls
100
AcDbPolyline
 90
        2
 70
     0
 43
0.0
 10
-89.41251478006204
 20
-221.9963178376278
 10
-89.41251478006204
 20
-222.3358168896722
  0
LWPOLYLINE
  5
346
330
1F
100
AcDbEntity
  8
Walls
100
AcDbPolyline
 90
        3
 70
     0
 43
0.0
 10
-89.38593566342268
 20
-219.7265266997086
 10
-89.38593566342268
 20
-220.1127432800859
 10
-89.99379264575706
 20
-220.1127432800859
  0
LWPOLYLINE
  5
347
330
1F
100
AcDbEntity
  8
Walls
100
AcDbPolyline
 90
        2
 70
     0
 43
0.0
 10
-89.38593566342268
 20
-219.1615002461229
 10
-89.38593566342268
 20
-219.5616270773795
  0
LWPOLYLINE
  5
34D
330
1F
100
AcDbEntity
  8
Rooms
100
AcDbPolyline
 90
        4
 70
     0
 43
0.0
 10
-113.1792622297818
 20
-213.231870539522
 10
-113.1792622297818
 20
-211.7062807204023
 10
-114.4703868696362
 20
-211.7062807204023
 10
-114.4703868696362
 20
-211.7073955952889
  0
LWPOLYLINE
  5
352
330
1F
100
AcDbEntity
  8
Rooms
100
AcDbPolyline
 90
        4
 70
     0
 43
0.0
 10
-113.1802146424585
 20
-211.7082968667188
 10
-112.3070801162791
 20
-211.7082968667188
 10
-112.3070801162791
 20
-213.223452549298
 10
-113.1828303758472
 20
-213.223452549298
  0
MTEXT
  5
353
330
1F
100
AcDbEntity
  8
Rooms
100
AcDbMText
 10
-112.7010081075119
 20
-212.7162602403389
 30
0.0
 40
0.0652560248205115
 41
0.0076767169976901
 46
0.0
 71
     1
 72
     5
  1
\pxqc;AZ005
 73
     1
 44
1.0
101
Embedded Object
 70
     1
 10
1.0
 20
0.0
 30
0.0
 11
-112.7010081075119
 21
-212.7162602403389
 31
0.0
 40
0.0076767169976901
 41
0.0
 42
0.2649412412903714
 43
0.0666359271188989
 71
     2
 72
     1
 44
0.0076767169976901
 45
0.3262801241025572
 73
     0
 74
     0
 46
0.0
  0
LWPOLYLINE
  5
354
330
1F
100
AcDbEntity
  8
Rooms
100
AcDbPolyline
 90
        5
 70
     0
 43
0.0
 10
-102.9507412469089
 20
-211.7647446184383
 10
-102.9507412469089
 20
-212.7469801084941
 10
-99.26923426262662
 20
-212.7469801084941
 10
-99.26923426262662
 20
-211.7647446184383
 10
-102.9519623760199
 20
-211.7647446184383
  0
LWPOLYLINE
  5
355
330
1F
100
AcDbEntity
  8
Rooms
100
AcDbPolyline
 90
        2
 70
     0
 43
0.0
 10
-101.1949480677787
 20
-212.7469801084941
 10
-101.1949480677787
 20
-212.7470843919242
  0
MTEXT
  5
356
330
1F
100
AcDbEntity
  8
Rooms
100
AcDbMText
 10
-101.4975130837286
 20
-212.1040909229397
 30
0.0
 40
0.0707753059589137
 41
0.7085182632722537
 46
0.0
 71
     1
 72
     1
  1
START_POINT
 73
     1
 44
1.0
  0
LWPOLYLINE
  5
361
330
1F
100
AcDbEntity
  8
Rooms
100
AcDbPolyline
 90
        2
 70
     0
 43
0.0
 10
-95.41927040170904
 20
-223.0286796104593
 10
-95.41980478280548
 20
-223.0286796104593
  0
LWPOLYLINE
  5
37C
330
1F
100
AcDbEntity
  8
Rooms
100
AcDbPolyline
 90
        3
 70
     0
 43
0.0
 10
-114.4703868696362
 20
-213.2244273096938
 10
-114.4703868696362
 20
-213.2359173159647
 10
-113.1923715099875
 20
-213.2359173159647
  0
LWPOLYLINE
  5
384
330
1F
100
AcDbEntity
  8
Rooms
100
AcDbPolyline
 90
        4
 70
     0
 43
0.0
 10
-114.4703868696362
 20
-211.7073955952889
 10
-115.7416189518441
 20
-211.7073955952889
 10
-115.7416189518441
 20
-213.2244273096938
 10
-114.4703868696362
 20
-213.2244273096938
  0
LWPOLYLINE
  5
386
330
1F
100
AcDbEntity
  8
Rooms
100
AcDbPolyline
 90
        4
 70
     0
 43
0.0
 10
-114.0107287013367
 20
-213.2529995211781
 10
-114.0107287013367
 20
-213.7998299645809
 10
-115.7421962997948
 20
-213.7998299645809
 10
-115.7416189518441
 20
-213.2244273096938
  0
MTEXT
  5
389
330
1F
100
AcDbEntity
  8
Rooms
100
AcDbMText
 10
-115.0107009887238
 20
-213.568774811765
 30
0.0
 40
0.1
 41
0.0
 46
0.0
 71
     1
 72
     5
  1
AZ007
 73
     1
 44
1.0
  0
LWPOLYLINE
  5
38A
330
1F
100
AcDbEntity
  8
Rooms
100
AcDbPolyline
 90
        4
 70
     0
 43
0.0
 10
-114.0107287013367
 20
-213.7998299645809
 10
-114.0107287013367
 20
-214.1389683697628
 10
-115.742106850136
 20
-214.1389683697628
 10
-115.7421962997948
 20
-213.7998299645809
  0
MTEXT
  5
38B
330
1F
100
AcDbEntity
  8
Rooms
100
AcDbMText
 10
-115.0432410292401
 20
-214.0085845616812
 30
0.0
 40
0.1
 41
0.0
 46
0.0
 71
     1
 72
     5
  1
AZ008
 73
     1
 44
1.0
  0
MTEXT
  5
38C
330
1F
100
AcDbEntity
  8
Rooms
100
AcDbMText
 10
-115.5994488253752
 20
-214.7606887786176
 30
0.0
 40
0.1
 41
0.0
 46
0.0
 71
     1
 72
     5
  1
WC ERKEK
 73
     1
 44
1.0
  0
MTEXT
  5
38F
330
1F
100
AcDbEntity
  8
Rooms
100
AcDbMText
 10
-115.1566315619777
 20
-216.1381583245236
 30
0.0
 40
0.1
 41
0.0177241226388105
 46
0.0
 71
     1
 72
     5
  1
AZ009
 73
     1
 44
1.0
101
Embedded Object
 70
     1
 10
1.0
 20
0.0
 30
0.0
 11
-115.1566315619777
 21
-216.1381583245236
 31
0.0
 40
0.0177241226388105
 41
0.0
 42
0.4054570259208732
 43
0.1021145975443384
 71
     2
 72
     1
 44
0.0177241226388105
 45
0.5
 73
     0
 74
     0
 46
0.0
  0
MTEXT
  5
390
330
1F
100
AcDbEntity
  8
Rooms
100
AcDbMText
 10
-115.0706868026023
 20
-216.8033417022453
 30
0.0
 40
0.1
 41
0.0148115544795928
 46
0.0
 71
     1
 72
     5
  1
AZ010
 73
     1
 44
1.0
101
Embedded Object
 70
     1
 10
1.0
 20
0.0
 30
0.0
 11
-115.0706868026023
 21
-216.8033417022453
 31
0.0
 40
0.0148115544795928
 41
0.0
 42
0.4049113233287859
 43
0.1021145975443384
 71
     2
 72
     1
 44
0.0148115544795928
 45
0.5
 73
     0
 74
     0
 46
0.0
  0
MTEXT
  5
391
330
1F
100
AcDbEntity
  8
Rooms
100
AcDbMText
 10
-114.9823214481917
 20
-219.2558592391067
 30
0.0
 40
0.1
 41
0.0
 46
0.0
 71
     1
 72
     5
  1
AZ001
 73
     1
 44
1.0
  0
MTEXT
  5
392
330
1F
100
AcDbEntity
  8
Rooms
100
AcDbMText
 10
-114.8531725036105
 20
-222.1280334033918
 30
0.0
 40
0.1
 41
0.0
 46
0.0
 71
     1
 72
     5
  1
AZ016
 73
     1
 44
1.0
  0
MTEXT
  5
393
330
1F
100
AcDbEntity
  8
Rooms
100
AcDbMText
 10
-114.5105759469645
 20
-225.6965096631279
 30
0.0
 40
0.1
 41
0.02303219629448
 46
0.0
 71
     1
 72
     5
  1
AZ017
 73
     1
 44
1.0
101
Embedded Object
 70
     1
 10
1.0
 20
0.0
 30
0.0
 11
-114.5105759469645
 21
-225.6965096631279
 31
0.0
 40
0.02303219629448
 41
0.0
 42
0.4052523874488405
 43
0.1021145975443384
 71
     2
 72
     1
 44
0.02303219629448
 45
0.5
 73
     0
 74
     0
 46
0.0
  0
MTEXT
  5
394
330
1F
100
AcDbEntity
  8
Rooms
100
AcDbMText
 10
-112.9766100594927
 20
-218.8863456448368
 30
0.0
 40
0.0463543986991656
 41
0.0
 46
0.0
 71
     1
 72
     5
  1
AZ012
 73
     1
 44
1.0
  0
MTEXT
  5
395
330
1F
100
AcDbEntity
  8
Rooms
100
AcDbMText
 10
-112.9204898830192
 20
-219.7268613059437
 30
0.0
 40
0.044022303311412
 41
0.0039978071456234
 46
0.0
 71
     1
 72
     5
  1
AZ013
 73
     1
 44
1.0
101
Embedded Object
 70
     1
 10
1.0
 20
0.0
 30
0.0
 11
-112.9204898830192
 21
-219.7268613059437
 31
0.0
 40
0.0039978071456234
 41
0.0
 42
0.178401435179467
 43
0.0449832267124797
 71
     2
 72
     1
 44
0.0039978071456234
 45
0.2201115165570598
 73
     0
 74
     0
 46
0.0
  0
MTEXT
  5
396
330
1F
100
AcDbEntity
  8
Rooms
100
AcDbMText
 10
-112.8913299687463
 20
-221.8239199372786
 30
0.0
 40
0.0395652739296611
 41
0.0015623832827205
 46
0.0
 71
     1
 72
     5
  1
AZ014
 73
     1
 44
1.0
101
Embedded Object
 70
     1
 10
1.0
 20
0.0
 30
0.0
 11
-112.8913299687463
 21
-221.8239199372786
 31
0.0
 40
0.0015623832827205
 41
0.0
 42
0.1601772856565748
 43
0.0404019202405885
 71
     2
 72
     1
 44
0.0015623832827205
 45
0.1978263696483052
 73
     0
 74
     0
 46
0.0
  0
MTEXT
  5
397
330
1F
100
AcDbEntity
  8
Rooms
100
AcDbMText
 10
-113.1569347499706
 20
-222.4953446083153
 30
0.0
 40
0.1031608877315092
 41
0.4463250880203346
 46
0.0
 71
     1
 72
     5
  1
AZ015
 73
     1
 44
1.0
101
Embedded Object
 70
     1
 10
1.0
 20
0.0
 30
0.0
 11
-113.1569347499706
 21
-222.4953446083153
 31
0.0
 40
0.4463250880203346
 41
0.0
 42
0.4188360189481192
 43
0.1053423253301973
 71
     2
 72
     1
 44
0.4463250880203346
 45
0.5158044386575462
 73
     0
 74
     0
 46
0.0
  0
LWPOLYLINE
  5
398
330
1F
100
AcDbEntity
  8
Rooms
100
AcDbPolyline
 90
        4
 70
     0
 43
0.0
 10
-114.0107287013367
 20
-214.1389683697628
 10
-114.0107287013367
 20
-214.9965764704856
 10
-114.5883193693814
 20
-214.9965764704856
 10
-114.5883193693814
 20
-214.1388048674299
  0
LWPOLYLINE
  5
399
330
1F
100
AcDbEntity
  8
Rooms
100
AcDbPolyline
 90
        3
 70
     0
 43
0.0
 10
-114.5883193693814
 20
-214.9965764704856
 10
-115.7414817933739
 20
-214.9965764704856
 10
-115.7414817933739
 20
-214.1389852022868
  0
LWPOLYLINE
  5
39A
330
1F
100
AcDbEntity
  8
Rooms
100
AcDbPolyline
 90
        5
 70
     0
 43
0.0
 10
-114.5883193693814
 20
-214.9965764704856
 10
-114.5883193693814
 20
-215.850328981054
 10
-115.7435707701618
 20
-215.850328981054
 10
-115.7414817933739
 20
-214.9965764704856
 10
-115.7414817933739
 20
-214.9965764704856
  0
LWPOLYLINE
  5
39B
330
1F
100
AcDbEntity
  8
Rooms
100
AcDbPolyline
 90
        5
 70
     0
 43
0.0
 10
-114.5883193693814
 20
-215.850328981054
 10
-114.1069938126776
 20
-215.850328981054
 10
-114.1069938126776
 20
-216.3673894019069
 10
-115.7393928165857
 20
-216.3673894019069
 10
-115.7435707701618
 20
-215.850328981054
  0
LWPOLYLINE
  5
39C
330
1F
100
AcDbEntity
  8
Rooms
100
AcDbPolyline
 90
        5
 70
     0
 43
0.0
 10
-114.1069938126776
 20
-216.3673894019069
 10
-113.685833525377
 20
-216.3673894019069
 10
-113.685833525377
 20
-217.3803204299553
 10
-115.7428049938144
 20
-217.3803204299553
 10
-115.7393928165857
 20
-216.3673894019069
  0
LWPOLYLINE
  5
39D
330
1F
100
AcDbEntity
  8
Rooms
100
AcDbPolyline
 90
        4
 70
     0
 43
0.0
 10
-113.685833525377
 20
-217.3803204299553
 10
-113.685833525377
 20
-220.734055266722
 10
-115.7629966180168
 20
-220.734055266722
 10
-115.7428049938144
 20
-217.3803204299553
  0
LWPOLYLINE
  5
3A0
330
1F
100
AcDbEntity
  8
Rooms
100
AcDbPolyline
 90
        2
 70
     0
 43
0.0
 10
-113.685833525377
 20
-220.734055266722
 10
-113.685833525377
 20
-223.8717162845683
  0
LWPOLYLINE
  5
3A1
330
1F
100
AcDbEntity
  8
Rooms
100
AcDbPolyline
 90
        3
 70
     0
 43
0.0
 10
-113.685833525377
 20
-223.8717162845683
 10
-115.7405447536553
 20
-223.8717162845683
 10
-115.7629966180168
 20
-220.734055266722
  0
LWPOLYLINE
  5
3A2
330
1F
100
AcDbEntity
  8
Rooms
100
AcDbPolyline
 90
        5
 70
     0
 43
0.0
 10
-112.7085254611631
 20
-224.9579310447842
 10
-115.7419428304494
 20
-224.9648340285088
 10
-115.7419428304494
 20
-226.525082859159
 10
-112.7085254611631
 20
-226.525082859159
 10
-112.7085254611631
 20
-224.9579310447842
  0
LWPOLYLINE
  5
3A4
330
1F
100
AcDbEntity
  8
Walls
100
AcDbPolyline
 90
        2
 70
     0
 43
0.0
 10
-106.9838998572463
 20
-222.1067853505692
 10
-103.9193174574837
 20
-222.1067853505692
  0
LWPOLYLINE
  5
3A5
330
1F
100
AcDbEntity
  8
Walls
100
AcDbPolyline
 90
        2
 70
     0
 43
0.0
 10
-107.002540293463
 20
-223.3663535400758
 10
-103.9252047722228
 20
-223.3663535400758
  0
LWPOLYLINE
  5
3A6
330
1F
100
AcDbEntity
  8
Walls
100
AcDbPolyline
 90
        2
 70
     0
 43
0.0
 10
-95.42299615775439
 20
-222.1511724441527
 10
-98.37542941150793
 20
-222.1511724441527
  0
LWPOLYLINE
  5
3A7
330
1F
100
AcDbEntity
  8
Walls
100
AcDbPolyline
 90
        2
 70
     0
 43
0.0
 10
-95.4213500658623
 20
-223.366402977669
 10
-98.37856996721169
 20
-223.366402977669
  0
LWPOLYLINE
  5
3A8
330
1F
100
AcDbEntity
  8
Walls
100
AcDbPolyline
 90
        3
 70
     0
 43
0.0
 10
-111.7333211231971
 20
-214.4836438773093
 10
-110.3500966888755
 20
-214.4836438773093
 10
-110.3500966888755
 20
-215.8600977053922
  0
LWPOLYLINE
  5
3A9
330
1F
100
AcDbEntity
  8
Walls
100
AcDbPolyline
 90
        2
 70
     0
 43
0.0
 10
-112.4012613608331
 20
-214.7930945591414
 10
-112.4012613608331
 20
-215.8733525982666
  0
LWPOLYLINE
  5
3AA
330
1F
100
AcDbEntity
  8
Walls
100
AcDbPolyline
 90
        3
 70
     0
 43
0.0
 10
-112.4012613608331
 20
-215.8733525982666
 10
-108.8274104188215
 20
-215.8733525982666
 10
-108.8274104188215
 20
-214.0973935798799
  0
LWPOLYLINE
  5
3AB
330
1F
100
AcDbEntity
  8
Walls
100
AcDbPolyline
 90
        2
 70
     0
 43
0.0
 10
-107.8501281714771
 20
-214.1010929725042
 10
-107.8501281714771
 20
-215.8657616805537
  0
LWPOLYLINE
  5
3AC
330
1F
100
AcDbEntity
  8
Rooms
100
AcDbPolyline
 90
        7
 70
     0
 43
0.0
 10
-111.7333211231971
 20
-214.4836438773093
 10
-111.7329657545057
 20
-214.8056957902356
 10
-112.4012613608331
 20
-214.7930945591414
 10
-112.4012613608331
 20
-215.8733525982666
 10
-110.3500966888755
 20
-215.8733525982666
 10
-110.3500966888755
 20
-214.4836438773093
 10
-111.7333211231971
 20
-214.4836438773093
  0
LWPOLYLINE
  5
3AD
330
1F
100
AcDbEntity
  8
Rooms
100
AcDbPolyline
 90
        6
 70
     0
 43
0.0
 10
-111.7333211231971
 20
-214.4836438773093
 10
-111.7333211231971
 20
-214.4836438773093
 10
-111.7329657545057
 20
-214.0951548452839
 10
-108.8274104188215
 20
-214.0973935798799
 10
-108.8274104188215
 20
-215.8733525982666
 10
-110.3500966888755
 20
-215.8600977053922
  0
LWPOLYLINE
  5
3AF
330
1F
100
AcDbEntity
  8
Rooms
100
AcDbPolyline
 90
        4
 70
     0
 43
0.0
 10
-108.8274104188215
 20
-214.0973935798799
 10
-107.8501281714771
 20
-214.1010929725042
 10
-107.8501281714771
 20
-215.8657616805537
 10
-108.8274104188215
 20
-215.8733525982666
  0
MTEXT
  5
3B3
330
1F
100
AcDbEntity
  8
Rooms
100
AcDbMText
 10
-111.5025726380991
 20
-215.2077484392121
 30
0.0
 40
0.1
 41
0.0
 46
0.0
 71
     1
 72
     5
  1
BİLGİ İŞLEM 
 73
     1
 44
1.0
  0
MTEXT
  5
3B6
330
1F
100
AcDbEntity
  8
Rooms
100
AcDbMText
 10
-105.8746586370146
 20
-219.6049712300492
 30
0.0
 40
0.1
 41
0.0
 46
0.0
 71
     1
 72
     5
  1
KÜTÜPHANE Z1
 73
     1
 44
1.0
  0
MTEXT
  5
3B8
330
1F
100
AcDbEntity
  8
Rooms
100
AcDbMText
 10
-88.59352888854461
 20
-225.6134170372648
 30
0.0
 40
0.1
 41
0.8860538881309686
 46
0.0
 71
     1
 72
     1
  1
DZ021
 73
     1
 44
1.0
  0
MTEXT
  5
3B9
330
1F
100
AcDbEntity
  8
Rooms
100
AcDbMText
 10
-87.99011239869768
 20
-222.7814690477433
 30
0.0
 40
0.1
 41
0.4020225102319239
 46
0.0
 71
     1
 72
     1
  1
DZ02{\fArial|b0|i0|c178|p34;0}
 73
     1
 44
1.0
  0
MTEXT
  5
3BA
330
1F
100
AcDbEntity
  8
Rooms
100
AcDbMText
 10
-87.82116708274136
 20
-219.8069704267356
 30
0.0
 40
0.1
 41
0.0
 46
0.0
 71
     1
 72
     5
  1
DZ0{\fArial|b0|i0|c178|p34;15}
 73
     1
 44
1.0
  0
MTEXT
  5
3BB
330
1F
100
AcDbEntity
  8
Rooms
100
AcDbMText
 10
-88.64445327865047
 20
-217.7768538409893
 30
0.0
 40
0.0810850871003999
 41
0.0
 46
0.0
 71
     1
 72
     5
  1
WC KADIN
 73
     1
 44
1.0
  0
MTEXT
  5
3BC
330
1F
100
AcDbEntity
  8
Rooms
100
AcDbMText
 10
-88.52643060064503
 20
-217.0244822135486
 30
0.0
 40
0.0544953721933462
 41
0.0
 46
0.0
 71
     1
 72
     5
  1
WC ERKEK
 73
     1
 44
1.0
  0
MTEXT
  5
3BF
330
1F
100
AcDbEntity
  8
Rooms
100
AcDbMText
 10
-105.6474030520083
 20
-223.7640536964386
 30
0.0
 40
0.1
 41
0.0
 46
0.0
 71
     1
 72
     5
  1
MADO
 73
     1
 44
1.0
  0
MTEXT
  5
3C0
330
1F
100
AcDbEntity
  8
Rooms
100
AcDbMText
 10
-97.1433247215007
 20
-223.9405908472765
 30
0.0
 40
0.1
 41
0.0
 46
0.0
 71
     1
 72
     5
  1
QR KAFE 
 73
     1
 44
1.0
  0
MTEXT
  5
3C1
330
1F
100
AcDbEntity
  8
Rooms
100
AcDbMText
 10
-94.714404322737
 20
-213.2049837881906
 30
0.0
 40
0.1
 41
0.0
 46
0.0
 71
     1
 72
     5
  1
DZ001
 73
     1
 44
1.0
  0
MTEXT
  5
3C9
330
1F
100
AcDbEntity
  8
Rooms
100
AcDbMText
 10
-92.88431011913393
 20
-213.1761997478602
 30
0.0
 40
0.1
 41
0.0
 46
0.0
 71
     1
 72
     5
  1
DZ002
 73
     1
 44
1.0
  0
MTEXT
  5
3D1
330
1F
100
AcDbEntity
  8
Rooms
100
AcDbMText
 10
-91.93290173102562
 20
-213.1977039773019
 30
0.0
 40
0.1
 41
0.0
 46
0.0
 71
     1
 72
     5
  1
DZ003
 73
     1
 44
1.0
  0
MTEXT
  5
3D9
330
1F
100
AcDbEntity
  8
Rooms
100
AcDbMText
 10
-91.03080410361124
 20
-213.2149582591047
 30
0.0
 40
0.1
 41
0.0
 46
0.0
 71
     1
 72
     5
  1
DZ004
 73
     1
 44
1.0
  0
MTEXT
  5
3E1
330
1F
100
AcDbEntity
  8
Rooms
100
AcDbMText
 10
-90.48384016611981
 20
-215.234636746685
 30
0.0
 40
0.1
 41
0.0
 46
0.0
 71
     1
 72
     5
  1
DZ005
 73
     1
 44
1.0
  0
MTEXT
  5
3E9
330
1F
100
AcDbEntity
  8
Rooms
100
AcDbMText
 10
-91.18091590298993
 20
-215.2277390788579
 30
0.0
 40
0.1
 41
0.0
 46
0.0
 71
     1
 72
     5
  1
DZ006
 73
     1
 44
1.0
  0
MTEXT
  5
3F1
330
1F
100
AcDbEntity
  8
Rooms
100
AcDbMText
 10
-91.8227772016842
 20
-215.234636746685
 30
0.0
 40
0.1
 41
0.0
 46
0.0
 71
     1
 72
     5
  1
DZ007
 73
     1
 44
1.0
  0
MTEXT
  5
3F9
330
1F
100
AcDbEntity
  8
Rooms
100
AcDbMText
 10
-92.53365654809821
 20
-215.2553291883755
 30
0.0
 40
0.1
 41
0.0
 46
0.0
 71
     1
 72
     5
  1
DZ009
 73
     1
 44
1.0
  0
MTEXT
  5
401
330
1F
100
AcDbEntity
  8
Rooms
100
AcDbMText
 10
-93.25833950405607
 20
-215.2484315205484
 30
0.0
 40
0.1
 41
0.0
 46
0.0
 71
     1
 72
     5
  1
DZ0011
 73
     1
 44
1.0
  0
MTEXT
  5
409
330
1F
100
AcDbEntity
  8
Rooms
100
AcDbMText
 10
-94.70080361119974
 20
-215.2829187361022
 30
0.0
 40
0.1
 41
0.0
 46
0.0
 71
     1
 72
     5
  1
DZ0013
 73
     1
 44
1.0
  0
MTEXT
  5
411
330
1F
100
AcDbEntity
  8
Rooms
100
AcDbMText
 10
-94.73531263505952
 20
-214.227611513169
 30
0.0
 40
0.1
 41
0.0
 46
0.0
 71
     1
 72
     5
  1
DZ0014
 73
     1
 44
1.0
  0
MTEXT
  5
419
330
1F
100
AcDbEntity
  8
Rooms
100
AcDbMText
 10
-94.00372787432958
 20
-214.2483039548594
 30
0.0
 40
0.1
 41
0.0
 46
0.0
 71
     1
 72
     5
  1
DZ0012
 73
     1
 44
1.0
  0
MTEXT
  5
421
330
1F
100
AcDbEntity
  8
Rooms
100
AcDbMText
 10
-93.3135539422315
 20
-214.227611513169
 30
0.0
 40
0.1
 41
0.0
 46
0.0
 71
     1
 72
     5
  1
DZ010
 73
     1
 44
1.0
  0
MTEXT
  5
429
330
1F
100
AcDbEntity
  8
Rooms
100
AcDbMText
 10
-92.65788794314385
 20
-214.2414068488232
 30
0.0
 40
0.1
 41
0.0
 46
0.0
 71
     1
 72
     5
  1
DZ008
 73
     1
 44
1.0
  0
LWPOLYLINE
  5
430
330
1F
100
AcDbEntity
  8
Walls
100
AcDbPolyline
 90
        2
 70
     0
 43
0.0
 10
-90.4018137381402
 20
-214.771070794659
 10
-90.78616937986378
 20
-214.771070794659
  0
LWPOLYLINE
  5
431
330
1F
100
AcDbEntity
  8
Walls
100
AcDbPolyline
 90
        3
 70
     0
 43
0.0
 10
-92.51457649953389
 20
-214.4860569381136
 10
-90.74120869855567
 20
-214.4860569381136
 10
-90.74647758154439
 20
-213.9773956785322
  0
LWPOLYLINE
  5
432
330
1F
100
AcDbEntity
  8
Walls
100
AcDbPolyline
 90
        2
 70
     0
 43
0.0
 10
-92.84516825745756
 20
-214.4860569381136
 10
-92.6716075572763
 20
-214.4860569381136
  0
LWPOLYLINE
  5
433
330
1F
100
AcDbEntity
  8
Walls
100
AcDbPolyline
 90
        2
 70
     0
 43
0.0
 10
-93.91742204377058
 20
-214.4860569381136
 10
-92.98842515859249
 20
-214.4860569381136
  0
LWPOLYLINE
  5
434
330
1F
100
AcDbEntity
  8
Walls
100
AcDbPolyline
 90
        2
 70
     0
 43
0.0
 10
-94.25627807748879
 20
-214.4860569381136
 10
-94.07996298232594
 20
-214.4860569381136
  0
LWPOLYLINE
  5
439
330
1F
100
AcDbEntity
  8
Walls
100
AcDbPolyline
 90
        2
 70
     0
 43
0.0
 10
-89.51449166717228
 20
-225.0024093761304
 10
-89.99602061112698
 20
-225.0024093761304
  0
LWPOLYLINE
  5
43E
330
1F
100
AcDbEntity
  8
Walls
100
AcDbPolyline
 90
        2
 70
     0
 43
0.0
 10
-100.8573858220002
 20
-212.5586353219503
 10
-99.61897380356385
 20
-212.5586353219503
  0
LWPOLYLINE
  5
442
330
1F
100
AcDbEntity
  8
Walls
100
AcDbPolyline
 90
        2
 70
     0
 43
0.0
 10
-93.41272088836857
 20
-214.771070794659
 10
-93.41272088836857
 20
-215.9234311947624
  0
LWPOLYLINE
  5
443
330
1F
100
AcDbEntity
  8
Walls
100
AcDbPolyline
 90
        2
 70
     0
 43
0.0
 10
-92.74167718391169
 20
-214.7769065563366
 10
-92.74167718391169
 20
-215.9209845956919
  0
LWPOLYLINE
  5
444
330
1F
100
AcDbEntity
  8
Walls
100
AcDbPolyline
 90
        2
 70
     0
 43
0.0
 10
-91.99143344252368
 20
-214.7709324726361
 10
-91.99143344252368
 20
-215.9179975538418
  0
LWPOLYLINE
  5
445
330
1F
100
AcDbEntity
  8
Walls
100
AcDbPolyline
 90
        2
 70
     0
 43
0.0
 10
-91.34281760373964
 20
-214.7679454307859
 10
-91.34281760373964
 20
-215.9299462830333
  0
LWPOLYLINE
  5
446
330
1F
100
AcDbEntity
  8
Walls
100
AcDbPolyline
 90
        2
 70
     0
 43
0.0
 10
-90.68822281885834
 20
-214.7769065563366
 10
-90.68822281885834
 20
-215.9299462830333
  0
LWPOLYLINE
  5
447
330
1F
100
AcDbEntity
  8
Walls
100
AcDbPolyline
 90
        2
 70
     0
 43
0.0
 10
-91.38799404483735
 20
-212.8987605946846
 10
-91.38799404483735
 20
-213.5479593378825
  0
LWPOLYLINE
  5
448
330
1F
100
AcDbEntity
  8
Walls
100
AcDbPolyline
 90
        2
 70
     0
 43
0.0
 10
-92.15223447613018
 20
-212.8911224865418
 10
-92.15223447613018
 20
-213.5479593378825
  0
LWPOLYLINE
  5
449
330
1F
100
AcDbEntity
  8
Walls
100
AcDbPolyline
 90
        2
 70
     0
 43
0.0
 10
-93.43615997152555
 20
-212.8987605946846
 10
-93.43615997152555
 20
-213.5403217915305
  0
LWPOLYLINE
  5
44A
330
1F
100
AcDbEntity
  8
Walls
100
AcDbPolyline
 90
        3
 70
     0
 43
0.0
 10
-88.69017051809445
 20
-216.7769470836168
 10
-88.06178666494409
 20
-216.7769470836168
 10
-88.06178666494409
 20
-217.3513293328521
  0
LWPOLYLINE
  5
44B
330
1F
100
AcDbEntity
  8
Walls
100
AcDbPolyline
 90
        3
 70
     0
 43
0.0
 10
-88.06178666494409
 20
-217.6117160124297
 10
-88.06178666494409
 20
-218.1707810346487
 10
-88.68643872196278
 20
-218.1707810346487
  0
LWPOLYLINE
  5
44C
330
1F
100
AcDbEntity
  8
Walls
100
AcDbPolyline
 90
        2
 70
     0
 43
0.0
 10
-88.0528798787955
 20
-218.1684462319536
 10
-86.5833136158813
 20
-218.1684462319536
  0
LWPOLYLINE
  5
44D
330
1F
100
AcDbEntity
  8
Walls
100
AcDbPolyline
 90
        2
 70
     0
 43
0.0
 10
-86.57368141481654
 20
-221.1842169416815
 10
-88.68573839658528
 20
-221.1842169416815
  0
LWPOLYLINE
  5
44E
330
1F
100
AcDbEntity
  8
Walls
100
AcDbPolyline
 90
        2
 70
     0
 43
0.0
 10
-88.69920493363432
 20
-224.2765181691985
 10
-86.58427574513828
 20
-224.2765181691985
  0
LWPOLYLINE
  5
450
330
1F
100
AcDbEntity
  8
Walls
100
AcDbPolyline
 90
        2
 70
     0
 43
0.0
 10
-88.68872536460427
 20
-225.0024093761304
 10
-86.59347051555441
 20
-225.0024093761304
  0
LWPOLYLINE
  5
451
330
1F
100
AcDbEntity
  8
Walls
100
AcDbPolyline
 90
        2
 70
     0
 43
0.0
 10
-113.1792622297818
 20
-211.7062807204023
 10
-113.1828303758472
 20
-213.223452549298
  0
LWPOLYLINE
  5
452
330
1F
100
AcDbEntity
  8
Walls
100
AcDbPolyline
 90
        2
 70
     0
 43
0.0
 10
-94.1694540934184
 20
-213.9810905183958
 10
-94.1694540934184
 20
-214.4865196845749
  0
LWPOLYLINE
  5
453
330
1F
100
AcDbEntity
  8
Walls
100
AcDbPolyline
 90
        2
 70
     0
 43
0.0
 10
-93.526345953748
 20
-213.9748507076321
 10
-93.526345953748
 20
-214.4865196845749
  0
LWPOLYLINE
  5
454
330
1F
100
AcDbEntity
  8
Walls
100
AcDbPolyline
 90
        2
 70
     0
 43
0.0
 10
-92.7708497720287
 20
-213.9873303291594
 10
-92.7708497720287
 20
-214.4896398708521
  0
LWPOLYLINE
  5
455
330
1F
100
AcDbEntity
  8
Walls
100
AcDbPolyline
 90
        2
 70
     0
 43
0.0
 10
-92.12515850074785
 20
-213.9789467245834
 10
-92.12515850074785
 20
-214.4888938126281
  0
LWPOLYLINE
  5
456
330
1F
100
AcDbEntity
  8
Walls
100
AcDbPolyline
 90
        2
 70
     0
 43
0.0
 10
-114.0107287013367
 20
-213.7998299645809
 10
-115.7421962997948
 20
-213.7998299645809
  0
LWPOLYLINE
  5
457
330
1F
100
AcDbEntity
  8
Walls
100
AcDbPolyline
 90
        2
 70
     0
 43
0.0
 10
-114.0107287013367
 20
-214.1389683697628
 10
-115.7414817933739
 20
-214.1389683697629
  0
LWPOLYLINE
  5
458
330
1F
100
AcDbEntity
  8
Walls
100
AcDbPolyline
 90
        2
 70
     0
 43
0.0
 10
-114.5883193693814
 20
-214.1388048674299
 10
-114.5883193693814
 20
-214.1389683697628
  0
LWPOLYLINE
  5
459
330
1F
100
AcDbEntity
  8
Walls
100
AcDbPolyline
 90
        2
 70
     0
 43
0.0
 10
-114.5883193693814
 20
-214.9965764704856
 10
-115.7414817933739
 20
-214.9965764704856
  0
LWPOLYLINE
  5
45A
330
1F
100
AcDbEntity
  8
Walls
100
AcDbPolyline
 90
        2
 70
     0
 43
0.0
 10
-114.4254755051004
 20
-214.1366565792909
 10
-114.4254755051004
 20
-214.9968077796542
  0
LWPOLYLINE
  5
45C
330
1F
100
AcDbEntity
  8
Walls
100
AcDbPolyline
 90
        2
 70
     0
 43
0.0
 10
-114.1069938126776
 20
-216.3673894019069
 10
-115.7393928165857
 20
-216.3673894019069
  0
LWPOLYLINE
  5
45D
330
1F
100
AcDbEntity
  8
Walls
100
AcDbPolyline
 90
        2
 70
     0
 43
0.0
 10
-113.685833525377
 20
-217.3803204299553
 10
-115.7428049938144
 20
-217.3803204299553
  0
LWPOLYLINE
  5
45F
330
1F
100
AcDbEntity
  8
Walls
100
AcDbPolyline
 90
        2
 70
     0
 43
0.0
 10
-113.685833525377
 20
-220.734055266722
 10
-115.7629966180168
 20
-220.734055266722
  0
LWPOLYLINE
  5
460
330
1F
100
AcDbEntity
  8
Walls
100
AcDbPolyline
 90
        2
 70
     0
 43
0.0
 10
-113.685833525377
 20
-223.8717162845683
 10
-115.7405447536553
 20
-223.8717162845683
  0
LWPOLYLINE
  5
461
330
1F
100
AcDbEntity
  8
Walls
100
AcDbPolyline
 90
        2
 70
     0
 43
0.0
 10
-113.685833525377
 20
-224.2763577193226
 10
-115.7430482532525
 20
-224.2763577193226
  0
MTEXT
  5
462
330
1F
100
AcDbEntity
  8
Rooms
100
AcDbMText
 10
-89.90828833584217
 20
-218.9873187274031
 30
0.0
 40
0.1
 41
0.1
 46
0.0
 71
     1
 72
     5
  1
DZ016
 73
     1
 44
1.0
101
Embedded Object
 70
     1
 10
1.0
 20
0.0
 30
0.0
 11
-89.90828833584217
 21
-218.9873187274031
 31
0.0
 40
0.1
 41
0.0
 42
0.4021145975443384
 43
0.1021145975443384
 71
     2
 72
     1
 44
0.1
 45
0.5
 73
     0
 74
     0
 46
0.0
  0
MTEXT
  5
463
330
1F
100
AcDbEntity
  8
Rooms
100
AcDbMText
 10
-89.92367694970608
 20
-219.6285135113307
 30
0.0
 40
0.1
 41
0.4222203274215553
 46
0.0
 71
     1
 72
     1
  1
DZ017
 73
     1
 44
1.0
  0
MTEXT
  5
464
330
1F
100
AcDbEntity
  8
Rooms
100
AcDbMText
 10
-89.92802943920198
 20
-221.7406167029003
 30
0.0
 40
0.1
 41
0.0
 46
0.0
 71
     1
 72
     1
  1
DZ018
 73
     1
 44
1.0
  0
MTEXT
  5
465
330
1F
100
AcDbEntity
  8
Rooms
100
AcDbMText
 10
-89.92802943920198
 20
-222.5111308053794
 30
0.0
 40
0.1
 41
0.4222203274215553
 46
0.0
 71
     1
 72
     1
  1
\pxqc;DZ019
 73
     1
 44
1.0
  0
LWPOLYLINE
  5
466
330
1F
100
AcDbEntity
  8
Rooms
100
AcDbPolyline
 90
        5
 70
     0
 43
0.0
 10
-112.708722746646
 20
-218.6055305187709
 10
-113.0977323031453
 20
-218.6055305187709
 10
-113.0973547395485
 20
-219.3627513341504
 10
-112.708722746646
 20
-219.3629396236771
 10
-112.708722746646
 20
-218.6055305187709
  0
LWPOLYLINE
  5
467
330
1F
100
AcDbEntity
  8
Rooms
100
AcDbPolyline
 90
        4
 70
     0
 43
0.0
 10
-112.708722746646
 20
-219.3629396236771
 10
-112.7084438257904
 20
-220.1259568597164
 10
-113.0973547395485
 20
-220.1259568597164
 10
-113.0973547395485
 20
-219.3629396236771
  0
LWPOLYLINE
  5
468
330
1F
100
AcDbEntity
  8
Rooms
100
AcDbPolyline
 90
        5
 70
     0
 43
0.0
 10
-103.9144102612071
 20
-217.2366804541335
 10
-106.8919833749293
 20
-217.2366804541335
 10
-106.9838998572463
 20
-222.1067853505692
 10
-103.9193174574837
 20
-222.1067853505692
 10
-103.9144102612071
 20
-217.2366804541335
  0
LWPOLYLINE
  5
469
330
1F
100
AcDbEntity
  8
Rooms
100
AcDbPolyline
 90
        5
 70
     0
 43
0.0
 10
-98.41562406918626
 20
-217.2859822725321
 10
-98.37542941150793
 20
-222.1511724441527
 10
-95.42299615775439
 20
-222.1511724441527
 10
-95.41980478280548
 20
-217.2859822725321
 10
-98.41562406918626
 20
-217.2859822725321
  0
LWPOLYLINE
  5
46A
330
1F
100
AcDbEntity
  8
Rooms
100
AcDbPolyline
 90
        5
 70
     0
 43
0.0
 10
-95.4213500658623
 20
-223.366402977669
 10
-98.37856996721169
 20
-223.366402977669
 10
-98.35321113467044
 20
-224.8949974390262
 10
-95.41980478280548
 20
-224.8949974390262
 10
-95.4213500658623
 20
-223.366402977669
  0
LWPOLYLINE
  5
46B
330
1F
100
AcDbEntity
  8
Rooms
100
AcDbPolyline
 90
        5
 70
     0
 43
0.0
 10
-103.9252047722228
 20
-223.3663535400758
 10
-107.002540293463
 20
-223.3663535400758
 10
-107.0367262942944
 20
-224.861342745957
 10
-103.9144102612071
 20
-224.861342745957
 10
-103.9252047722228
 20
-223.3663535400758
  0
LWPOLYLINE
  5
46E
330
1F
100
AcDbEntity
  8
Rooms
100
AcDbPolyline
 90
        5
 70
     0
 43
0.0
 10
-112.7166923998695
 20
-221.415732875614
 10
-113.1783608392121
 20
-221.415732875614
 10
-113.1783914524769
 20
-222.1701076223784
 10
-112.7089064262338
 20
-222.1701076223784
 10
-112.7166923998695
 20
-221.415732875614
  0
LWPOLYLINE
  5
46F
330
1F
100
AcDbEntity
  8
Rooms
100
AcDbPolyline
 90
        4
 70
     0
 43
0.0
 10
-112.7089064262338
 20
-222.1701076223784
 10
-112.7089064262337
 20
-222.9374714497222
 10
-113.1783608392121
 20
-222.9374714497222
 10
-113.1783914524769
 20
-222.1701076223784
  0
LWPOLYLINE
  5
470
330
1F
100
AcDbEntity
  8
Rooms
100
AcDbPolyline
 90
        5
 70
     0
 43
0.0
 10
-95.50226510867664
 20
-212.8991308114065
 10
-95.50226510867664
 20
-213.5470136170989
 10
-89.99517364413911
 20
-213.5470136170989
 10
-89.99370648077876
 20
-212.8991308114065
 10
-95.50226510867664
 20
-212.8991308114065
  0
LWPOLYLINE
  5
471
330
1F
100
AcDbEntity
  8
Rooms
100
AcDbPolyline
 90
        2
 70
     0
 43
0.0
 10
-93.43615997152555
 20
-212.8987605946846
 10
-93.43615997152555
 20
-213.5403217915305
  0
LWPOLYLINE
  5
472
330
1F
100
AcDbEntity
  8
Rooms
100
AcDbPolyline
 90
        2
 70
     0
 43
0.0
 10
-92.15223447613018
 20
-212.8911224865418
 10
-92.15223447613018
 20
-213.5479593378825
  0
LWPOLYLINE
  5
473
330
1F
100
AcDbEntity
  8
Rooms
100
AcDbPolyline
 90
        2
 70
     0
 43
0.0
 10
-91.38799404483735
 20
-212.8987605946846
 10
-91.38799404483735
 20
-213.5479593378825
  0
LWPOLYLINE
  5
474
330
1F
100
AcDbEntity
  8
Rooms
100
AcDbPolyline
 90
        5
 70
     0
 43
0.0
 10
-90.74647758154439
 20
-213.9773956785322
 10
-94.91662329130138
 20
-213.9773956785322
 10
-94.91662329130138
 20
-214.4860569381136
 10
-90.74120869855567
 20
-214.4860569381136
 10
-90.74647758154439
 20
-213.9773956785322
  0
LWPOLYLINE
  5
475
330
1F
100
AcDbEntity
  8
Rooms
100
AcDbPolyline
 90
        2
 70
     0
 43
0.0
 10
-94.1694540934184
 20
-213.9810905183958
 10
-94.1694540934184
 20
-214.4865196845749
  0
LWPOLYLINE
  5
476
330
1F
100
AcDbEntity
  8
Rooms
100
AcDbPolyline
 90
        2
 70
     0
 43
0.0
 10
-93.526345953748
 20
-213.9748507076321
 10
-93.526345953748
 20
-214.4865196845749
  0
LWPOLYLINE
  5
477
330
1F
100
AcDbEntity
  8
Rooms
100
AcDbPolyline
 90
        2
 70
     0
 43
0.0
 10
-92.7708497720287
 20
-213.9873303291594
 10
-92.7708497720287
 20
-214.4896398708521
  0
LWPOLYLINE
  5
478
330
1F
100
AcDbEntity
  8
Rooms
100
AcDbPolyline
 90
        2
 70
     0
 43
0.0
 10
-92.12515850074785
 20
-213.9789467245834
 10
-92.12515850074785
 20
-214.4888938126281
  0
LWPOLYLINE
  5
479
330
1F
100
AcDbEntity
  8
Rooms
100
AcDbPolyline
 90
        5
 70
     0
 43
0.0
 10
-89.99370648077876
 20
-215.9718191771961
 10
-89.99662947494533
 20
-214.771070794659
 10
-95.50494560933307
 20
-214.771070794659
 10
-95.50494560933307
 20
-215.921489386713
 10
-89.99357154995703
 20
-215.921489386713
  0
LWPOLYLINE
  5
47A
330
1F
100
AcDbEntity
  8
Rooms
100
AcDbPolyline
 90
        2
 70
     0
 43
0.0
 10
-90.68822281885834
 20
-214.7769065563366
 10
-90.68822281885834
 20
-215.9299462830333
  0
LWPOLYLINE
  5
47B
330
1F
100
AcDbEntity
  8
Rooms
100
AcDbPolyline
 90
        2
 70
     0
 43
0.0
 10
-91.34281760373964
 20
-214.7679454307859
 10
-91.34281760373964
 20
-215.9299462830333
  0
LWPOLYLINE
  5
47C
330
1F
100
AcDbEntity
  8
Rooms
100
AcDbPolyline
 90
        2
 70
     0
 43
0.0
 10
-91.99143344252368
 20
-214.7709324726361
 10
-91.99143344252368
 20
-215.9179975538418
  0
LWPOLYLINE
  5
47D
330
1F
100
AcDbEntity
  8
Rooms
100
AcDbPolyline
 90
        2
 70
     0
 43
0.0
 10
-92.74167718391169
 20
-214.7769065563366
 10
-92.74167718391169
 20
-215.9209845956919
  0
LWPOLYLINE
  5
47E
330
1F
100
AcDbEntity
  8
Rooms
100
AcDbPolyline
 90
        2
 70
     0
 43
0.0
 10
-93.41272088836857
 20
-214.771070794659
 10
-93.41272088836857
 20
-215.9234311947624
  0
LWPOLYLINE
  5
47F
330
1F
100
AcDbEntity
  8
Walls
100
AcDbPolyline
 90
        2
 70
     0
 43
0.0
 10
-114.5883193693814
 20
-215.850328981054
 10
-115.7435707701618
 20
-215.850328981054
  0
LWPOLYLINE
  5
480
330
1F
100
AcDbEntity
  8
Rooms
100
AcDbPolyline
 90
        5
 70
     0
 43
0.0
 10
-89.38593566342268
 20
-218.5937754587818
 10
-89.99402054450472
 20
-218.5937754587818
 10
-89.99379264575706
 20
-220.1127432800859
 10
-89.38593566342268
 20
-220.1127432800859
 10
-89.38593566342268
 20
-218.5937754587818
  0
LWPOLYLINE
  5
481
330
1F
100
AcDbEntity
  8
Rooms
100
AcDbPolyline
 90
        2
 70
     0
 43
0.0
 10
-89.38716019400741
 20
-219.3545766719302
 10
-89.99357835290465
 20
-219.3545766719302
  0
LWPOLYLINE
  5
482
330
1F
100
AcDbEntity
  8
Rooms
100
AcDbPolyline
 90
        5
 70
     0
 43
0.0
 10
-88.69017051809445
 20
-216.7769470836168
 10
-88.06178666494409
 20
-216.7769470836168
 10
-88.04827545986894
 20
-217.3464123829611
 10
-88.68872536460427
 20
-217.3464123829611
 10
-88.69017051809445
 20
-216.7769470836168
  0
LWPOLYLINE
  5
484
330
1F
100
AcDbEntity
  8
Rooms
100
AcDbPolyline
 90
        5
 70
     0
 43
0.0
 10
-88.06178666494409
 20
-217.6117160124297
 10
-88.06178666494409
 20
-218.1707810346487
 10
-88.68643872196278
 20
-218.1707810346487
 10
-88.68872536460427
 20
-217.5965941254502
 10
-88.04827545986894
 20
-217.5965941254502
  0
LWPOLYLINE
  5
485
330
1F
100
AcDbEntity
  8
Rooms
100
AcDbPolyline
 90
        5
 70
     0
 43
0.0
 10
-88.68643872196278
 20
-218.1707810346487
 10
-88.69920493363432
 20
-224.2765181691985
 10
-86.58427574513828
 20
-224.2765181691985
 10
-86.57368141481654
 20
-221.1842169416815
 10
-88.68573839658528
 20
-221.1842169416815
  0
LWPOLYLINE
  5
486
330
1F
100
AcDbEntity
  8
Rooms
100
AcDbPolyline
 90
        3
 70
     0
 43
0.0
 10
-88.0528798787955
 20
-218.1684462319536
 10
-86.5833136158813
 20
-218.1684462319536
 10
-86.57368141481654
 20
-221.1842169416815
  0
LWPOLYLINE
  5
487
330
1F
100
AcDbEntity
  8
Rooms
100
AcDbPolyline
 90
        5
 70
     0
 43
0.0
 10
-86.59347051555441
 20
-225.0024093761304
 10
-89.99370648077876
 20
-225.0024093761305
 10
-89.99370648077876
 20
-226.5189637632664
 10
-86.58635033706136
 20
-226.5189637632664
 10
-86.59347051555441
 20
-225.0024093761304
  0
LWPOLYLINE
  5
488
330
1F
100
AcDbEntity
  8
Rooms
100
AcDbPolyline
 90
        5
 70
     0
 43
0.0
 10
-89.9949661542343
 20
-221.3546604434426
 10
-89.41251478006204
 20
-221.3546604434426
 10
-89.41251478006204
 20
-222.9984772563688
 10
-89.99414639903731
 20
-222.9984772563688
 10
-89.99414639903731
 20
-221.3546604434426
  0
LWPOLYLINE
  5
489
330
1F
100
AcDbEntity
  8
Rooms
100
AcDbPolyline
 90
        2
 70
     0
 43
0.0
 10
-89.41302500113913
 20
-222.1688895339788
 10
-89.99514303087442
 20
-222.1688895339788
  0
LWPOLYLINE
  5
48C
330
1F
100
AcDbEntity
  8
Walls
100
AcDbPolyline
 90
        5
 70
     0
 43
0.0
 10
-116.0776739726187
 20
-218.5286075249668
 10
-117.322754317401
 20
-218.5286075249668
 10
-117.322754317401
 20
-226.2388350039457
 10
-116.2668600010047
 20
-226.2388350039457
 10
-116.2626942164439
 20
-226.0690595354995
  0
LWPOLYLINE
  5
48D
330
1F
100
AcDbEntity
  8
Walls
100
AcDbPolyline
 90
        2
 70
     0
 43
0.0
 10
-115.7416189518441
 20
-223.8842348000314
 10
-115.7416189518441
 20
-213.2244273096938
  0
LWPOLYLINE
  5
48E
330
1F
100
AcDbEntity
  8
Walls
100
AcDbPolyline
 90
        2
 70
     0
 43
0.0
 10
-116.1299182828134
 20
-220.6578108256552
 10
-116.0776739726187
 20
-218.5286075249668
  0
LWPOLYLINE
  5
48F
330
1F
100
AcDbEntity
  8
Walls
100
AcDbPolyline
 90
        2
 70
     0
 43
0.0
 10
-116.1506952550424
 20
-221.5045709356726
 10
-116.1355425038157
 20
-220.8870244926979
  0
LWPOLYLINE
  5
490
330
1F
100
AcDbEntity
  8
Walls
100
AcDbPolyline
 90
        2
 70
     0
 43
0.0
 10
-116.2562047285526
 20
-225.804582140996
 10
-116.1554860889258
 20
-221.6998201270122
  0
LWPOLYLINE
  5
491
330
1F
100
AcDbEntity
  8
Walls
100
AcDbPolyline
 90
        4
 70
     0
 43
0.0
 10
-116.2124691541999
 20
-223.6702857505717
 10
-117.3305691632024
 20
-223.6702857505717
 10
-117.3305691632024
 20
-221.2392735667338
 10
-116.1466702033481
 20
-221.2392735667338
  0
LWPOLYLINE
  5
498
330
1F
100
AcDbEntity
  8
Rooms
100
AcDbPolyline
 90
        5
 70
     0
 43
0.0
 10
-116.0776739726187
 20
-218.5286075249668
 10
-117.322754317401
 20
-218.5286075249668
 10
-117.322754317401
 20
-226.2388350039457
 10
-116.2668600010047
 20
-226.2388350039457
 10
-116.0776739726187
 20
-218.5286075249668
  0
LWPOLYLINE
  5
499
330
1F
100
AcDbEntity
  8
Rooms
100
AcDbPolyline
 90
        2
 70
     0
 43
0.0
 10
-116.1466702033481
 20
-221.2392735667338
 10
-117.3305691632024
 20
-221.2392735667338
  0
LWPOLYLINE
  5
49A
330
1F
100
AcDbEntity
  8
Rooms
100
AcDbPolyline
 90
        2
 70
     0
 43
0.0
 10
-116.2124691541999
 20
-223.6702857505717
 10
-117.3305691632024
 20
-223.6702857505717
  0
MTEXT
  5
49B
330
1F
100
AcDbEntity
  8
Rooms
100
AcDbMText
 10
-116.8866239614242
 20
-220.073093552492
 30
0.0
 40
0.1
 41
0.0
 46
0.0
 71
     1
 72
     5
  1
Açık saha
 73
     1
 44
1.0
  0
MTEXT
  5
49C
330
1F
100
AcDbEntity
  8
Rooms
100
AcDbMText
 10
-117.0632335859514
 20
-222.4257517902104
 30
0.0
 40
0.1
 41
0.6378785811732607
 46
0.0
 71
     1
 72
     1
  1
Açık saha\P
 73
     1
 44
1.0
  0
MTEXT
  5
49D
330
1F
100
AcDbEntity
  8
Rooms
100
AcDbMText
 10
-117.1144926038485
 20
-225.0041593490926
 30
0.0
 40
0.1
 41
0.6378785811732607
 46
0.0
 71
     1
 72
     1
  1
Açık saha\P
 73
     1
 44
1.0
  0
LWPOLYLINE
  5
4B0
330
1F
100
AcDbEntity
  8
Paths
100
AcDbPolyline
 90
        4
 70
     0
 43
0.0
 10
-101.189160016143
 20
-212.3773975922123
 10
-101.189160016143
 20
-213.5874370875503
 10
-108.6685743863661
 20
-213.5874370875503
 10
-108.6685743863661
 20
-214.5057417633027
  0
LWPOLYLINE
  5
4B2
330
1F
100
AcDbEntity
  8
Paths
100
AcDbPolyline
 90
        3
 70
     0
 43
0.0
 10
-108.6685743863661
 20
-213.5874370875503
 10
-110.1065834626495
 20
-213.5874370875503
 10
-110.1065834626495
 20
-214.4239122034237
  0
LWPOLYLINE
  5
4B3
330
1F
100
AcDbEntity
  8
Paths
100
AcDbPolyline
 90
        3
 70
     0
 43
0.0
 10
-110.1065834626495
 20
-213.5874370875503
 10
-112.0427290536718
 20
-213.5874370875503
 10
-112.0427290536718
 20
-215.1475247225713
  0
LWPOLYLINE
  5
4B4
330
1F
100
AcDbEntity
  8
Paths
100
AcDbPolyline
 90
        3
 70
     0
 43
0.0
 10
-112.0427290536718
 20
-213.5874370875503
 10
-112.587109170124
 20
-213.5874370875503
 10
-112.587109170124
 20
-212.7714068016636
  0
LWPOLYLINE
  5
4B5
330
1F
100
AcDbEntity
  8
Paths
100
AcDbPolyline
 90
        3
 70
     0
 43
0.0
 10
-112.587109170124
 20
-213.5874370875503
 10
-113.7991258091938
 20
-213.5874370875503
 10
-113.7991258091938
 20
-212.7354824275858
  0
LWPOLYLINE
  5
4B6
330
1F
100
AcDbEntity
  8
Paths
100
AcDbPolyline
 90
        3
 70
     0
 43
0.0
 10
-113.7991258091938
 20
-213.5874370875503
 10
-113.7991258091938
 20
-213.7208274948251
 10
-114.4410834630694
 20
-213.7208274948251
  0
LWPOLYLINE
  5
4B7
330
1F
100
AcDbEntity
  8
Paths
100
AcDbPolyline
 90
        3
 70
     0
 43
0.0
 10
-113.7991258091938
 20
-213.7208274948251
 10
-113.7991258091938
 20
-214.0390116630503
 10
-114.4154045943269
 20
-214.0390116630503
  0
LWPOLYLINE
  5
4B8
330
1F
100
AcDbEntity
  8
Paths
100
AcDbPolyline
 90
        4
 70
     0
 43
0.0
 10
-113.7991258091938
 20
-214.0390116630503
 10
-113.7991258091938
 20
-215.2758250908604
 10
-114.1843001851394
 20
-215.2758250908604
 10
-114.1843001851394
 20
-214.7215685610998
  0
LWPOLYLINE
  5
4B9
330
1F
100
AcDbEntity
  8
Paths
100
AcDbPolyline
 90
        3
 70
     0
 43
0.0
 10
-114.1843001851394
 20
-215.2758250908604
 10
-114.4821685711584
 20
-215.2758250908604
 10
-114.4821685711584
 20
-214.7061725620646
  0
LWPOLYLINE
  5
4BA
330
1F
100
AcDbEntity
  8
Paths
100
AcDbPolyline
 90
        3
 70
     0
 43
0.0
 10
-114.4821685711584
 20
-215.2758250908604
 10
-114.4821685711584
 20
-215.6607250667401
 10
-114.9197663549369
 20
-215.6607250667401
  0
LWPOLYLINE
  5
4BB
330
1F
100
AcDbEntity
  8
Paths
100
AcDbPolyline
 90
        3
 70
     0
 43
0.0
 10
-113.7991258091938
 20
-215.2758250908604
 10
-113.7991258091938
 20
-216.1966135385477
 10
-114.4985885497092
 20
-216.1966135385477
  0
LWPOLYLINE
  5
4BC
330
1F
100
AcDbEntity
  8
Paths
100
AcDbPolyline
 90
        4
 70
     0
 43
0.0
 10
-113.7991258091938
 20
-216.1966135385477
 10
-113.1889943732158
 20
-216.1966135385477
 10
-113.1889943732158
 20
-217.0947138585962
 10
-114.1699066030983
 20
-217.0947138585962
  0
LWPOLYLINE
  5
4BD
330
1F
100
AcDbEntity
  8
Paths
100
AcDbPolyline
 90
        3
 70
     0
 43
0.0
 10
-113.1889943732158
 20
-217.0947138585962
 10
-113.1889943732158
 20
-217.515694573287
 10
-114.1733459594805
 20
-217.515694573287
  0
LWPOLYLINE
  5
4BE
330
1F
100
AcDbEntity
  8
Paths
100
AcDbPolyline
 90
        5
 70
     0
 43
0.0
 10
-113.1889943732158
 20
-217.515694573287
 10
-113.1889943732158
 20
-218.4926422334118
 10
-113.4015214975846
 20
-218.4926422334118
 10
-113.4015214975846
 20
-219.1456546642946
 10
-112.9590086474191
 20
-219.1456546642946
  0
LWPOLYLINE
  5
4BF
330
1F
100
AcDbEntity
  8
Paths
100
AcDbPolyline
 90
        3
 70
     0
 43
0.0
 10
-113.4015214975846
 20
-219.1456546642946
 10
-113.4015214975846
 20
-219.5621431387448
 10
-112.8818259848497
 20
-219.5621431387448
  0
LWPOLYLINE
  5
4C0
330
1F
100
AcDbEntity
  8
Paths
100
AcDbPolyline
 90
        3
 70
     0
 43
0.0
 10
-113.4015214975846
 20
-219.5621431387448
 10
-113.4015214975846
 20
-220.6388277899061
 10
-114.4877089750696
 20
-220.6388277899061
  0
LWPOLYLINE
  5
4C1
330
1F
100
AcDbEntity
  8
Paths
100
AcDbPolyline
 90
        3
 70
     0
 43
0.0
 10
-113.4015214975846
 20
-220.6388277899061
 10
-113.4015214975846
 20
-220.9335092661965
 10
-114.4826954558889
 20
-220.9335092661965
  0
LWPOLYLINE
  5
4C2
330
1F
100
AcDbEntity
  8
Paths
100
AcDbPolyline
 90
        4
 70
     0
 43
0.0
 10
-114.4826954558889
 20
-220.9335092661965
 10
-113.4015214975846
 20
-220.9335092661965
 10
-113.4015214975846
 20
-221.6800803054276
 10
-112.9694013675851
 20
-221.6800803054276
  0
LWPOLYLINE
  5
4C3
330
1F
100
AcDbEntity
  8
Paths
100
AcDbPolyline
 90
        4
 70
     0
 43
0.0
 10
-112.9694013675851
 20
-221.6800803054276
 10
-113.4015214975846
 20
-221.6800803054276
 10
-113.4015214975846
 20
-222.3471237897686
 10
-112.9726200166058
 20
-222.3471237897686
  0
LWPOLYLINE
  5
4C5
330
1F
100
AcDbEntity
  8
Paths
100
AcDbPolyline
 90
        3
 70
     0
 43
0.0
 10
-113.4015214975846
 20
-222.3471237897686
 10
-113.4015214975846
 20
-223.6267275275759
 10
-114.3497668741782
 20
-223.6267275275759
  0
LWPOLYLINE
  5
4C6
330
1F
100
AcDbEntity
  8
Paths
100
AcDbPolyline
 90
        3
 70
     0
 43
0.0
 10
-113.4015214975846
 20
-223.6267275275759
 10
-113.4015214975846
 20
-224.0065916558574
 10
-114.3580314993444
 20
-224.0065916558574
  0
LWPOLYLINE
  5
4C7
330
1F
100
AcDbEntity
  8
Paths
100
AcDbPolyline
 90
        4
 70
     0
 43
0.0
 10
-113.4015214975846
 20
-224.0065916558574
 10
-113.4015214975846
 20
-224.6919992466959
 10
-112.8953378193439
 20
-224.6919992466959
 10
-112.8953378193439
 20
-225.3774062730408
  0
LWPOLYLINE
  5
4C8
330
1F
100
AcDbEntity
  8
Walls
100
AcDbPolyline
 90
        2
 70
     0
 43
0.0
 10
-115.7416189518441
 20
-224.4029717385194
 10
-115.7416189518441
 20
-224.2755462710602
  0
LWPOLYLINE
  5
4C9
330
1F
100
AcDbEntity
  8
Paths
100
AcDbPolyline
 90
        4
 70
     0
 43
0.0
 10
-113.4015214975846
 20
-224.6919992466959
 10
-116.0273191705271
 20
-224.6919992466959
 10
-116.0273191705271
 20
-225.9637181375968
 10
-116.7380066114092
 20
-225.9637181375968
  0
LWPOLYLINE
  5
4CA
330
1F
100
AcDbEntity
  8
Paths
100
AcDbPolyline
 90
        3
 70
     0
 43
0.0
 10
-116.0273191705271
 20
-224.6919992466959
 10
-116.0273191705271
 20
-221.5707113597258
 10
-116.6135590346307
 20
-221.5707113597258
  0
LWPOLYLINE
  5
4CB
330
1F
100
AcDbEntity
  8
Paths
100
AcDbPolyline
 90
        3
 70
     0
 43
0.0
 10
-116.0273191705271
 20
-221.5707113597258
 10
-116.0273191705271
 20
-220.7938117716876
 10
-116.6238002889604
 20
-220.7938117716876
  0
LWPOLYLINE
  5
4CD
330
1F
100
AcDbEntity
  8
Paths
100
AcDbPolyline
 90
        6
 70
     0
 43
0.0
 10
-101.189160016143
 20
-213.5874370875503
 10
-101.189160016143
 20
-215.011342329844
 10
-102.5101606520068
 20
-215.011342329844
 10
-102.5101606520068
 20
-216.2877324054636
 10
-104.6315565340828
 20
-216.2877324054636
 10
-104.6315565340828
 20
-217.9692222967177
  0
LWPOLYLINE
  5
4CE
330
1F
100
AcDbEntity
  8
Paths
100
AcDbPolyline
 90
        5
 70
     0
 43
0.0
 10
-101.189160016143
 20
-215.011342329844
 10
-99.79032216891759
 20
-215.011342329844
 10
-99.79032216891759
 20
-216.268513655623
 10
-97.75634046665121
 20
-216.268513655623
 10
-97.75634046665121
 20
-218.0418269018328
  0
LWPOLYLINE
  5
4CF
330
1F
100
AcDbEntity
  8
Paths
100
AcDbPolyline
 90
        3
 70
     0
 43
0.0
 10
-102.5101606520068
 20
-216.2877324054636
 10
-104.6315565340828
 20
-216.2877324054636
 10
-102.5101606520068
 20
-216.2877324054636
  0
LWPOLYLINE
  5
4D0
330
1F
100
AcDbEntity
  8
Paths
100
AcDbPolyline
 90
        5
 70
     0
 43
0.0
 10
-101.189160016143
 20
-213.5874370875503
 10
-95.76472700448679
 20
-213.5874370875503
 10
-95.76472700448679
 20
-213.803306222369
 10
-94.31345060284485
 20
-213.803306222369
 10
-94.31345060284485
 20
-213.3255792218744
  0
LWPOLYLINE
  5
4D1
330
1F
100
AcDbEntity
  8
Paths
100
AcDbPolyline
 90
        3
 70
     0
 43
0.0
 10
-94.31345060284485
 20
-213.803306222369
 10
-92.27312789153282
 20
-213.803306222369
 10
-92.27312789153282
 20
-213.308517402162
  0
LWPOLYLINE
  5
4D2
330
1F
100
AcDbEntity
  8
Paths
100
AcDbPolyline
 90
        3
 70
     0
 43
0.0
 10
-92.27312789153282
 20
-213.803306222369
 10
-91.50892432499906
 20
-213.803306222369
 10
-91.50892432499906
 20
-213.2797683065081
  0
LWPOLYLINE
  5
4D3
330
1F
100
AcDbEntity
  8
Paths
100
AcDbPolyline
 90
        3
 70
     0
 43
0.0
 10
-91.50892432499906
 20
-213.803306222369
 10
-91.16142599392743
 20
-213.803306222369
 10
-91.16142599392743
 20
-213.3064801446816
  0
LWPOLYLINE
  5
4D9
330
1F
100
AcDbEntity
  8
Paths
100
AcDbPolyline
 90
        5
 70
     0
 43
0.0
 10
-95.76472700448679
 20
-213.803306222369
 10
-95.22278116040345
 20
-213.803306222369
 10
-95.22278116040345
 20
-214.6142916287596
 10
-94.63464040005446
 20
-214.6142916287596
 10
-94.63464040005446
 20
-215.0837939571875
  0
LWPOLYLINE
  5
4DA
330
1F
100
AcDbEntity
  8
Paths
100
AcDbPolyline
 90
        3
 70
     0
 43
0.0
 10
-94.63464040005446
 20
-214.6142916287596
 10
-94.30676771376878
 20
-214.6142916287596
 10
-94.30676771376878
 20
-214.2765206608526
  0
LWPOLYLINE
  5
4DB
330
1F
100
AcDbEntity
  8
Paths
100
AcDbPolyline
 90
        3
 70
     0
 43
0.0
 10
-94.30676771376878
 20
-214.6142916287596
 10
-93.97213640548857
 20
-214.6142916287596
 10
-93.97213640548857
 20
-214.2798980261906
  0
LWPOLYLINE
  5
4DD
330
1F
100
AcDbEntity
  8
Paths
100
AcDbPolyline
 90
        3
 70
     0
 43
0.0
 10
-93.97213640548857
 20
-214.6142916287596
 10
-93.26907094186756
 20
-214.6142916287596
 10
-93.26907094186756
 20
-215.0196172418429
  0
LWPOLYLINE
  5
4DE
330
1F
100
AcDbEntity
  8
Paths
100
AcDbPolyline
 90
        3
 70
     0
 43
0.0
 10
-93.26907094186756
 20
-214.6142916287596
 10
-92.89725693458015
 20
-214.6142916287596
 10
-92.89725693458015
 20
-214.2697648011894
  0
LWPOLYLINE
  5
4DF
330
1F
100
AcDbEntity
  8
Paths
100
AcDbPolyline
 90
        3
 70
     0
 43
0.0
 10
-92.89725693458015
 20
-214.6142916287596
 10
-92.58290581987813
 20
-214.6142916287596
 10
-92.58290581987813
 20
-214.3035418415308
  0
LWPOLYLINE
  5
4E0
330
1F
100
AcDbEntity
  8
Paths
100
AcDbPolyline
 90
        3
 70
     0
 43
0.0
 10
-92.58290581987813
 20
-214.6142916287596
 10
-92.26517485322963
 20
-214.6142916287596
 10
-92.26517485322963
 20
-215.0128619466734
  0
LWPOLYLINE
  5
4E1
330
1F
100
AcDbEntity
  8
Paths
100
AcDbPolyline
 90
        3
 70
     0
 43
0.0
 10
-92.26517485322963
 20
-214.6142916287596
 10
-91.84603967299407
 20
-214.6142916287596
 10
-91.84603967299407
 20
-215.0061066515038
  0
LWPOLYLINE
  5
4E2
330
1F
100
AcDbEntity
  8
Paths
100
AcDbPolyline
 90
        3
 70
     0
 43
0.0
 10
-91.84603967299407
 20
-214.6142916287596
 10
-90.8593371205707
 20
-214.6142916287596
 10
-90.8593371205707
 20
-214.9954332061069
  0
LWPOLYLINE
  5
4E3
330
1F
100
AcDbEntity
  8
Paths
100
AcDbPolyline
 90
        3
 70
     0
 43
0.0
 10
-90.8593371205707
 20
-214.6142916287596
 10
-90.32323028447562
 20
-214.6142916287596
 10
-90.32323028447562
 20
-214.9988241192918
  0
LWPOLYLINE
  5
4E4
330
1F
100
AcDbEntity
  8
Paths
100
AcDbPolyline
 90
        5
 70
     0
 43
0.0
 10
-97.75634046665121
 20
-216.268513655623
 10
-89.3634951423019
 20
-216.268513655623
 10
-89.3634951423019
 20
-217.4887727434863
 10
-88.1399703453715
 20
-217.4887727434863
 10
-88.1399703453715
 20
-217.1662572157027
  0
LWPOLYLINE
  5
4E5
330
1F
100
AcDbEntity
  8
Paths
100
AcDbPolyline
 90
        2
 70
     0
 43
0.0
 10
-88.1399703453715
 20
-217.4887727434863
 10
-88.1399703453715
 20
-217.8112877067762
  0
LWPOLYLINE
  5
4E6
330
1F
100
AcDbEntity
  8
Paths
100
AcDbPolyline
 90
        3
 70
     0
 43
0.0
 10
-89.3634951423019
 20
-217.4887727434863
 10
-89.3634951423019
 20
-218.3227669098928
 10
-88.15176737021969
 20
-218.3227669098928
  0
LWPOLYLINE
  5
4E7
330
1F
100
AcDbEntity
  8
Paths
100
AcDbPolyline
 90
        5
 70
     0
 43
0.0
 10
-89.3634951423019
 20
-218.3227669098928
 10
-89.3634951423019
 20
-218.4957159011813
 10
-89.0582211587878
 20
-218.4957159011813
 10
-89.0582211587878
 20
-219.0894802105295
 10
-89.62490029203584
 20
-219.0894802105295
  0
LWPOLYLINE
  5
4E8
330
1F
100
AcDbEntity
  8
Paths
100
AcDbPolyline
 90
        3
 70
     0
 43
0.0
 10
-89.0582211587878
 20
-219.0894802105295
 10
-89.0582211587878
 20
-219.6447596027323
 10
-89.59739193237103
 20
-219.6447596027323
  0
LWPOLYLINE
  5
4E9
330
1F
100
AcDbEntity
  8
Paths
100
AcDbPolyline
 90
        3
 70
     0
 43
0.0
 10
-89.0582211587878
 20
-219.6447596027323
 10
-89.0582211587878
 20
-221.0233868116385
 10
-88.44676439674234
 20
-221.0233868116385
  0
LWPOLYLINE
  5
4EA
330
1F
100
AcDbEntity
  8
Paths
100
AcDbPolyline
 90
        3
 70
     0
 43
0.0
 10
-89.0582211587878
 20
-221.0233868116385
 10
-89.0582211587878
 20
-221.4041902573063
 10
-87.9938934471734
 20
-221.4041902573063
  0
LWPOLYLINE
  5
4EB
330
1F
100
AcDbEntity
  8
Paths
100
AcDbPolyline
 90
        3
 70
     0
 43
0.0
 10
-89.0582211587878
 20
-221.4041902573063
 10
-89.0582211587878
 20
-221.9008898884225
 10
-89.73358135715697
 20
-221.9008898884225
  0
LWPOLYLINE
  5
4EC
330
1F
100
AcDbEntity
  8
Paths
100
AcDbPolyline
 90
        3
 70
     0
 43
0.0
 10
-89.0582211587878
 20
-221.9008898884225
 10
-89.0582211587878
 20
-222.3780123162483
 10
-89.67239240499909
 20
-222.3780123162483
  0
LWPOLYLINE
  5
4ED
330
1F
100
AcDbEntity
  8
Paths
100
AcDbPolyline
 90
        3
 70
     0
 43
0.0
 10
-89.0582211587878
 20
-222.3780123162483
 10
-89.0582211587878
 20
-224.0611731086224
 10
-88.00696062124851
 20
-224.0611731086224
  0
LWPOLYLINE
  5
4EE
330
1F
100
AcDbEntity
  8
Paths
100
AcDbPolyline
 90
        4
 70
     0
 43
0.0
 10
-89.0582211587878
 20
-224.0611731086224
 10
-89.0582211587878
 20
-224.7489289929267
 10
-89.38120474425867
 20
-224.7489289929267
 10
-89.38120474425867
 20
-225.6813759273808
  0
LWPOLYLINE
  5
4EF
330
1F
100
AcDbEntity
  8
Paths
100
AcDbPolyline
 90
        5
 70
     0
 43
0.0
 10
-104.6315565340828
 20
-216.2877324054636
 10
-107.1540307049129
 20
-216.2877324054636
 10
-107.1540307049129
 20
-225.4353204961476
 10
-106.4462492442897
 20
-225.4353204961476
 10
-106.4462492442897
 20
-224.4940127053155
  0
LWPOLYLINE
  5
4F0
330
1F
100
AcDbEntity
  8
Paths
100
AcDbPolyline
 90
        3
 70
     0
 43
0.0
 10
-106.4462492442897
 20
-225.4353204961476
 10
-105.4899978163503
 20
-225.4353204961476
 10
-105.4899978163503
 20
-224.5082746366649
  0
LWPOLYLINE
  5
4F1
330
1F
100
AcDbEntity
  8
Paths
100
AcDbPolyline
 90
        3
 70
     0
 43
0.0
 10
-105.4899978163503
 20
-225.4353204961476
 10
-104.4623843415495
 20
-225.4353204961476
 10
-104.4623843415495
 20
-224.379914432052
  0
LWPOLYLINE
  5
4F2
330
1F
100
AcDbEntity
  8
Paths
100
AcDbPolyline
 90
        3
 70
     0
 43
0.0
 10
-107.1540307049129
 20
-216.2877324054636
 10
-112.3612941643187
 20
-216.2877324054636
 10
-113.1889943732158
 20
-216.1966135385477
  0
LWPOLYLINE
  5
4F3
330
1F
100
AcDbEntity
  8
Paths
100
AcDbPolyline
 90
        3
 70
     0
 43
0.0
 10
-112.3612941643187
 20
-216.2877324054636
 10
-112.3612941643187
 20
-224.6919992466959
 10
-112.8953378193439
 20
-224.6919992466959
  0
LWPOLYLINE
  5
4F4
330
1F
100
AcDbEntity
  8
Paths
100
AcDbPolyline
 90
        4
 70
     0
 43
0.0
 10
-112.3612941643187
 20
-224.6919992466959
 10
-112.3612941643187
 20
-227.1176441444809
 10
-116.0109857438827
 20
-227.1176441444809
 10
-116.0273191705271
 20
-225.9637181375968
  0
LWPOLYLINE
  5
4F5
330
1F
100
AcDbEntity
  8
Paths
100
AcDbPolyline
 90
        5
 70
     0
 43
0.0
 10
-99.79032216891759
 20
-216.268513655623
 10
-98.65992722331863
 20
-216.268513655623
 10
-98.65992722331863
 20
-225.4120131190059
 10
-97.79467971550849
 20
-225.4120131190059
 10
-97.79467971550849
 20
-224.3237721544234
  0
LWPOLYLINE
  5
4F6
330
1F
100
AcDbEntity
  8
Paths
100
AcDbPolyline
 90
        3
 70
     0
 43
0.0
 10
-97.79467971550849
 20
-225.4120131190059
 10
-95.8634903030286
 20
-225.4120131190059
 10
-95.8634903030286
 20
-224.3527916425219
  0
LWPOLYLINE
  5
4FA
330
1F
100
AcDbEntity
  8
Paths
100
AcDbPolyline
 90
        4
 70
     0
 43
0.0
 10
-102.5101606520068
 20
-216.2877324054636
 10
-103.6472785169385
 20
-216.2877324054636
 10
-103.6472785169385
 20
-225.4754277679615
 10
-104.4623843415495
 20
-225.4353204961476
  0
LWPOLYLINE
  5
4FB
330
1F
100
AcDbEntity
  8
Paths
100
AcDbPolyline
 90
        2
 70
     0
 43
0.0
 10
-103.6472785169385
 20
-225.4754277679615
 10
-98.65992722331863
 20
-225.4120131190059
  0
LWPOLYLINE
  5
4FC
330
1F
100
AcDbEntity
  8
Paths
100
AcDbPolyline
 90
        4
 70
     0
 43
0.0
 10
-97.75634046665121
 20
-216.268513655623
 10
-95.13648999158
 20
-216.268513655623
 10
-95.13648999158
 20
-225.4241152977591
 10
-95.8634903030286
 20
-225.4120131190059
  0
MTEXT
  5
4FE
330
1F
100
AcDbEntity
  8
Rooms
100
AcDbMText
 10
-108.6749413609837
 20
-214.9161806628287
 30
0.0
 40
0.0564107095153516
 41
0.0
 46
0.0
 71
     1
 72
     5
  1
ÖĞRENCİ İŞLERİ
 73
     1
 44
1.0
  0
MTEXT
  5
50F
330
1F
100
AcDbEntity
  8
Rooms
100
AcDbMText
 10
-109.9846388621179
 20
-214.8765036438693
 30
0.0
 40
0.1
 41
0.0
 46
0.0
 71
     1
 72
     5
  1
MALİ İŞLER
 73
     1
 44
1.0
  0
MTEXT
  5
510
330
1F
100
AcDbEntity
  8
Rooms
100
AcDbMText
 10
-115.0197419301417
 20
-212.3311378127319
 30
0.0
 40
0.1
 41
0.0
 46
0.0
 71
     1
 72
     5
  1
ULUSLARARASI OFİS
 73
     1
 44
1.0
  0
MTEXT
  5
511
330
1F
100
AcDbEntity
  8
Rooms
100
AcDbMText
 10
-115.6019991895696
 20
-215.1651000882515
 30
0.0
 40
0.1
 41
0.0
 46
0.0
 71
     1
 72
     5
  1
WC KADIN
 73
     1
 44
1.0
  0
MTEXT
  5
512
330
1F
100
AcDbEntity
  8
Rooms
100
AcDbMText
 10
-114.3554912287402
 20
-214.3870659977968
 30
0.0
 40
0.0374634452638886
 41
0.0
 46
0.0
 71
     1
 72
     5
  1
ENGELLİ WC
 73
     1
 44
1.0
  0
MTEXT
  5
521
330
1F
100
AcDbEntity
  8
Rooms
100
AcDbMText
 10
-97.43449830298416
 20
-219.6378120073032
 30
0.0
 40
0.1
 41
0.0
 46
0.0
 71
     1
 72
     5
  1
KÜTÜPHANE Z2
 73
     1
 44
1.0
  0
LWPOLYLINE
  5
55D
330
1F
100
AcDbEntity
  8
Walls
100
AcDbPolyline
 90
        2
 70
     0
 43
0.0
 10
-112.9851631099412
 20
-214.7862614972599
 10
-112.9851631099412
 20
-215.8724127222058
  0
LWPOLYLINE
  5
564
330
1F
100
AcDbEntity
  8
Walls
100
AcDbPolyline
 90
        2
 70
     0
 43
0.0
 10
-113.6866504738113
 20
-214.7756608092063
 10
-113.7424306487156
 20
-214.7748032724305
  0
LWPOLYLINE
  5
565
330
1F
100
AcDbEntity
  8
Walls
100
AcDbPolyline
 90
        2
 70
     0
 43
0.0
 10
-112.9481588671536
 20
-214.7870140133221
 10
-113.0302698166358
 20
-214.7857516802621
  0
LWPOLYLINE
  5
566
330
1F
100
AcDbEntity
  8
Rooms
100
AcDbPolyline
 90
        4
 70
     0
 43
0.0
 10
-112.4012613608331
 20
-214.7930945591414
 10
-112.9851631099412
 20
-214.7862614972599
 10
-112.9851631099412
 20
-215.8724127222058
 10
-112.4012613608331
 20
-215.8733525982666
  0
LWPOLYLINE
  5
567
330
1F
100
AcDbEntity
  8
Rooms
100
AcDbPolyline
 90
        4
 70
     0
 43
0.0
 10
-112.9851631099412
 20
-214.7862614972599
 10
-113.7424306487156
 20
-214.7748032724305
 10
-113.7424306487156
 20
-215.8715072076635
 10
-112.9851631099412
 20
-215.8724127222058
  0
MTEXT
  5
56A
330
1F
100
AcDbEntity
  8
Rooms
100
AcDbMText
 10
-112.8552538546162
 20
-215.234411940363
 30
0.0
 40
0.0340914277334364
 41
0.0
 46
0.0
 71
     1
 72
     5
  1
MERDIVEN A 
 73
     1
 44
1.0
  0
MTEXT
  5
56B
330
1F
100
AcDbEntity
  8
Rooms
100
AcDbMText
 10
-113.5339096184246
 20
-215.2310857921365
 30
0.0
 40
0.0389610453159279
 41
0.0
 46
0.0
 71
     1
 72
     5
  1
ASANSÖR A 
 73
     1
 44
1.0
  0
LWPOLYLINE
  5
56D
330
1F
100
AcDbEntity
  8
Paths
100
AcDbPolyline
 90
        3
 70
     0
 43
0.0
 10
-112.587109170124
 20
-213.5874370875503
 10
-112.587109170124
 20
-214.3805457093156
 10
-112.587109170124
 20
-215.1438166426064
  0
LWPOLYLINE
  5
56E
330
1F
100
AcDbEntity
  8
Paths
100
AcDbPolyline
 90
        3
 70
     0
 43
0.0
 10
-112.587109170124
 20
-214.3805457093156
 10
-113.3574705338208
 20
-214.3805457093156
 10
-113.3574705338208
 20
-215.0579070268882
  0
LWPOLYLINE
  5
56F
330
1F
100
AcDbEntity
  8
Walls
100
AcDbPolyline
 90
        5
 70
     0
 43
0.0
 10
-106.5595825453999
 20
-214.6237449601994
 10
-106.5595825453999
 20
-214.6150091930363
 10
-105.5838561665243
 20
-214.6150091930363
 10
-105.5838561665243
 20
-215.8569017339165
 10
-106.2103770358564
 20
-215.8876914166727
  0
MTEXT
  5
570
330
1F
100
AcDbEntity
  8
Rooms
100
AcDbMText
 10
-106.2545785915163
 20
-214.8852678405313
 30
0.0
 40
0.0389610453159279
 41
0.0
 46
0.0
 71
     1
 72
     5
  1
MERDIVEN B
 73
     1
 44
1.0
  0
LWPOLYLINE
  5
571
330
1F
100
AcDbEntity
  8
Rooms
100
AcDbPolyline
 90
        5
 70
     0
 43
0.0
 10
-105.5838561665243
 20
-214.6150091930363
 10
-106.5595825453999
 20
-214.6237449601994
 10
-106.5595825453999
 20
-215.2102966703224
 10
-105.5833215368041
 20
-215.2102966703224
 10
-105.5838561665243
 20
-214.6150091930363
  0
MTEXT
  5
572
330
1F
100
AcDbEntity
  8
Rooms
100
AcDbMText
 10
-104.5565302680386
 20
-215.2177121052175
 30
0.0
 40
0.062997013731786
 41
0.0
 46
0.0
 71
     1
 72
     5
  1
ASANSÖR B
 73
     1
 44
1.0
  0
LWPOLYLINE
  5
573
330
1F
100
AcDbEntity
  8
Rooms
100
AcDbPolyline
 90
        5
 70
     0
 43
0.0
 10
-103.913129200208
 20
-214.8296071117439
 10
-104.6595911774764
 20
-214.8296071117439
 10
-104.6598730078077
 20
-215.8595450291949
 10
-103.9011776677327
 20
-215.8580474032671
 10
-103.9011776677327
 20
-214.8296071117439
  0
LWPOLYLINE
  5
575
330
1F
100
AcDbEntity
  8
Paths
100
AcDbPolyline
 90
        3
 70
     0
 43
0.0
 10
-101.189160016143
 20
-213.5874370875503
 10
-104.2404405492427
 20
-213.5874370875503
 10
-104.2404405492427
 20
-215.3075370974184
  0
LWPOLYLINE
  5
576
330
1F
100
AcDbEntity
  8
Paths
100
AcDbPolyline
 90
        4
 70
     0
 43
0.0
 10
-104.2404405492427
 20
-213.5874370875503
 10
-106.6832718729593
 20
-213.5874370875503
 10
-106.6832718729593
 20
-215.0034869108479
 10
-106.1268973565441
 20
-215.0034869108479
  0
LWPOLYLINE
  5
577
330
1F
100
AcDbEntity
  8
Walls
100
AcDbPolyline
 90
        3
 70
     0
 43
0.0
 10
-97.7275663580697
 20
-214.8224130034435
 10
-97.71419606993973
 20
-214.8224130034435
 10
-97.71419606993973
 20
-215.8880201991538
  0
MTEXT
  5
578
330
1F
100
AcDbEntity
  8
Rooms
100
AcDbMText
 10
-98.3572413428233
 20
-215.1259314333112
 30
0.0
 40
0.062997013731786
 41
0.0
 46
0.0
 71
     1
 72
     5
  1
ASANSÖR C
 73
     1
 44
1.0
  0
MTEXT
  5
579
330
1F
100
AcDbEntity
  8
Rooms
100
AcDbMText
 10
-96.06225044337797
 20
-215.1779022826652
 30
0.0
 40
0.0559505004516143
 41
0.0
 46
0.0
 71
     1
 72
     5
  1
MERDIVEN C
 73
     1
 44
1.0
  0
LWPOLYLINE
  5
57A
330
1F
100
AcDbEntity
  8
Rooms
100
AcDbPolyline
 90
        5
 70
     0
 43
0.0
 10
-97.7275663580697
 20
-214.8224130034435
 10
-98.45313564991208
 20
-214.8224130034435
 10
-98.45313564991208
 20
-215.8850191537748
 10
-97.71419606993973
 20
-215.8880201991538
 10
-97.71419606993973
 20
-214.8224130034435
  0
LWPOLYLINE
  5
57B
330
1F
100
AcDbEntity
  8
Rooms
100
AcDbPolyline
 90
        4
 70
     0
 43
0.0
 10
-95.50494560933307
 20
-214.771070794659
 10
-96.14985661129438
 20
-214.771070794659
 10
-96.14985661129438
 20
-215.9232424330431
 10
-95.50494560933307
 20
-215.921489386713
  0
LWPOLYLINE
  5
57C
330
1F
100
AcDbEntity
  8
Paths
100
AcDbPolyline
 90
        3
 70
     0
 43
0.0
 10
-101.189160016143
 20
-213.5874370875503
 10
-98.10238969972923
 20
-213.5874370875503
 10
-98.10238969972923
 20
-215.362612261568
  0
LWPOLYLINE
  5
57E
330
1F
100
AcDbEntity
  8
Paths
100
AcDbPolyline
 90
        4
 70
     0
 43
0.0
 10
-98.10238969972923
 20
-213.5874370875503
 10
-98.10238969972923
 20
-214.6637292990379
 10
-95.8665731864651
 20
-214.6637292990379
 10
-95.8665731864651
 20
-215.0929644601359
  0
ENDSEC
  0
SECTION
  2
OBJECTS
  0
DICTIONARY
  5
C
330
0
100
AcDbDictionary
281
     1
  3
ACAD_BACKGROUND
350
272
  3
ACAD_CIP_PREVIOUS_PRODUCT_INFO
350
1A5
  3
ACAD_COLOR
350
73
  3
ACAD_DETAILVIEWSTYLE
350
1AB
  3
ACAD_GROUP
350
D
  3
ACAD_IMAGE_DICT
350
265
  3
ACAD_IMAGE_VARS
350
266
  3
ACAD_LAST_SAVED_VERSION_INFO
350
359
  3
ACAD_LAYOUT
350
1A
  3
ACAD_MATERIAL
350
72
  3
ACAD_MLEADERSTYLE
350
D7
  3
ACAD_MLINESTYLE
350
17
  3
ACAD_PLOTSETTINGS
350
19
  3
ACAD_PLOTSTYLENAME
350
E
  3
ACAD_SCALELIST
350
B6
  3
ACAD_SECTIONVIEWSTYLE
350
1A8
  3
ACAD_TABLESTYLE
350
86
  3
ACAD_VISUALSTYLE
350
99
  3
ACDB_RECOMPOSE_DATA
350
59C
  3
AcDbVariableDictionary
350
66
  0
DICTIONARY
  5
18E
330
2
100
AcDbDictionary
280
     1
281
     1
  3
ACAD_LAYERSTATES
360
18F
  0
DICTIONARY
  5
E6
330
10
100
AcDbDictionary
280
     1
281
     1
  0
DICTIONARY
  5
15D
330
1F
100
AcDbDictionary
280
     1
281
     1
  3
ACAD_SORTENTS
360
2AA
  0
DICTIONARY
  5
42C
330
42A
100
AcDbDictionary
280
     1
281
     1
  3
ACAD_SORTENTS
360
42D
  0
IMAGEDEF_REACTOR
  5
268
330
269
100
AcDbRasterImageDefReactor
 90
        2
330
269
  0
DICTIONARY
  5
272
102
{ACAD_REACTORS
330
C
102
}
330
C
100
AcDbDictionary
281
     1
  0
XRECORD
  5
1A5
102
{ACAD_REACTORS
330
C
102
}
330
C
100
AcDbXrecord
280
     1
300
ACD
300
2027
300

  0
DICTIONARY
  5
73
102
{ACAD_REACTORS
330
C
102
}
330
C
100
AcDbDictionary
281
     1
  0
DICTIONARY
  5
1AB
102
{ACAD_REACTORS
330
C
102
}
330
C
100
AcDbDictionary
281
     1
  3
Imperial24
350
1AC
  0
DICTIONARY
  5
D
102
{ACAD_REACTORS
330
C
102
}
330
C
100
AcDbDictionary
281
     1
  0
DICTIONARY
  5
265
102
{ACAD_REACTORS
330
C
102
}
330
C
100
AcDbDictionary
281
     1
  3
z
350
267
  0
RASTERVARIABLES
  5
266
102
{ACAD_REACTORS
330
C
102
}
330
C
100
AcDbRasterVariables
 90
        0
 70
     1
 71
     1
 72
     3
  0
XRECORD
  5
359
102
{ACAD_REACTORS
330
C
102
}
330
C
100
AcDbXrecord
280
     1
300
{01B02D5E-A3C7-F648-9DA7-001370A19613}
301
{F1B68C8C-E94D-984A-9764-252389E13F1C}
302
{01B02D5E-A3C7-F648-9DA7-001370A19613}
303
C:\Users\lenovo\Desktop\UniGuide-AI\data\Drawing3.dxf
  0
DICTIONARY
  5
1A
102
{ACAD_REACTORS
330
C
102
}
330
C
100
AcDbDictionary
281
     1
  3
Layout1
350
59
  3
Layout2
350
5E
  3
Model
350
22
  0
DICTIONARY
  5
72
102
{ACAD_REACTORS
330
C
102
}
330
C
100
AcDbDictionary
281
     1
  3
ByBlock
350
97
  3
ByLayer
350
96
  3
Global
350
98
  0
DICTIONARY
  5
D7
102
{ACAD_REACTORS
330
C
102
}
330
C
100
AcDbDictionary
281
     1
  3
Annotative
350
E5
  3
Standard
350
D8
  0
DICTIONARY
  5
17
102
{ACAD_REACTORS
330
C
102
}
330
C
100
AcDbDictionary
281
     1
  3
Standard
350
18
  0
DICTIONARY
  5
19
102
{ACAD_REACTORS
330
C
102
}
330
C
100
AcDbDictionary
281
     1
  0
ACDBDICTIONARYWDFLT
  5
E
102
{ACAD_REACTORS
330
C
102
}
330
C
100
AcDbDictionary
281
     1
  3
Normal
350
F
100
AcDbDictionaryWithDefault
340
F
  0
DICTIONARY
  5
B6
102
{ACAD_REACTORS
330
C
102
}
330
C
100
AcDbDictionary
281
     1
  3
A0
350
B7
  3
A1
350
124
  3
A2
350
125
  3
A3
350
126
  3
A4
350
127
  3
A5
350
128
  3
A6
350
129
  3
A7
350
12A
  3
A8
350
12B
  3
A9
350
12C
  3
B0
350
12D
  3
B1
350
12E
  3
B2
350
12F
  3
B3
350
130
  3
B4
350
131
  3
B5
350
132
  3
B6
350
133
  3
B7
350
134
  3
B8
350
135
  3
B9
350
136
  3
C0
350
137
  3
C1
350
138
  3
C2
350
139
  3
C3
350
13A
  3
C4
350
13B
  3
C5
350
13C
  3
C6
350
13D
  3
C7
350
13E
  3
C8
350
13F
  3
C9
350
140
  3
D0
350
141
  3
D1
350
142
  3
D2
350
143
  0
DICTIONARY
  5
1A8
102
{ACAD_REACTORS
330
C
102
}
330
C
100
AcDbDictionary
281
     1
  3
Imperial24
350
1AA
  0
DICTIONARY
  5
86
102
{ACAD_REACTORS
330
C
102
}
330
C
100
AcDbDictionary
281
     1
  3
Standard
350
87
  0
DICTIONARY
  5
99
102
{ACAD_REACTORS
330
C
102
}
330
C
100
AcDbDictionary
281
     1
  3
2dWireframe
350
9F
  3
Basic
350
9E
  3
Brighten
350
A5
  3
ColorChange
350
A9
  3
Conceptual
350
A2
  3
Dim
350
A4
  3
EdgeColorOff
350
175
  3
Facepattern
350
A8
  3
Flat
350
9A
  3
FlatWithEdges
350
9B
  3
Gouraud
350
9C
  3
GouraudWithEdges
350
9D
  3
Hidden
350
A1
  3
JitterOff
350
173
  3
Linepattern
350
A7
  3
OverhangOff
350
174
  3
Realistic
350
A3
  3
Shaded
350
182
  3
Shaded with edges
350
181
  3
Shades of Gray
350
17E
  3
Sketchy
350
17F
  3
Thicken
350
A6
  3
Wireframe
350
A0
  3
X-Ray
350
180
  0
XRECORD
  5
59C
102
{ACAD_REACTORS
330
C
102
}
330
C
100
AcDbXrecord
280
     1
 90
        1
330
87
  0
DICTIONARY
  5
66
102
{ACAD_REACTORS
330
C
102
}
330
C
100
AcDbDictionary
281
     1
  3
CANNOSCALE
350
F0
  3
CMLEADERSTYLE
350
EF
  3
CTABLESTYLE
350
89
  3
CVIEWDETAILSTYLE
350
1B7
  3
CVIEWSECTIONSTYLE
350
1B8
  3
DIMASSOC
350
67
  3
HIDETEXT
350
6B
  3
LAYEREVAL
350
14D
  3
LAYERNOTIFY
350
14E
  0
DICTIONARY
  5
18F
102
{ACAD_REACTORS
330
18E
102
}
330
18E
100
AcDbDictionary
281
     1
  0
SORTENTSTABLE
  5
2AA
102
{ACAD_REACTORS
330
15D
102
}
330
15D
100
AcDbSortentsTable
330
1F
331
296
  5
2A6
331
29A
  5
2AC
331
29B
  5
2BD
331
2A4
  5
2C7
331
2A6
  5
2C8
331
2A7
  5
2CF
331
2A8
  5
2D7
331
2A9
  5
2D8
331
2AC
  5
2C5
331
2AD
  5
2D9
331
2AE
  5
2DB
331
2AF
  5
2DC
331
2B0
  5
2DD
331
2B1
  5
2DE
331
2B2
  5
2DF
331
2B3
  5
2E0
331
2B4
  5
2E1
331
2B5
  5
2E2
331
2B6
  5
2E9
331
2B8
  5
2EE
331
2B9
  5
2F4
331
2BA
  5
2F5
331
2BB
  5
2F7
331
2BC
  5
2F8
331
2BD
  5
2FA
331
2BE
  5
2FC
331
2BF
  5
2FD
331
2C0
  5
2FE
331
2C1
  5
300
331
2C4
  5
2C0
331
2C5
  5
2C4
331
2C6
  5
301
331
2C7
  5
2C6
331
2C8
  5
2BA
331
2C9
  5
303
331
2CA
  5
2B9
331
2CB
  5
2B8
331
2CC
  5
2B6
331
2CD
  5
2B5
331
2CE
  5
2B4
331
2CF
  5
2B3
331
2D0
  5
2B2
331
2D1
  5
2B1
331
2D2
  5
2B0
331
2D3
  5
2AF
331
2D4
  5
2AE
331
2D5
  5
2AD
331
2D6
  5
2BF
331
2D7
  5
2BE
331
2D8
  5
2F0
331
2D9
  5
2F1
331
2DA
  5
2F2
331
2DB
  5
2F3
331
2DC
  5
2E4
331
2DD
  5
2E5
331
2DE
  5
2E6
331
2DF
  5
2E7
331
2E0
  5
2E8
331
2E1
  5
2C9
331
2E2
  5
2CA
331
2E3
  5
2CB
331
2E4
  5
2CC
331
2E5
  5
2CD
331
2E6
  5
2CE
331
2E7
  5
296
331
2E8
  5
2A7
331
2E9
  5
29A
331
2EA
  5
29B
331
2EB
  5
2A4
331
2EC
  5
2A9
331
2ED
  5
2A8
331
2EE
  5
304
331
2F0
  5
307
331
2F1
  5
309
331
2F2
  5
30C
331
2F3
  5
30D
331
2F4
  5
312
331
2F5
  5
329
331
2F6
  5
38B
331
2F7
  5
38C
331
30B
  5
305
331
30C
  5
308
331
30D
  5
30A
331
30E
  5
30B
331
313
  5
38E
331
314
  5
38F
331
317
  5
2D4
331
318
  5
2D1
331
319
  5
2D0
331
344
  5
38A
331
345
  5
32A
331
346
  5
310
331
347
  5
30E
331
34D
  5
390
331
352
  5
393
331
353
  5
395
331
354
  5
396
331
355
  5
397
331
356
  5
398
331
361
  5
399
331
37C
  5
391
331
384
  5
39A
331
386
  5
39B
331
389
  5
3A0
331
38A
  5
3A1
331
38B
  5
3A2
331
38C
  5
3A4
331
38F
  5
3A5
331
390
  5
3A6
331
391
  5
3A7
331
392
  5
3A8
331
393
  5
3A9
331
394
  5
3AA
331
395
  5
3AB
331
396
  5
3AC
331
397
  5
3AD
331
398
  5
3AF
331
399
  5
3B0
331
39A
  5
3B1
331
39B
  5
3B2
331
39C
  5
3B3
331
39D
  5
3B4
331
3A0
  5
3B5
331
3A1
  5
3B6
331
3A2
  5
3B7
331
3A4
  5
3B8
331
3A5
  5
3B9
331
3A6
  5
3BA
331
3A7
  5
3BB
331
3A8
  5
3BC
331
3A9
  5
3BD
331
3AA
  5
3BE
331
3AB
  5
3C0
331
3AC
  5
3D1
331
3AD
  5
3E1
331
3AF
  5
3E9
331
3B3
  5
3F1
331
3B6
  5
3F9
331
3B8
  5
401
331
3B9
  5
409
331
3BA
  5
411
331
3BB
  5
419
331
3BC
  5
421
331
3BF
  5
429
331
3C0
  5
430
331
3C1
  5
431
331
3C9
  5
432
331
3D1
  5
433
331
3D9
  5
434
331
3E1
  5
435
331
3E9
  5
436
331
3F1
  5
437
331
3F9
  5
438
331
401
  5
439
331
409
  5
443
331
411
  5
444
331
419
  5
445
331
421
  5
446
331
429
  5
447
331
430
  5
2E3
331
431
  5
2ED
331
432
  5
2EC
331
433
  5
2EB
331
434
  5
2EA
331
439
  5
302
331
43E
  5
2C1
331
442
  5
448
331
443
  5
449
331
444
  5
44A
331
445
  5
44B
331
446
  5
44C
331
447
  5
44D
331
448
  5
44E
331
449
  5
450
331
44A
  5
451
331
44B
  5
452
331
44C
  5
453
331
44D
  5
454
331
44E
  5
455
331
450
  5
456
331
451
  5
457
331
452
  5
458
331
453
  5
459
331
454
  5
45A
331
455
  5
45C
331
456
  5
45D
331
457
  5
45F
331
458
  5
460
331
459
  5
461
331
45A
  5
462
331
45C
  5
464
331
45D
  5
465
331
45F
  5
466
331
460
  5
467
331
461
  5
468
331
462
  5
469
331
463
  5
46A
331
464
  5
46B
331
465
  5
46E
331
466
  5
46F
331
467
  5
470
331
468
  5
471
331
469
  5
472
331
46A
  5
473
331
46B
  5
474
331
46E
  5
475
331
46F
  5
476
331
470
  5
477
331
471
  5
478
331
472
  5
479
331
473
  5
47A
331
474
  5
47B
331
475
  5
47C
331
476
  5
47D
331
477
  5
47E
331
478
  5
47F
331
479
  5
480
331
47A
  5
481
331
47B
  5
482
331
47C
  5
484
331
47D
  5
485
331
47E
  5
486
331
47F
  5
463
331
480
  5
487
331
481
  5
488
331
482
  5
489
331
484
  5
48C
331
485
  5
48D
331
486
  5
48E
331
487
  5
48F
331
488
  5
490
331
489
  5
491
331
48C
  5
498
331
48D
  5
2BC
331
48E
  5
49B
331
48F
  5
49A
331
490
  5
499
331
491
  5
49C
331
498
  5
49D
331
499
  5
49E
331
49A
  5
4B2
331
49B
  5
4B3
331
49C
  5
4B4
331
49D
  5
4B5
331
4B0
  5
4B6
331
4B2
  5
4B7
331
4B3
  5
4B8
331
4B4
  5
4B9
331
4B5
  5
4BA
331
4B6
  5
4BB
331
4B7
  5
4BC
331
4B8
  5
4BD
331
4B9
  5
4BE
331
4BA
  5
4BF
331
4BB
  5
4C0
331
4BC
  5
4C1
331
4BD
  5
4C2
331
4BE
  5
4C3
331
4BF
  5
4C5
331
4C0
  5
4C6
331
4C1
  5
4C7
331
4C2
  5
4C8
331
4C3
  5
4C9
331
4C5
  5
4CA
331
4C6
  5
4CB
331
4C7
  5
4CD
331
4C8
  5
2BB
331
4C9
  5
4CE
331
4CA
  5
4CF
331
4CB
  5
4D0
331
4CD
  5
4D1
331
4CE
  5
4D2
331
4CF
  5
4D3
331
4D0
  5
4D9
331
4D1
  5
4DA
331
4D2
  5
4DB
331
4D3
  5
4DD
331
4D9
  5
4DE
331
4DA
  5
4DF
331
4DB
  5
4E0
331
4DD
  5
4E1
331
4DE
  5
4E2
331
4DF
  5
4E3
331
4E0
  5
4E4
331
4E1
  5
4E5
331
4E2
  5
4E6
331
4E3
  5
4E7
331
4E4
  5
4E8
331
4E5
  5
4E9
331
4E6
  5
4EA
331
4E7
  5
4EB
331
4E8
  5
4EC
331
4E9
  5
4ED
331
4EA
  5
4EE
331
4EB
  5
4EF
331
4EC
  5
4F0
331
4ED
  5
4F1
331
4EE
  5
4F2
331
4EF
  5
4F3
331
4F0
  5
4F4
331
4F1
  5
4F5
331
4F2
  5
4F6
331
4F3
  5
4FA
331
4F4
  5
4FB
331
4F5
  5
4FC
331
4F6
  5
4FE
331
4FA
  5
50F
331
4FB
  5
510
331
4FC
  5
511
331
4FE
  5
512
331
50F
  5
521
331
510
  5
55D
331
511
  5
564
331
512
  5
565
331
521
  5
566
331
55D
  5
567
331
564
  5
2D6
331
565
  5
2D5
331
566
  5
56A
331
567
  5
56B
331
56A
  5
56D
331
56B
  5
56E
331
56D
  5
56F
331
56E
  5
570
331
56F
  5
2DA
331
570
  5
571
331
571
  5
572
331
572
  5
573
331
573
  5
575
331
575
  5
576
331
576
  5
577
331
577
  5
2F6
  0
SORTENTSTABLE
  5
42D
102
{ACAD_REACTORS
330
42C
102
}
330
42C
100
AcDbSortentsTable
330
42A
  0
ACDBDETAILVIEWSTYLE
  5
1AC
102
{ACAD_REACTORS
330
1AB
102
}
330
1AB
100
AcDbModelDocViewStyle
 70
     0
  3
Imperial24
290
     0
300
Imperial24
 90
        0
100
AcDbDetailViewStyle
 70
     0
 71
     0
 90
        3
 71
     1
340
11
 62
   256
 40
0.24
340
0
 62
   256
 40
0.24
300

 40
0.36
280
     3
 71
     2
340
16
 90
       25
 62
   256
 71
     3
340
11
 62
   256
 40
0.24
 90
        1
 40
0.75
 90
        1
300
%<\AcVar ViewType \f "%tc1">% %<\AcVar ViewDetailId>%\PSCALE %<\AcVar ViewScale \f "%sn">%
 71
     4
340
16
 90
       25
 62
   256
340
16
 90
       25
 62
   256
280
     0
  0
IMAGEDEF
  5
267
102
{ACAD_REACTORS
330
265
330
268
102
}
330
265
100
AcDbRasterImageDef
 90
        0
  1
C:\Users\lenovo\Downloads\z.jpg
 10
4032.0
 20
3024.0
 11
0.0002480158730159
 21
0.0002480158730159
280
     1
281
     0
  0
LAYOUT
  5
59
102
{ACAD_REACTORS
330
1A
102
}
330
1A
100
AcDbPlotSettings
  1

  2
None
  4

  6

 40
0.0
 41
0.0
 42
0.0
 43
0.0
 44
0.0
 45
0.0
 46
0.0
 47
0.0
 48
0.0
 49
0.0
140
0.0
141
0.0
142
1.0
143
1.0
 70
   688
 72
     0
 73
     0
 74
     5
  7

 75
    16
147
1.0
 76
     0
 77
     2
 78
   300
148
0.0
149
0.0
100
AcDbLayout
  1
Layout1
 70
     1
 71
     1
 10
0.0
 20
0.0
 11
12.0
 21
9.0
 12
0.0
 22
0.0
 32
0.0
 14
0.0
 24
0.0
 34
0.0
 15
0.0
 25
0.0
 35
0.0
146
0.0
 13
0.0
 23
0.0
 33
0.0
 16
1.0
 26
0.0
 36
0.0
 17
0.0
 27
1.0
 37
0.0
 76
     0
330
58
  0
LAYOUT
  5
5E
102
{ACAD_REACTORS
330
1A
102
}
330
1A
100
AcDbPlotSettings
  1

  2
None
  4

  6

 40
0.0
 41
0.0
 42
0.0
 43
0.0
 44
0.0
 45
0.0
 46
0.0
 47
0.0
 48
0.0
 49
0.0
140
0.0
141
0.0
142
1.0
143
1.0
 70
   688
 72
     0
 73
     0
 74
     5
  7

 75
    16
147
1.0
 76
     0
 77
     2
 78
   300
148
0.0
149
0.0
100
AcDbLayout
  1
Layout2
 70
     1
 71
     2
 10
0.0
 20
0.0
 11
12.0
 21
9.0
 12
0.0
 22
0.0
 32
0.0
 14
0.0
 24
0.0
 34
0.0
 15
0.0
 25
0.0
 35
0.0
146
0.0
 13
0.0
 23
0.0
 33
0.0
 16
1.0
 26
0.0
 36
0.0
 17
0.0
 27
1.0
 37
0.0
 76
     0
330
5D
  0
LAYOUT
  5
22
102
{ACAD_XDICTIONARY
360
194
102
}
102
{ACAD_REACTORS
330
1A
102
}
330
1A
100
AcDbPlotSettings
  1

  2
none_device
  4
ANSI_A_(8.50_x_11.00_Inches)
  6

 40
6.349999904632567
 41
19.04999923706055
 42
6.350006103515625
 43
19.04998779296875
 44
215.8999938964844
 45
279.3999938964844
 46
0.0
 47
0.0
 48
0.0
 49
0.0
140
0.0
141
0.0
142
1.0
143
2.584895464708373
 70
 11952
 72
     0
 73
     1
 74
     0
  7

 75
     0
147
0.3868628397755418
 76
     0
 77
     2
 78
   300
148
0.0
149
0.0
100
AcDbLayout
  1
Model
 70
     1
 71
     0
 10
0.0
 20
0.0
 11
12.0
 21
9.0
 12
0.0
 22
0.0
 32
0.0
 14
0.0
 24
0.0
 34
0.0
 15
0.0
 25
0.0
 35
0.0
146
0.0
 13
0.0
 23
0.0
 33
0.0
 16
1.0
 26
0.0
 36
0.0
 17
0.0
 27
1.0
 37
0.0
 76
     0
330
1F
331
94
  0
MATERIAL
  5
97
102
{ACAD_XDICTIONARY
360
188
102
}
102
{ACAD_REACTORS
330
72
102
}
330
72
100
AcDbMaterial
  1
ByBlock
 94
       63
  0
MATERIAL
  5
96
102
{ACAD_XDICTIONARY
360
186
102
}
102
{ACAD_REACTORS
330
72
102
}
330
72
100
AcDbMaterial
  1
ByLayer
 94
       63
  0
MATERIAL
  5
98
102
{ACAD_XDICTIONARY
360
110
102
}
102
{ACAD_REACTORS
330
72
102
}
330
72
100
AcDbMaterial
  1
Global
 43
0.0208000000566244
 43
0.0
 43
0.0
 43
0.0
 43
0.0
 43
0.0208000000566244
 43
0.0
 43
0.0
 43
0.0
 43
0.0
 43
1.0
 43
0.0
 43
0.0
 43
0.0
 43
0.0
 43
1.0
 49
0.0208000000566244
 49
0.0
 49
0.0
 49
0.0
 49
0.0
 49
0.0208000000566244
 49
0.0
 49
0.0
 49
0.0
 49
0.0
 49
1.0
 49
0.0
 49
0.0
 49
0.0
 49
0.0
 49
1.0
142
0.0208000000566244
142
0.0
142
0.0
142
0.0
142
0.0
142
0.0208000000566244
142
0.0
142
0.0
142
0.0
142
0.0
142
1.0
142
0.0
142
0.0
142
0.0
142
0.0
142
1.0
144
0.0208000000566244
144
0.0
144
0.0
144
0.0
144
0.0
144
0.0208000000566244
144
0.0
144
0.0
144
0.0
144
0.0
144
1.0
144
0.0
144
0.0
144
0.0
144
0.0
144
1.0
 94
       63
1001
ACAD
1070
    -1
1070
     3
1070
     0
1000

1071
        0
1070
     0
  0
MLEADERSTYLE
  5
E5
102
{ACAD_REACTORS
330
D7
102
}
330
D7
100
AcDbMLeaderStyle
179
     2
170
     2
171
     1
172
     0
 90
        2
 40
0.0
 41
0.0
173
     1
 91
-1056964608
340
14
 92
       -2
290
     1
 42
0.09
291
     1
 43
0.36
  3
Standard
 44
0.18
300

342
11
174
     1
178
     1
175
     1
176
     0
 93
-1056964608
 45
0.18
292
     0
297
     0
 46
0.18
 94
-1056964608
 47
1.0
 49
1.0
140
1.0
293
     1
141
0.0
294
     1
177
     0
142
1.0
295
     0
296
     1
143
0.125
271
     0
272
     9
273
     9
298
     0
  0
MLEADERSTYLE
  5
D8
102
{ACAD_REACTORS
330
D7
102
}
330
D7
100
AcDbMLeaderStyle
179
     2
170
     2
171
     1
172
     0
 90
        2
 40
0.0
 41
0.0
173
     1
 91
-1056964608
340
14
 92
       -2
290
     1
 42
0.09
291
     1
 43
0.36
  3
Standard
 44
0.18
300

342
11
174
     1
178
     1
175
     1
176
     0
 93
-1056964608
 45
0.18
292
     0
297
     0
 46
0.18
 94
-1056964608
 47
1.0
 49
1.0
140
1.0
293
     1
141
0.0
294
     1
177
     0
142
1.0
295
     0
296
     0
143
0.125
271
     0
272
     9
273
     9
298
     0
  0
MLINESTYLE
  5
18
102
{ACAD_REACTORS
330
17
102
}
330
17
100
AcDbMlineStyle
  2
STANDARD
 70
     0
  3

 62
   256
 51
90.0
 52
90.0
 71
     2
 49
0.5
 62
   256
  6
BYLAYER
 49
-0.5
 62
   256
  6
BYLAYER
  0
ACDBPLACEHOLDER
  5
F
102
{ACAD_REACTORS
330
E
102
}
330
E
  0
SCALE
  5
B7
102
{ACAD_REACTORS
330
B6
102
}
330
B6
100
AcDbScale
 70
     0
300
1:1
140
1.0
141
1.0
290
     1
  0
SCALE
  5
124
102
{ACAD_REACTORS
330
B6
102
}
330
B6
100
AcDbScale
 70
     0
300
1:2
140
1.0
141
2.0
290
     0
  0
SCALE
  5
125
102
{ACAD_REACTORS
330
B6
102
}
330
B6
100
AcDbScale
 70
     0
300
1:4
140
1.0
141
4.0
290
     0
  0
SCALE
  5
126
102
{ACAD_REACTORS
330
B6
102
}
330
B6
100
AcDbScale
 70
     0
300
1:5
140
1.0
141
5.0
290
     0
  0
SCALE
  5
127
102
{ACAD_REACTORS
330
B6
102
}
330
B6
100
AcDbScale
 70
     0
300
1:8
140
1.0
141
8.0
290
     0
  0
SCALE
  5
128
102
{ACAD_REACTORS
330
B6
102
}
330
B6
100
AcDbScale
 70
     0
300
1:10
140
1.0
141
10.0
290
     0
  0
SCALE
  5
129
102
{ACAD_REACTORS
330
B6
102
}
330
B6
100
AcDbScale
 70
     0
300
1:16
140
1.0
141
16.0
290
     0
  0
SCALE
  5
12A
102
{ACAD_REACTORS
330
B6
102
}
330
B6
100
AcDbScale
 70
     0
300
1:20
140
1.0
141
20.0
290
     0
  0
SCALE
  5
12B
102
{ACAD_REACTORS
330
B6
102
}
330
B6
100
AcDbScale
 70
     0
300
1:30
140
1.0
141
30.0
290
     0
  0
SCALE
  5
12C
102
{ACAD_REACTORS
330
B6
102
}
330
B6
100
AcDbScale
 70
     0
300
1:40
140
1.0
141
40.0
290
     0
  0
SCALE
  5
12D
102
{ACAD_REACTORS
330
B6
102
}
330
B6
100
AcDbScale
 70
     0
300
1:50
140
1.0
141
50.0
290
     0
  0
SCALE
  5
12E
102
{ACAD_REACTORS
330
B6
102
}
330
B6
100
AcDbScale
 70
     0
300
1:100
140
1.0
141
100.0
290
     0
  0
SCALE
  5
12F
102
{ACAD_REACTORS
330
B6
102
}
330
B6
100
AcDbScale
 70
     0
300
2:1
140
2.0
141
1.0
290
     0
  0
SCALE
  5
130
102
{ACAD_REACTORS
330
B6
102
}
330
B6
100
AcDbScale
 70
     0
300
4:1
140
4.0
141
1.0
290
     0
  0
SCALE
  5
131
102
{ACAD_REACTORS
330
B6
102
}
330
B6
100
AcDbScale
 70
     0
300
8:1
140
8.0
141
1.0
290
     0
  0
SCALE
  5
132
102
{ACAD_REACTORS
330
B6
102
}
330
B6
100
AcDbScale
 70
     0
300
10:1
140
10.0
141
1.0
290
     0
  0
SCALE
  5
133
102
{ACAD_REACTORS
330
B6
102
}
330
B6
100
AcDbScale
 70
     0
300
100:1
140
100.0
141
1.0
290
     0
  0
SCALE
  5
134
102
{ACAD_REACTORS
330
B6
102
}
330
B6
100
AcDbScale
 70
     0
300
1/128" = 1'-0"
140
0.0078125
141
12.0
290
     0
  0
SCALE
  5
135
102
{ACAD_REACTORS
330
B6
102
}
330
B6
100
AcDbScale
 70
     0
300
1/64" = 1'-0"
140
0.015625
141
12.0
290
     0
  0
SCALE
  5
136
102
{ACAD_REACTORS
330
B6
102
}
330
B6
100
AcDbScale
 70
     0
300
1/32" = 1'-0"
140
0.03125
141
12.0
290
     0
  0
SCALE
  5
137
102
{ACAD_REACTORS
330
B6
102
}
330
B6
100
AcDbScale
 70
     0
300
1/16" = 1'-0"
140
0.0625
141
12.0
290
     0
  0
SCALE
  5
138
102
{ACAD_REACTORS
330
B6
102
}
330
B6
100
AcDbScale
 70
     0
300
3/32" = 1'-0"
140
0.09375
141
12.0
290
     0
  0
SCALE
  5
139
102
{ACAD_REACTORS
330
B6
102
}
330
B6
100
AcDbScale
 70
     0
300
1/8" = 1'-0"
140
0.125
141
12.0
290
     0
  0
SCALE
  5
13A
102
{ACAD_REACTORS
330
B6
102
}
330
B6
100
AcDbScale
 70
     0
300
3/16" = 1'-0"
140
0.1875
141
12.0
290
     0
  0
SCALE
  5
13B
102
{ACAD_REACTORS
330
B6
102
}
330
B6
100
AcDbScale
 70
     0
300
1/4" = 1'-0"
140
0.25
141
12.0
290
     0
  0
SCALE
  5
13C
102
{ACAD_REACTORS
330
B6
102
}
330
B6
100
AcDbScale
 70
     0
300
3/8" = 1'-0"
140
0.375
141
12.0
290
     0
  0
SCALE
  5
13D
102
{ACAD_REACTORS
330
B6
102
}
330
B6
100
AcDbScale
 70
     0
300
1/2" = 1'-0"
140
0.5
141
12.0
290
     0
  0
SCALE
  5
13E
102
{ACAD_REACTORS
330
B6
102
}
330
B6
100
AcDbScale
 70
     0
300
3/4" = 1'-0"
140
0.75
141
12.0
290
     0
  0
SCALE
  5
13F
102
{ACAD_REACTORS
330
B6
102
}
330
B6
100
AcDbScale
 70
     0
300
1" = 1'-0"
140
1.0
141
12.0
290
     0
  0
SCALE
  5
140
102
{ACAD_REACTORS
330
B6
102
}
330
B6
100
AcDbScale
 70
     0
300
1-1/2" = 1'-0"
140
1.5
141
12.0
290
     0
  0
SCALE
  5
141
102
{ACAD_REACTORS
330
B6
102
}
330
B6
100
AcDbScale
 70
     0
300
3" = 1'-0"
140
3.0
141
12.0
290
     0
  0
SCALE
  5
142
102
{ACAD_REACTORS
330
B6
102
}
330
B6
100
AcDbScale
 70
     0
300
6" = 1'-0"
140
6.0
141
12.0
290
     0
  0
SCALE
  5
143
102
{ACAD_REACTORS
330
B6
102
}
330
B6
100
AcDbScale
 70
     0
300
1'-0" = 1'-0"
140
12.0
141
12.0
290
     0
  0
ACDBSECTIONVIEWSTYLE
  5
1AA
102
{ACAD_REACTORS
330
1A8
102
}
330
1A8
100
AcDbModelDocViewStyle
 70
     0
  3
Imperial24
290
     0
300
Imperial24
 90
        0
100
AcDbSectionViewStyle
 70
     0
 71
     0
 90
       78
 71
     1
340
11
 62
   256
 40
0.24
340
0
340
0
 62
   256
 40
0.24
300
I, O, Q, S, X, Z
 40
0.48
 90
        3
 40
0.18
 90
        1
 71
     2
340
16
 90
       25
 62
   256
340
16
 90
       50
 62
   256
 40
0.24
 40
0.0
 40
0.24
 71
     3
340
11
 62
   256
 40
0.24
 90
        1
 40
0.75
 90
        1
300
%<\AcVar ViewType \f "%tc1">% %<\AcVar ViewSectionStartId>%-%<\AcVar ViewSectionEndId>%\PSCALE %<\AcVar ViewScale \f "%sn">%
 71
     4
 62
   256
 62
   257
300
ANSI31
 40
1.0
 90
        0
290
     0
290
     0
 90
        6
 40
0.0
 40
1.570796326794896
 40
0.2617993877991494
 40
1.308996938995747
 40
-0.2617993877991494
 40
1.832595714594044
  0
TABLESTYLE
  5
87
102
{ACAD_XDICTIONARY
360
104
102
}
102
{ACAD_REACTORS
330
86
102
}
330
86
100
AcDbTableStyle
280
     0
  3
Standard
 70
     0
 71
     0
 40
0.06
 41
0.06
280
     0
281
     0
  7
Standard
140
0.18
170
     2
 62
     0
 63
     7
283
     0
 90
      512
 91
        0
  1

274
    -2
284
     1
 64
     0
275
    -2
285
     1
 65
     0
276
    -2
286
     1
 66
     0
277
    -2
287
     1
 67
     0
278
    -2
288
     1
 68
     0
279
    -2
289
     1
 69
     0
  7
Standard
140
0.25
170
     5
 62
     0
 63
     7
283
     0
 90
      512
 91
        0
  1

274
    -2
284
     1
 64
     0
275
    -2
285
     1
 65
     0
276
    -2
286
     1
 66
     0
277
    -2
287
     1
 67
     0
278
    -2
288
     1
 68
     0
279
    -2
289
     1
 69
     0
  7
Standard
140
0.18
170
     5
 62
     0
 63
     7
283
     0
 90
      512
 91
        0
  1

274
    -2
284
     1
 64
     0
275
    -2
285
     1
 65
     0
276
    -2
286
     1
 66
     0
277
    -2
287
     1
 67
     0
278
    -2
288
     1
 68
     0
279
    -2
289
     1
 69
     0
  0
VISUALSTYLE
  5
9F
102
{ACAD_REACTORS
330
99
102
}
330
99
100
AcDbVisualStyle
  2
2dWireframe
 70
     4
177
     3
291
     0
 70
    58
 90
        0
176
     1
 90
        2
176
     1
 90
        1
176
     1
 90
        0
176
     1
 40
0.6
176
     1
 40
30.0
176
     1
 62
     7
420
 16777215
176
     1
 90
        1
176
     1
 90
        4
176
     1
 62
     7
176
     1
 62
   257
176
     1
 90
        1
176
     1
 90
        1
176
     1
 40
1.0
176
     1
 90
        0
176
     1
 62
   257
176
     1
 40
1.0
176
     1
 90
        1
176
     1
 90
        6
176
     1
 90
        2
176
     1
 62
     7
176
     1
 90
        5
176
     1
 90
        0
176
     1
 90
        0
176
     1
290
     0
176
     1
 90
        1
176
     1
 40
0.0
176
     1
 90
        0
176
     1
290
     1
176
     1
290
     1
176
     1
290
     0
176
     1
290
     0
176
     1
290
     0
176
     1
290
     0
176
     1
290
     0
176
     1
290
     0
176
     1
290
     0
176
     1
 90
       50
176
     1
 40
0.0
176
     1
 40
1.0
176
     1
 90
        0
176
     1
 62
    18
176
     1
 90
       50
176
     1
 90
        3
176
     1
 62
     5
420
      255
176
     1
290
     0
176
     1
 90
       50
176
     1
 90
       50
176
     1
 90
       50
176
     1
290
     0
176
     1
 90
       50
176
     1
 62
   256
176
     0
 40
1.0
176
     0
 90
        2
176
     1
  1
strokes_ogs.tif
176
     1
290
     0
176
     1
 40
1.0
176
     1
 40
1.0
176
     1
  0
VISUALSTYLE
  5
9E
102
{ACAD_REACTORS
330
99
102
}
330
99
100
AcDbVisualStyle
  2
Basic
 70
     7
177
     3
291
     1
 70
    58
 90
        1
176
     1
 90
        0
176
     1
 90
        1
176
     1
 90
        0
176
     1
 40
0.6
176
     1
 40
30.0
176
     1
 62
     7
420
 16777215
176
     1
 90
        0
176
     1
 90
        4
176
     1
 62
     7
176
     1
 62
   257
176
     1
 90
        1
176
     1
 90
        1
176
     1
 40
1.0
176
     1
 90
        8
176
     1
 62
     7
176
     1
 40
1.0
176
     1
 90
        1
176
     1
 90
        6
176
     1
 90
        2
176
     1
 62
     7
176
     1
 90
        5
176
     1
 90
        0
176
     1
 90
        0
176
     1
290
     0
176
     1
 90
        1
176
     1
 40
0.0
176
     1
 90
        0
176
     1
290
     0
176
     1
290
     1
176
     1
290
     1
176
     1
290
     0
176
     1
290
     0
176
     1
290
     0
176
     1
290
     0
176
     1
290
     0
176
     1
290
     0
176
     1
 90
       50
176
     1
 40
0.0
176
     1
 40
1.0
176
     1
 90
        0
176
     1
 62
    18
176
     1
 90
       50
176
     1
 90
        3
176
     1
 62
     5
420
      255
176
     1
290
     0
176
     1
 90
       50
176
     1
 90
       50
176
     1
 90
       50
176
     1
290
     0
176
     1
 90
       50
176
     1
 62
   256
176
     0
 40
1.0
176
     0
 90
        2
176
     1
  1
strokes_ogs.tif
176
     1
290
     0
176
     1
 40
1.0
176
     1
 40
1.0
176
     1
  0
VISUALSTYLE
  5
A5
102
{ACAD_REACTORS
330
99
102
}
330
99
100
AcDbVisualStyle
  2
Brighten
 70
    12
177
     3
291
     1
 70
    58
 90
        2
176
     1
 90
        2
176
     1
 90
        1
176
     1
 90
        0
176
     1
 40
0.6
176
     1
 40
30.0
176
     1
 62
     7
420
 16777215
176
     1
 90
        1
176
     1
 90
        4
176
     1
 62
     7
176
     1
 62
   257
176
     1
 90
        1
176
     1
 90
        1
176
     1
 40
1.0
176
     1
 90
        8
176
     1
 62
     7
176
     1
 40
1.0
176
     1
 90
        1
176
     1
 90
        6
176
     1
 90
        2
176
     1
 62
     7
176
     1
 90
        5
176
     1
 90
        0
176
     1
 90
        0
176
     1
290
     0
176
     1
 90
        1
176
     1
 40
50.0
176
     1
 90
        0
176
     1
290
     0
176
     1
290
     1
176
     1
290
     1
176
     1
290
     0
176
     1
290
     0
176
     1
290
     0
176
     1
290
     0
176
     1
290
     0
176
     1
290
     0
176
     1
 90
       50
176
     1
 40
0.0
176
     1
 40
1.0
176
     1
 90
        0
176
     1
 62
    18
176
     1
 90
       50
176
     1
 90
        3
176
     1
 62
     5
420
      255
176
     1
290
     0
176
     1
 90
       50
176
     1
 90
       50
176
     1
 90
       50
176
     1
290
     0
176
     1
 90
       50
176
     1
 62
   256
176
     0
 40
1.0
176
     0
 90
        2
176
     1
  1
strokes_ogs.tif
176
     1
290
     0
176
     1
 40
1.0
176
     1
 40
1.0
176
     1
  0
VISUALSTYLE
  5
A9
102
{ACAD_REACTORS
330
99
102
}
330
99
100
AcDbVisualStyle
  2
ColorChange
 70
    16
177
     3
291
     1
 70
    58
 90
        2
176
     1
 90
        2
176
     1
 90
        3
176
     1
 90
        0
176
     1
 40
0.6
176
     1
 40
30.0
176
     1
 62
     8
420
  8421504
176
     1
 90
        1
176
     1
 90
        4
176
     1
 62
     7
176
     1
 62
   257
176
     1
 90
        1
176
     1
 90
        1
176
     1
 40
1.0
176
     1
 90
        8
176
     1
 62
     8
420
  8421504
176
     1
 40
1.0
176
     1
 90
        1
176
     1
 90
        6
176
     1
 90
        2
176
     1
 62
     7
176
     1
 90
        5
176
     1
 90
        0
176
     1
 90
        0
176
     1
290
     0
176
     1
 90
        1
176
     1
 40
0.0
176
     1
 90
        0
176
     1
290
     0
176
     1
290
     1
176
     1
290
     1
176
     1
290
     0
176
     1
290
     0
176
     1
290
     0
176
     1
290
     0
176
     1
290
     0
176
     1
290
     0
176
     1
 90
       50
176
     1
 40
0.0
176
     1
 40
1.0
176
     1
 90
        0
176
     1
 62
    18
176
     1
 90
       50
176
     1
 90
        3
176
     1
 62
     5
420
      255
176
     1
290
     0
176
     1
 90
       50
176
     1
 90
       50
176
     1
 90
       50
176
     1
290
     0
176
     1
 90
       50
176
     1
 62
   256
176
     0
 40
1.0
176
     0
 90
        2
176
     1
  1
strokes_ogs.tif
176
     1
290
     0
176
     1
 40
1.0
176
     1
 40
1.0
176
     1
  0
VISUALSTYLE
  5
A2
102
{ACAD_REACTORS
330
99
102
}
330
99
100
AcDbVisualStyle
  2
Conceptual
 70
     9
177
     3
291
     0
 70
    58
 90
        3
176
     1
 90
        2
176
     1
 90
        1
176
     1
 90
        0
176
     1
 40
0.6
176
     1
 40
30.0
176
     1
 62
     7
420
 16777215
176
     1
 90
        2
176
     1
 90
        2
176
     1
 62
     7
176
     1
 62
   257
176
     1
 90
        1
176
     1
 90
        1
176
     1
 40
40.0
176
     1
 90
        8
176
     1
 62
     7
176
     1
 40
1.0
176
     1
 90
        1
176
     1
 90
        6
176
     1
 90
        2
176
     1
 62
     7
176
     1
 90
        3
176
     1
 90
        0
176
     1
 90
        0
176
     1
290
     0
176
     1
 90
        1
176
     1
 40
0.0
176
     1
 90
        0
176
     1
290
     0
176
     1
290
     1
176
     1
290
     1
176
     1
290
     0
176
     1
290
     0
176
     1
290
     0
176
     1
290
     0
176
     1
290
     0
176
     1
290
     0
176
     1
 90
       50
176
     1
 40
0.0
176
     1
 40
1.0
176
     1
 90
        0
176
     1
 62
    18
176
     1
 90
       50
176
     1
 90
        3
176
     1
 62
     5
420
      255
176
     1
290
     0
176
     1
 90
       50
176
     1
 90
       50
176
     1
 90
       50
176
     1
290
     0
176
     1
 90
       50
176
     1
 62
   256
176
     0
 40
1.0
176
     0
 90
        2
176
     1
  1
strokes_ogs.tif
176
     1
290
     0
176
     1
 40
1.0
176
     1
 40
1.0
176
     1
  0
VISUALSTYLE
  5
A4
102
{ACAD_REACTORS
330
99
102
}
330
99
100
AcDbVisualStyle
  2
Dim
 70
    11
177
     3
291
     1
 70
    58
 90
        2
176
     1
 90
        2
176
     1
 90
        1
176
     1
 90
        0
176
     1
 40
0.6
176
     1
 40
30.0
176
     1
 62
     7
420
 16777215
176
     1
 90
        1
176
     1
 90
        4
176
     1
 62
     7
176
     1
 62
   257
176
     1
 90
        1
176
     1
 90
        1
176
     1
 40
1.0
176
     1
 90
        8
176
     1
 62
     7
176
     1
 40
1.0
176
     1
 90
        1
176
     1
 90
        6
176
     1
 90
        2
176
     1
 62
     7
176
     1
 90
        5
176
     1
 90
        0
176
     1
 90
        0
176
     1
290
     0
176
     1
 90
        1
176
     1
 40
-50.0
176
     1
 90
        0
176
     1
290
     0
176
     1
290
     1
176
     1
290
     1
176
     1
290
     0
176
     1
290
     0
176
     1
290
     0
176
     1
290
     0
176
     1
290
     0
176
     1
290
     0
176
     1
 90
       50
176
     1
 40
0.0
176
     1
 40
1.0
176
     1
 90
        0
176
     1
 62
    18
176
     1
 90
       50
176
     1
 90
        3
176
     1
 62
     5
420
      255
176
     1
290
     0
176
     1
 90
       50
176
     1
 90
       50
176
     1
 90
       50
176
     1
290
     0
176
     1
 90
       50
176
     1
 62
   256
176
     0
 40
1.0
176
     0
 90
        2
176
     1
  1
strokes_ogs.tif
176
     1
290
     0
176
     1
 40
1.0
176
     1
 40
1.0
176
     1
  0
VISUALSTYLE
  5
175
102
{ACAD_REACTORS
330
99
102
}
330
99
100
AcDbVisualStyle
  2
EdgeColorOff
 70
    22
177
     3
291
     1
 70
    58
 90
        2
176
     0
 90
        2
176
     0
 90
        0
176
     0
 90
        0
176
     0
 40
0.6
176
     0
 40
30.0
176
     0
 62
     7
420
 16777215
176
     0
 90
        1
176
     0
 90
        4
176
     0
 62
     7
176
     0
 62
   257
176
     0
 90
        1
176
     0
 90
        1
176
     0
 40
1.0
176
     0
 90
        8
176
     2
 62
     7
176
     0
 40
1.0
176
     0
 90
        1
176
     0
 90
        6
176
     0
 90
        2
176
     0
 62
     7
176
     0
 90
        5
176
     0
 90
        0
176
     0
 90
        0
176
     0
290
     0
176
     0
 90
        1
176
     0
 40
0.0
176
     0
 90
        0
176
     0
290
     0
176
     1
290
     1
176
     1
290
     1
176
     1
290
     0
176
     1
290
     0
176
     1
290
     0
176
     1
290
     0
176
     1
290
     0
176
     1
290
     0
176
     1
 90
       50
176
     1
 40
0.0
176
     1
 40
1.0
176
     1
 90
        0
176
     1
 62
    18
176
     1
 90
       50
176
     1
 90
        3
176
     1
 62
     5
420
      255
176
     1
290
     0
176
     1
 90
       50
176
     1
 90
       50
176
     1
 90
       50
176
     1
290
     0
176
     1
 90
       50
176
     1
 62
   256
176
     0
 40
1.0
176
     0
 90
        2
176
     1
  1
strokes_ogs.tif
176
     1
290
     0
176
     1
 40
1.0
176
     1
 40
1.0
176
     1
  0
VISUALSTYLE
  5
A8
102
{ACAD_REACTORS
330
99
102
}
330
99
100
AcDbVisualStyle
  2
Facepattern
 70
    15
177
     3
291
     1
 70
    58
 90
        2
176
     1
 90
        2
176
     1
 90
        1
176
     1
 90
        0
176
     1
 40
0.6
176
     1
 40
30.0
176
     1
 62
     7
420
 16777215
176
     1
 90
        1
176
     1
 90
        4
176
     1
 62
     7
176
     1
 62
   257
176
     1
 90
        1
176
     1
 90
        1
176
     1
 40
1.0
176
     1
 90
        8
176
     1
 62
     7
176
     1
 40
1.0
176
     1
 90
        1
176
     1
 90
        6
176
     1
 90
        2
176
     1
 62
     7
176
     1
 90
        5
176
     1
 90
        0
176
     1
 90
        0
176
     1
290
     0
176
     1
 90
        1
176
     1
 40
0.0
176
     1
 90
        0
176
     1
290
     0
176
     1
290
     1
176
     1
290
     1
176
     1
290
     0
176
     1
290
     0
176
     1
290
     0
176
     1
290
     0
176
     1
290
     0
176
     1
290
     0
176
     1
 90
       50
176
     1
 40
0.0
176
     1
 40
1.0
176
     1
 90
        0
176
     1
 62
    18
176
     1
 90
       50
176
     1
 90
        3
176
     1
 62
     5
420
      255
176
     1
290
     0
176
     1
 90
       50
176
     1
 90
       50
176
     1
 90
       50
176
     1
290
     0
176
     1
 90
       50
176
     1
 62
   256
176
     0
 40
1.0
176
     0
 90
        2
176
     1
  1
strokes_ogs.tif
176
     1
290
     0
176
     1
 40
1.0
176
     1
 40
1.0
176
     1
  0
VISUALSTYLE
  5
9A
102
{ACAD_REACTORS
330
99
102
}
330
99
100
AcDbVisualStyle
  2
Flat
 70
     0
177
     3
291
     1
 70
    58
 90
        2
176
     1
 90
        1
176
     1
 90
        1
176
     1
 90
        2
176
     1
 40
0.6
176
     1
 40
30.0
176
     1
 62
     7
420
 16777215
176
     1
 90
        0
176
     1
 90
        0
176
     1
 62
     7
176
     1
 62
   257
176
     1
 90
        1
176
     1
 90
        1
176
     1
 40
1.0
176
     1
 90
        8
176
     1
 62
     7
176
     1
 40
1.0
176
     1
 90
        1
176
     1
 90
        6
176
     1
 90
        2
176
     1
 62
     7
176
     1
 90
        5
176
     1
 90
        0
176
     1
 90
        0
176
     1
290
     0
176
     1
 90
       13
176
     1
 40
0.0
176
     1
 90
        0
176
     1
290
     0
176
     1
290
     1
176
     1
290
     1
176
     1
290
     0
176
     1
290
     0
176
     1
290
     0
176
     1
290
     0
176
     1
290
     0
176
     1
290
     0
176
     1
 90
       50
176
     1
 40
0.0
176
     1
 40
1.0
176
     1
 90
        0
176
     1
 62
    18
176
     1
 90
       50
176
     1
 90
        3
176
     1
 62
     5
420
      255
176
     1
290
     0
176
     1
 90
       50
176
     1
 90
       50
176
     1
 90
       50
176
     1
290
     0
176
     1
 90
       50
176
     1
 62
   256
176
     0
 40
1.0
176
     0
 90
        2
176
     1
  1
strokes_ogs.tif
176
     1
290
     0
176
     1
 40
1.0
176
     1
 40
1.0
176
     1
  0
VISUALSTYLE
  5
9B
102
{ACAD_REACTORS
330
99
102
}
330
99
100
AcDbVisualStyle
  2
FlatWithEdges
 70
     1
177
     3
291
     1
 70
    58
 90
        2
176
     1
 90
        1
176
     1
 90
        1
176
     1
 90
        2
176
     1
 40
0.6
176
     1
 40
30.0
176
     1
 62
     7
420
 16777215
176
     1
 90
        1
176
     1
 90
        0
176
     1
 62
     7
176
     1
 62
   257
176
     1
 90
        1
176
     1
 90
        1
176
     1
 40
1.0
176
     1
 90
        0
176
     1
 62
   257
176
     1
 40
1.0
176
     1
 90
        1
176
     1
 90
        6
176
     1
 90
        2
176
     1
 62
     7
176
     1
 90
        5
176
     1
 90
        0
176
     1
 90
        0
176
     1
290
     0
176
     1
 90
       13
176
     1
 40
0.0
176
     1
 90
        0
176
     1
290
     0
176
     1
290
     1
176
     1
290
     1
176
     1
290
     0
176
     1
290
     0
176
     1
290
     0
176
     1
290
     0
176
     1
290
     0
176
     1
290
     0
176
     1
 90
       50
176
     1
 40
0.0
176
     1
 40
1.0
176
     1
 90
        0
176
     1
 62
    18
176
     1
 90
       50
176
     1
 90
        3
176
     1
 62
     5
420
      255
176
     1
290
     0
176
     1
 90
       50
176
     1
 90
       50
176
     1
 90
       50
176
     1
290
     0
176
     1
 90
       50
176
     1
 62
   256
176
     0
 40
1.0
176
     0
 90
        2
176
     1
  1
strokes_ogs.tif
176
     1
290
     0
176
     1
 40
1.0
176
     1
 40
1.0
176
     1
  0
VISUALSTYLE
  5
9C
102
{ACAD_REACTORS
330
99
102
}
330
99
100
AcDbVisualStyle
  2
Gouraud
 70
     2
177
     3
291
     1
 70
    58
 90
        2
176
     1
 90
        2
176
     1
 90
        1
176
     1
 90
        2
176
     1
 40
0.6
176
     1
 40
30.0
176
     1
 62
     7
420
 16777215
176
     1
 90
        0
176
     1
 90
        0
176
     1
 62
     7
176
     1
 62
   257
176
     1
 90
        1
176
     1
 90
        1
176
     1
 40
1.0
176
     1
 90
        0
176
     1
 62
     7
176
     1
 40
1.0
176
     1
 90
        1
176
     1
 90
        6
176
     1
 90
        2
176
     1
 62
     7
176
     1
 90
        5
176
     1
 90
        0
176
     1
 90
        0
176
     1
290
     0
176
     1
 90
       13
176
     1
 40
0.0
176
     1
 90
        0
176
     1
290
     0
176
     1
290
     1
176
     1
290
     1
176
     1
290
     0
176
     1
290
     0
176
     1
290
     0
176
     1
290
     0
176
     1
290
     0
176
     1
290
     0
176
     1
 90
       50
176
     1
 40
0.0
176
     1
 40
1.0
176
     1
 90
        0
176
     1
 62
    18
176
     1
 90
       50
176
     1
 90
        3
176
     1
 62
     5
420
      255
176
     1
290
     0
176
     1
 90
       50
176
     1
 90
       50
176
     1
 90
       50
176
     1
290
     0
176
     1
 90
       50
176
     1
 62
   256
176
     0
 40
1.0
176
     0
 90
        2
176
     1
  1
strokes_ogs.tif
176
     1
290
     0
176
     1
 40
1.0
176
     1
 40
1.0
176
     1
  0
VISUALSTYLE
  5
9D
102
{ACAD_REACTORS
330
99
102
}
330
99
100
AcDbVisualStyle
  2
GouraudWithEdges
 70
     3
177
     3
291
     1
 70
    58
 90
        2
176
     1
 90
        2
176
     1
 90
        1
176
     1
 90
        2
176
     1
 40
0.6
176
     1
 40
30.0
176
     1
 62
     7
420
 16777215
176
     1
 90
        1
176
     1
 90
        0
176
     1
 62
     7
176
     1
 62
   257
176
     1
 90
        1
176
     1
 90
        1
176
     1
 40
1.0
176
     1
 90
        0
176
     1
 62
   257
176
     1
 40
1.0
176
     1
 90
        1
176
     1
 90
        6
176
     1
 90
        2
176
     1
 62
     7
176
     1
 90
        5
176
     1
 90
        0
176
     1
 90
        0
176
     1
290
     0
176
     1
 90
       13
176
     1
 40
0.0
176
     1
 90
        0
176
     1
290
     0
176
     1
290
     1
176
     1
290
     1
176
     1
290
     0
176
     1
290
     0
176
     1
290
     0
176
     1
290
     0
176
     1
290
     0
176
     1
290
     0
176
     1
 90
       50
176
     1
 40
0.0
176
     1
 40
1.0
176
     1
 90
        0
176
     1
 62
    18
176
     1
 90
       50
176
     1
 90
        3
176
     1
 62
     5
420
      255
176
     1
290
     0
176
     1
 90
       50
176
     1
 90
       50
176
     1
 90
       50
176
     1
290
     0
176
     1
 90
       50
176
     1
 62
   256
176
     0
 40
1.0
176
     0
 90
        2
176
     1
  1
strokes_ogs.tif
176
     1
290
     0
176
     1
 40
1.0
176
     1
 40
1.0
176
     1
  0
VISUALSTYLE
  5
A1
102
{ACAD_REACTORS
330
99
102
}
330
99
100
AcDbVisualStyle
  2
Hidden
 70
     6
177
     3
291
     0
 70
    58
 90
        1
176
     1
 90
        2
176
     1
 90
        2
176
     1
 90
        0
176
     1
 40
0.6
176
     1
 40
30.0
176
     1
 62
     7
420
 16777215
176
     1
 90
        2
176
     1
 90
        2
176
     1
 62
     7
176
     1
 62
   257
176
     1
 90
        2
176
     1
 90
        1
176
     1
 40
40.0
176
     1
 90
        0
176
     1
 62
   257
176
     1
 40
1.0
176
     1
 90
        1
176
     1
 90
        6
176
     1
 90
        2
176
     1
 62
     7
176
     1
 90
        3
176
     1
 90
        0
176
     1
 90
        0
176
     1
290
     0
176
     1
 90
        1
176
     1
 40
0.0
176
     1
 90
        0
176
     1
290
     0
176
     1
290
     1
176
     1
290
     1
176
     1
290
     0
176
     1
290
     0
176
     1
290
     0
176
     1
290
     0
176
     1
290
     0
176
     1
290
     0
176
     1
 90
       50
176
     1
 40
0.0
176
     1
 40
1.0
176
     1
 90
        0
176
     1
 62
    18
176
     1
 90
       50
176
     1
 90
        3
176
     1
 62
     5
420
      255
176
     1
290
     0
176
     1
 90
       50
176
     1
 90
       50
176
     1
 90
       50
176
     1
290
     0
176
     1
 90
       50
176
     1
 62
   256
176
     0
 40
1.0
176
     0
 90
        2
176
     1
  1
strokes_ogs.tif
176
     1
290
     0
176
     1
 40
1.0
176
     1
 40
1.0
176
     1
  0
VISUALSTYLE
  5
173
102
{ACAD_REACTORS
330
99
102
}
330
99
100
AcDbVisualStyle
  2
JitterOff
 70
    20
177
     3
291
     1
 70
    58
 90
        2
176
     0
 90
        2
176
     0
 90
        0
176
     0
 90
        0
176
     0
 40
0.6
176
     0
 40
30.0
176
     0
 62
     7
420
 16777215
176
     0
 90
        1
176
     0
 90
        4
176
     0
 62
     7
176
     0
 62
   257
176
     0
 90
        1
176
     0
 90
        1
176
     0
 40
1.0
176
     0
 90
       10
176
     2
 62
     7
176
     0
 40
1.0
176
     0
 90
        1
176
     0
 90
        6
176
     0
 90
        2
176
     0
 62
     7
176
     0
 90
        5
176
     0
 90
        0
176
     0
 90
        0
176
     0
290
     0
176
     0
 90
        1
176
     0
 40
0.0
176
     0
 90
        0
176
     0
290
     0
176
     1
290
     1
176
     1
290
     1
176
     1
290
     0
176
     1
290
     0
176
     1
290
     0
176
     1
290
     0
176
     1
290
     0
176
     1
290
     0
176
     1
 90
       50
176
     1
 40
0.0
176
     1
 40
1.0
176
     1
 90
        0
176
     1
 62
    18
176
     1
 90
       50
176
     1
 90
        3
176
     1
 62
     5
420
      255
176
     1
290
     0
176
     1
 90
       50
176
     1
 90
       50
176
     1
 90
       50
176
     1
290
     0
176
     1
 90
       50
176
     1
 62
   256
176
     0
 40
1.0
176
     0
 90
        2
176
     1
  1
strokes_ogs.tif
176
     1
290
     0
176
     1
 40
1.0
176
     1
 40
1.0
176
     1
  0
VISUALSTYLE
  5
A7
102
{ACAD_REACTORS
330
99
102
}
330
99
100
AcDbVisualStyle
  2
Linepattern
 70
    14
177
     3
291
     1
 70
    58
 90
        2
176
     1
 90
        2
176
     1
 90
        1
176
     1
 90
        0
176
     1
 40
0.6
176
     1
 40
30.0
176
     1
 62
     7
420
 16777215
176
     1
 90
        1
176
     1
 90
        4
176
     1
 62
     7
176
     1
 62
   257
176
     1
 90
        7
176
     1
 90
        7
176
     1
 40
1.0
176
     1
 90
        8
176
     1
 62
     7
176
     1
 40
1.0
176
     1
 90
        1
176
     1
 90
        6
176
     1
 90
        2
176
     1
 62
     7
176
     1
 90
        5
176
     1
 90
        0
176
     1
 90
        0
176
     1
290
     0
176
     1
 90
        1
176
     1
 40
0.0
176
     1
 90
        0
176
     1
290
     0
176
     1
290
     1
176
     1
290
     1
176
     1
290
     0
176
     1
290
     0
176
     1
290
     0
176
     1
290
     0
176
     1
290
     0
176
     1
290
     0
176
     1
 90
       50
176
     1
 40
0.0
176
     1
 40
1.0
176
     1
 90
        0
176
     1
 62
    18
176
     1
 90
       50
176
     1
 90
        3
176
     1
 62
     5
420
      255
176
     1
290
     0
176
     1
 90
       50
176
     1
 90
       50
176
     1
 90
       50
176
     1
290
     0
176
     1
 90
       50
176
     1
 62
   256
176
     0
 40
1.0
176
     0
 90
        2
176
     1
  1
strokes_ogs.tif
176
     1
290
     0
176
     1
 40
1.0
176
     1
 40
1.0
176
     1
  0
VISUALSTYLE
  5
174
102
{ACAD_REACTORS
330
99
102
}
330
99
100
AcDbVisualStyle
  2
OverhangOff
 70
    21
177
     3
291
     1
 70
    58
 90
        2
176
     0
 90
        2
176
     0
 90
        0
176
     0
 90
        0
176
     0
 40
0.6
176
     0
 40
30.0
176
     0
 62
     7
420
 16777215
176
     0
 90
        1
176
     0
 90
        4
176
     0
 62
     7
176
     0
 62
   257
176
     0
 90
        1
176
     0
 90
        1
176
     0
 40
1.0
176
     0
 90
        9
176
     2
 62
     7
176
     0
 40
1.0
176
     0
 90
        1
176
     0
 90
        6
176
     0
 90
        2
176
     0
 62
     7
176
     0
 90
        5
176
     0
 90
        0
176
     0
 90
        0
176
     0
290
     0
176
     0
 90
        1
176
     0
 40
0.0
176
     0
 90
        0
176
     0
290
     0
176
     1
290
     1
176
     1
290
     1
176
     1
290
     0
176
     1
290
     0
176
     1
290
     0
176
     1
290
     0
176
     1
290
     0
176
     1
290
     0
176
     1
 90
       50
176
     1
 40
0.0
176
     1
 40
1.0
176
     1
 90
        0
176
     1
 62
    18
176
     1
 90
       50
176
     1
 90
        3
176
     1
 62
     5
420
      255
176
     1
290
     0
176
     1
 90
       50
176
     1
 90
       50
176
     1
 90
       50
176
     1
290
     0
176
     1
 90
       50
176
     1
 62
   256
176
     0
 40
1.0
176
     0
 90
        2
176
     1
  1
strokes_ogs.tif
176
     1
290
     0
176
     1
 40
1.0
176
     1
 40
1.0
176
     1
  0
VISUALSTYLE
  5
A3
102
{ACAD_REACTORS
330
99
102
}
330
99
100
AcDbVisualStyle
  2
Realistic
 70
     8
177
     3
291
     0
 70
    58
 90
        2
176
     1
 90
        3
176
     1
 90
        0
176
     1
 90
        2
176
     1
 40
0.6
176
     1
 40
30.0
176
     1
 62
     7
420
 16777215
176
     1
 90
        0
176
     1
 90
        0
176
     1
 62
     7
176
     1
 62
   257
176
     1
 90
        1
176
     1
 90
        1
176
     1
 40
1.0
176
     1
 90
        8
176
     1
 62
   257
176
     1
 40
1.0
176
     1
 90
        1
176
     1
 90
        6
176
     1
 90
        2
176
     1
 62
     7
176
     1
 90
        3
176
     1
 90
        0
176
     1
 90
        0
176
     1
290
     0
176
     1
 90
       13
176
     1
 40
0.0
176
     1
 90
        0
176
     1
290
     0
176
     1
290
     1
176
     1
290
     1
176
     1
290
     0
176
     1
290
     0
176
     1
290
     0
176
     1
290
     0
176
     1
290
     0
176
     1
290
     0
176
     1
 90
       50
176
     1
 40
0.0
176
     1
 40
1.0
176
     1
 90
        0
176
     1
 62
    18
176
     1
 90
       50
176
     1
 90
        3
176
     1
 62
     5
420
      255
176
     1
290
     0
176
     1
 90
       50
176
     1
 90
       50
176
     1
 90
       50
176
     1
290
     0
176
     1
 90
       50
176
     1
 62
   256
176
     0
 40
1.0
176
     0
 90
        2
176
     1
  1
strokes_ogs.tif
176
     1
290
     0
176
     1
 40
1.0
176
     1
 40
1.0
176
     1
  0
VISUALSTYLE
  5
182
102
{ACAD_REACTORS
330
99
102
}
330
99
100
AcDbVisualStyle
  2
Shaded
 70
    27
177
     3
291
     0
 70
    58
 90
        2
176
     1
 90
        2
176
     1
 90
        1
176
     1
 90
        2
176
     1
 40
0.6
176
     1
 40
30.0
176
     1
 62
     7
420
 16777215
176
     1
 90
        0
176
     1
 90
        4
176
     1
 62
     7
176
     1
 62
   257
176
     1
 90
        1
176
     1
 90
        1
176
     1
 40
1.0
176
     1
 90
        8
176
     1
 62
   257
176
     1
 40
1.0
176
     1
 90
        1
176
     1
 90
        6
176
     1
 90
        2
176
     1
 62
     8
420
  7895160
176
     1
 90
        3
176
     1
 90
        0
176
     1
 90
        0
176
     1
290
     0
176
     1
 90
        5
176
     1
 40
0.0
176
     1
 90
        0
176
     1
290
     0
176
     1
290
     1
176
     1
290
     1
176
     1
290
     0
176
     1
290
     0
176
     1
290
     0
176
     1
290
     0
176
     1
290
     0
176
     1
290
     0
176
     1
 90
       50
176
     1
 40
0.0
176
     1
 40
1.0
176
     1
 90
        0
176
     1
 62
    18
176
     1
 90
       50
176
     1
 90
        3
176
     1
 62
     5
420
      255
176
     1
290
     0
176
     1
 90
       50
176
     1
 90
       50
176
     1
 90
       50
176
     1
290
     0
176
     1
 90
       50
176
     1
 62
   256
176
     0
 40
1.0
176
     0
 90
        2
176
     1
  1
strokes_ogs.tif
176
     1
290
     0
176
     1
 40
1.0
176
     1
 40
1.0
176
     1
  0
VISUALSTYLE
  5
181
102
{ACAD_REACTORS
330
99
102
}
330
99
100
AcDbVisualStyle
  2
Shaded with edges
 70
    26
177
     3
291
     0
 70
    58
 90
        2
176
     1
 90
        2
176
     1
 90
        1
176
     1
 90
        2
176
     1
 40
0.6
176
     1
 40
30.0
176
     1
 62
     7
420
 16777215
176
     1
 90
        1
176
     1
 90
        2
176
     1
 62
     7
176
     1
 62
   257
176
     1
 90
        2
176
     1
 90
        1
176
     1
 40
1.0
176
     1
 90
        8
176
     1
 62
   257
176
     1
 40
1.0
176
     1
 90
        1
176
     1
 90
        6
176
     1
 90
        2
176
     1
 62
     7
176
     1
 90
        3
176
     1
 90
        0
176
     1
 90
        0
176
     1
290
     0
176
     1
 90
        5
176
     1
 40
0.0
176
     1
 90
        0
176
     1
290
     0
176
     1
290
     1
176
     1
290
     1
176
     1
290
     0
176
     1
290
     0
176
     1
290
     0
176
     1
290
     0
176
     1
290
     0
176
     1
290
     0
176
     1
 90
       50
176
     1
 40
0.0
176
     1
 40
1.0
176
     1
 90
        0
176
     1
 62
    18
176
     1
 90
       50
176
     1
 90
        3
176
     1
 62
     5
420
      255
176
     1
290
     0
176
     1
 90
       50
176
     1
 90
       50
176
     1
 90
       50
176
     1
290
     0
176
     1
 90
       50
176
     1
 62
   256
176
     0
 40
1.0
176
     0
 90
        2
176
     1
  1
strokes_ogs.tif
176
     1
290
     0
176
     1
 40
1.0
176
     1
 40
1.0
176
     1
  0
VISUALSTYLE
  5
17E
102
{ACAD_REACTORS
330
99
102
}
330
99
100
AcDbVisualStyle
  2
Shades of Gray
 70
    23
177
     3
291
     0
 70
    58
 90
        2
176
     1
 90
        2
176
     1
 90
        3
176
     1
 90
        0
176
     1
 40
0.6
176
     1
 40
30.0
176
     1
 62
     7
420
 16777215
176
     1
 90
        2
176
     1
 90
        2
176
     1
 62
     7
176
     1
 62
     7
176
     1
 90
        1
176
     1
 90
        1
176
     1
 40
40.0
176
     1
 90
        8
176
     1
 62
     7
176
     1
 40
1.0
176
     1
 90
        1
176
     1
 90
        6
176
     1
 90
        2
176
     1
 62
     7
176
     1
 90
        3
176
     1
 90
        0
176
     1
 90
        0
176
     1
290
     0
176
     1
 90
        1
176
     1
 40
0.0
176
     1
 90
        0
176
     1
290
     0
176
     1
290
     1
176
     1
290
     1
176
     1
290
     0
176
     1
290
     0
176
     1
290
     0
176
     1
290
     0
176
     1
290
     0
176
     1
290
     0
176
     1
 90
       50
176
     1
 40
0.0
176
     1
 40
1.0
176
     1
 90
        0
176
     1
 62
    18
176
     1
 90
       50
176
     1
 90
        3
176
     1
 62
     5
420
      255
176
     1
290
     0
176
     1
 90
       50
176
     1
 90
       50
176
     1
 90
       50
176
     1
290
     0
176
     1
 90
       50
176
     1
 62
   256
176
     0
 40
1.0
176
     0
 90
        2
176
     1
  1
strokes_ogs.tif
176
     1
290
     0
176
     1
 40
1.0
176
     1
 40
1.0
176
     1
  0
VISUALSTYLE
  5
17F
102
{ACAD_REACTORS
330
99
102
}
330
99
100
AcDbVisualStyle
  2
Sketchy
 70
    24
177
     3
291
     0
 70
    58
 90
        1
176
     1
 90
        2
176
     1
 90
        2
176
     1
 90
        0
176
     1
 40
0.6
176
     1
 40
30.0
176
     1
 62
     7
420
 16777215
176
     1
 90
        2
176
     1
 90
        2
176
     1
 62
     7
176
     1
 62
     7
176
     1
 90
        1
176
     1
 90
        1
176
     1
 40
40.0
176
     1
 90
       11
176
     1
 62
     7
176
     1
 40
1.0
176
     1
 90
        1
176
     1
 90
        6
176
     1
 90
        2
176
     1
 62
     7
176
     1
 90
        6
176
     1
 90
        0
176
     1
 90
        0
176
     1
290
     0
176
     1
 90
        1
176
     1
 40
0.0
176
     1
 90
        0
176
     1
290
     0
176
     1
290
     1
176
     1
290
     1
176
     1
290
     0
176
     1
290
     0
176
     1
290
     0
176
     1
290
     0
176
     1
290
     0
176
     1
290
     0
176
     1
 90
       50
176
     1
 40
0.0
176
     1
 40
1.0
176
     1
 90
        0
176
     1
 62
    18
176
     1
 90
       50
176
     1
 90
        3
176
     1
 62
     5
420
      255
176
     1
290
     0
176
     1
 90
       50
176
     1
 90
       50
176
     1
 90
       50
176
     1
290
     0
176
     1
 90
       50
176
     1
 62
   256
176
     0
 40
1.0
176
     0
 90
        2
176
     1
  1
strokes_ogs.tif
176
     1
290
     0
176
     1
 40
1.0
176
     1
 40
1.0
176
     1
  0
VISUALSTYLE
  5
A6
102
{ACAD_REACTORS
330
99
102
}
330
99
100
AcDbVisualStyle
  2
Thicken
 70
    13
177
     3
291
     1
 70
    58
 90
        2
176
     1
 90
        2
176
     1
 90
        1
176
     1
 90
        0
176
     1
 40
0.6
176
     1
 40
30.0
176
     1
 62
     7
420
 16777215
176
     1
 90
        1
176
     1
 90
        4
176
     1
 62
     7
176
     1
 62
   257
176
     1
 90
        1
176
     1
 90
        1
176
     1
 40
1.0
176
     1
 90
       12
176
     1
 62
     7
176
     1
 40
1.0
176
     1
 90
        1
176
     1
 90
        6
176
     1
 90
        2
176
     1
 62
     7
176
     1
 90
        5
176
     1
 90
        0
176
     1
 90
        0
176
     1
290
     0
176
     1
 90
        1
176
     1
 40
0.0
176
     1
 90
        0
176
     1
290
     0
176
     1
290
     1
176
     1
290
     1
176
     1
290
     0
176
     1
290
     0
176
     1
290
     0
176
     1
290
     0
176
     1
290
     0
176
     1
290
     0
176
     1
 90
       50
176
     1
 40
0.0
176
     1
 40
1.0
176
     1
 90
        0
176
     1
 62
    18
176
     1
 90
       50
176
     1
 90
        3
176
     1
 62
     5
420
      255
176
     1
290
     0
176
     1
 90
       50
176
     1
 90
       50
176
     1
 90
       50
176
     1
290
     0
176
     1
 90
       50
176
     1
 62
   256
176
     0
 40
1.0
176
     0
 90
        2
176
     1
  1
strokes_ogs.tif
176
     1
290
     0
176
     1
 40
1.0
176
     1
 40
1.0
176
     1
  0
VISUALSTYLE
  5
A0
102
{ACAD_REACTORS
330
99
102
}
330
99
100
AcDbVisualStyle
  2
Wireframe
 70
     5
177
     3
291
     0
 70
    58
 90
        0
176
     1
 90
        2
176
     1
 90
        0
176
     1
 90
        0
176
     1
 40
0.6
176
     1
 40
30.0
176
     1
 62
     7
420
 16777215
176
     1
 90
        1
176
     1
 90
        4
176
     1
 62
     7
176
     1
 62
   257
176
     1
 90
        1
176
     1
 90
        1
176
     1
 40
1.0
176
     1
 90
        0
176
     1
 62
   257
176
     1
 40
1.0
176
     1
 90
        1
176
     1
 90
        6
176
     1
 90
        2
176
     1
 62
     7
176
     1
 90
        3
176
     1
 90
        0
176
     1
 90
        0
176
     1
290
     0
176
     1
 90
        1
176
     1
 40
0.0
176
     1
 90
        0
176
     1
290
     0
176
     1
290
     1
176
     1
290
     1
176
     1
290
     0
176
     1
290
     0
176
     1
290
     0
176
     1
290
     0
176
     1
290
     0
176
     1
290
     0
176
     1
 90
       50
176
     1
 40
0.0
176
     1
 40
1.0
176
     1
 90
        0
176
     1
 62
    18
176
     1
 90
       50
176
     1
 90
        3
176
     1
 62
     5
420
      255
176
     1
290
     0
176
     1
 90
       50
176
     1
 90
       50
176
     1
 90
       50
176
     1
290
     0
176
     1
 90
       50
176
     1
 62
   256
176
     0
 40
1.0
176
     0
 90
        2
176
     1
  1
strokes_ogs.tif
176
     1
290
     0
176
     1
 40
1.0
176
     1
 40
1.0
176
     1
  0
VISUALSTYLE
  5
180
102
{ACAD_REACTORS
330
99
102
}
330
99
100
AcDbVisualStyle
  2
X-Ray
 70
    25
177
     3
291
     0
 70
    58
 90
        2
176
     1
 90
        2
176
     1
 90
        1
176
     1
 90
        1
176
     1
 40
0.5
176
     1
 40
30.0
176
     1
 62
     7
420
 16777215
176
     1
 90
        1
176
     1
 90
        0
176
     1
 62
     7
176
     1
 62
   257
176
     1
 90
        1
176
     1
 90
        1
176
     1
 40
1.0
176
     1
 90
        8
176
     1
 62
     7
176
     1
 40
1.0
176
     1
 90
        1
176
     1
 90
        6
176
     1
 90
        2
176
     1
 62
     7
176
     1
 90
        3
176
     1
 90
        0
176
     1
 90
        0
176
     1
290
     0
176
     1
 90
       13
176
     1
 40
0.0
176
     1
 90
        0
176
     1
290
     0
176
     1
290
     1
176
     1
290
     1
176
     1
290
     0
176
     1
290
     0
176
     1
290
     0
176
     1
290
     0
176
     1
290
     0
176
     1
290
     0
176
     1
 90
       50
176
     1
 40
0.0
176
     1
 40
1.0
176
     1
 90
        0
176
     1
 62
    18
176
     1
 90
       50
176
     1
 90
        3
176
     1
 62
     5
420
      255
176
     1
290
     0
176
     1
 90
       50
176
     1
 90
       50
176
     1
 90
       50
176
     1
290
     0
176
     1
 90
       50
176
     1
 62
   256
176
     0
 40
1.0
176
     0
 90
        2
176
     1
  1
strokes_ogs.tif
176
     1
290
     0
176
     1
 40
1.0
176
     1
 40
1.0
176
     1
  0
DICTIONARYVAR
  5
F0
102
{ACAD_REACTORS
330
66
102
}
330
66
100
DictionaryVariables
280
     0
  1
1:1
  0
DICTIONARYVAR
  5
EF
102
{ACAD_REACTORS
330
66
102
}
330
66
100
DictionaryVariables
280
     0
  1
STANDARD
  0
DICTIONARYVAR
  5
89
102
{ACAD_REACTORS
330
66
102
}
330
66
100
DictionaryVariables
280
     0
  1
STANDARD
  0
DICTIONARYVAR
  5
1B7
102
{ACAD_REACTORS
330
66
102
}
330
66
100
DictionaryVariables
280
     0
  1
Imperial24
  0
DICTIONARYVAR
  5
1B8
102
{ACAD_REACTORS
330
66
102
}
330
66
100
DictionaryVariables
280
     0
  1
Imperial24
  0
DICTIONARYVAR
  5
67
102
{ACAD_REACTORS
330
66
102
}
330
66
100
DictionaryVariables
280
     0
  1
2
  0
DICTIONARYVAR
  5
6B
102
{ACAD_REACTORS
330
66
102
}
330
66
100
DictionaryVariables
280
     0
  1
1
  0
DICTIONARYVAR
  5
14D
102
{ACAD_REACTORS
330
66
102
}
330
66
100
DictionaryVariables
280
     0
  1
0
  0
DICTIONARYVAR
  5
14E
102
{ACAD_REACTORS
330
66
102
}
330
66
100
DictionaryVariables
280
     0
  1
0
  0
DICTIONARY
  5
194
330
22
100
AcDbDictionary
280
     1
281
     1
  0
DICTIONARY
  5
188
330
97
100
AcDbDictionary
280
     1
281
     1
  3
FBXASSET
360
189
  0
DICTIONARY
  5
186
330
96
100
AcDbDictionary
280
     1
281
     1
  3
FBXASSET
360
187
  0
DICTIONARY
  5
110
330
98
100
AcDbDictionary
280
     1
281
     1
  3
BUMPTILE
360
112
  3
DIFFUSETILE
360
111
  3
FBXASSET
360
18A
  3
OPACITYTILE
360
113
  3
REFLECTIONTILE
360
114
  0
DICTIONARY
  5
104
330
87
100
AcDbDictionary
280
     1
281
     1
  3
ACAD_ROUNDTRIP_2008_TABLESTYLE_CELLSTYLEMAP
360
59B
  0
XRECORD
  5
189
102
{ACAD_REACTORS
330
188
102
}
330
188
100
AcDbXrecord
280
     1
 70
     1
 90
429727718
  1
508B35C9-AEE7-456F-BE74-D52651303AC6
310
504B03040A0000080000B670623B3DEE336E79000000790000001B0000006175746F6465736B2D64657369676E2D7061636B6167652E786D6C3C3F786D6C2076657273696F6E3D22312E302220656E636F64696E673D227574662D3822203F3E3C666F726D6174733E3C666F726D61743E687474703A2F2F736368656D612E
310
6175746F6465736B2E636F6D2F64657369676E2D7061636B6167652F323030393C2F666F726D61743E3C2F666F726D6174733E504B0304140006080800B670623BD486FD9CA0000000F4000000130000005B436F6E74656E745F54797065735D2E786D6C7D8EC10E82300C865F65E91D8A1E8C310C0EEA1BF002731658846E
310
D98AC1B77784ABF1D8FE5FBFBF75BBCE937A534CCEB38643598122B6FEE978D0B0485F9C41B54DDD7D022595594E1A469170414C76A4D9A4D207E29CF43ECE46F218070CC6BECC4078ACAA135ACF422C856C0E68EA1BF5669944DDD7BCDE7B1F8E415D77AECB980613C2E4AC91FC167A2B244592486606FC29C8FD7F045B9A
310
EF7053A7E60B504B0304140006080800B670623B28ED286BEB0000007C01000008000000636F72652E786D6C8D90416EC3201045AF82665B6183218D6D61A254764FD00B204C5C94182C03558F5F9C3852BBEB6A467FFE9B197D71FA9E6FE8CBACC17AD7012D0820E3B41FAD9B3A48F1826B40272956EFE32F1B20A766D3C1
310
268314D3EAD3B24BDABB685CCCAAF3A3D94515828980F42D371D04FD696655A814B3235C8B45E9AB9A4C419F5D8653B2237A1CB163DE672FD6AC209BF3C08E0D1B30EB19C3FC9D72FCC6EB231EFA33EDE96BDD341517E5064B11EDFCBCAF57A3A2194156843498524CAA0FCA5B7268F9E185D42D21A2DCEC7FA0B48CFF8492
310
759155FBBB0F2C80A4F991FB408A72CB22977B50B96EB9C91F504B0304140006080800B670623B55019EA25F0000007C00000007000000636E782E786D6C4DCB3B0E80201045D1AD90E915ED2CF8AC45050C11660C8261F98AB1B07AC9C97D42D718D865D3E909258CFD00CCE24AC6E326A164D74DC0B4128928FF32603847
310
2BA13128B1252AC747C6BAB984FC68F0B87FE8960A5C09FE86CFB69FBA01504B0304140006080800B670623B7BC41AC871010000D40300000C0000006662782F636F72652E786D6CC553ED6E8320147D15C2DF4501B56B6D90A64BBB27D80B50A5CE54C120983EFEAE1F4DD7A56BBA5FF3879273EEE59E7310BE393735EA95
310
ED2AA333CC428A91D2B9292A5D66D8BB63B0C26823B835C67D2BC348CB46657880B1E0A535BE9DA1DC68A7B403549B42CDA0EC3AE530CA6B5864B8CB3F552343E91D5474A7B095F949962A6421D0502778E72C0840D390E18DC5F170E664C205F7BE2A66B62A605A75AC94C522DDEEE3651AEF837817C741F2CE92E02D592D
310
83FD6ECB76EC7595A651C2C9D02CB8AB9A8BBADC2AE954814544691A3016D0E883256BBA58278B17BA5A53CAC9507ED3E4DBE2C9265F691747B3DCA9ADC382819091F8E1162272A8933DE82182932144F88C09DF060D8140C84E1EEA8B8F1340BDCA9DB1093085F157AA97B557309586747CD0EF0B4EA64E983A6E0EAEEFCE
310
889E9EF17847386AA94B30211D2C0FDE0D3AF9A4610EAD5536E8DD1969631B593F67E381C33F5157F17725E5A636F6BF1491F980C8FC7B90E13E8A2F504B0304140006080800B670623B70102A487D0000009D0000000B0000006662782F636E782E786D6C4DCCD10A83201886E15B91FFDC95A5C30335ACCDFB886521330D
310
A76397BF1A1DECE883878F57749FD5A3B74D2F17830472A901D9F088930B8B849267CC01754AA418F3DF0D5018572BE160506249B16C274D761E8BCFBB7A179E27F65CB39A0F14D396184C9921B81F34C3ACA1B4B99ABB6E6F062A25AA5F69DF23ACBE504B0304140006080800B670623B3610CA3329010000120200003100
310
00006662782F42384135303843342D343331462D343546312D424341352D3532343432364645413344462F636F72652E786D6C8D515B6EC32010BC0AE22B55850D0E446E848992B43E412FE000495162B07854397EA176A4F62F3F2C9A9D991D58BEBB8F37F0AD7D30CE76905418026DA553C65E3A98E219B510EC04F7CEC5
310
3F3408EC30EA0E16180A7EF12E4D0B249D8DDAC68C5AA7F4020E21E80881BCE54B0783FCD2E3500D296646B856D320AFC34557A4CAEDCC133C449F0380794839A138B47B86DB2345744D7A44594FD0E1B867883594369BFE63BF7EEF793D0B054FC9A8456E548E63CE46FB674D8A58F068C6477CE9F510B582A2C1F80D1182
310
70F349E816B32D65AFB8DD62CCEB42FF274A937A52948C8DEB66893BCB021484D7734370E5D2E9F608A3EF93F3119479ABA0E50B14B8C298119A43CCC4FCFCECB8A18B6388CEE7EF5D5D4F994BD86CBBA182D76543B9FCAE2FD7B24DF103504B0304140006080800B670623B1B8617914E0100003303000030000000666278
310
2F42384135303843342D343331462D343546312D424341352D3532343432364645413344462F636E782E786D6CD593C16EC32010447F0571AD6CE3D489D20813A9877E410FBD62D82434182CC055F3F75D1292E692438FBD206B7698593D61BEFD1E2DF982108D773D6D6B460938E5B571FB9ECE6957AD29D90A1EBC4F7736
310
4A9C1CA1A759A682EF839FA72269D8C9D92654AD71C72206887E0E0A22CAF926B15E498B01E0AA19451807D01A34B919F16B070157417138917400F2F6FA41FCF0092A45DEE414C19BDC21783E4BD39D891265658C3D8DEA00A3ACE59CBC8678ACB54CB26EEB6BD7839D7E9348BE70AD9C8321B9BCA7F9A4A26C542347DEE0
310
50F09802D22BA6749A800A394DD62899107273365E3C82CFC6A55557BC06C10774B7ABE7AEC3B0F34CF06446280E154026D0542C187BA9DAB6628BF7B6DBB0E5A65B3EB1F58631DE64BBE083F7B65CC218087E22CABB042E51D1F2268F1FE12B3EA24D40D63E9CFE00120194D60B9D5BC67FE6D39CDF37E20AF817881F504B
310
0304140006080800B670623BBFEF2E3B690500003C100000340000006662782F42384135303843342D343331462D343546312D424341352D3532343432364645413344462F6F626A656374732E786D6CAD575D739B3814FD2B0CFB0C98D84E931D4227B6938EA793B6534F3BFB90198F0099B001899144EAECAFDF231018B0
310
D37A3FFC609090EEE7B94757C1FB7D915B2F54C88CB31BDB7727B64559CC938CA53776A576CE956DBD0F03C1B9EA2DB32D460A7A63EB693B0C52C1ABD24C257447AA5C8D66EF177F5832A68CDA569C13296F6C193FD182B8A4523CA1F2D94D88226EBADBBBBEDB2C1C8A4D05299F46424B222853B014F30C52ACC6287F389C
310
D85E1878FA7B18E87FB36AFAF62AAFF667A83F635211161F291B8999FAB3D5DDC5FCDA99CF6653677679E13B8BFBC5CAF1DF4D27CBCBE5F2FAF6EE1A8AA51290642C117467871F101B91C581D77CEA2C36869F3229E68CD1B8F61F1ED6361B89092D294B90C78C4A68EB793D190E7D1D9BDEE7A91E1B95FDE9F3BCEAEFE809
310
6A6D6F9F7D4B79F4275C90E7A04248AA51D5C4C738DAE06F72885AC4796EBE65D22A88A22223B995679120E2D50EB1542F098381188D4EA111AE3DB043FF20AF6F2B4AE3D7D83D65E5AECA730D4D3BAC91BD05FEA992B565D95F549CD6069B90AB2A63EACA38A45E4B6A87D781574F86817E4C2FCCC72690D62E2729520E37
310
9BAF234797BAF6D62B3BFC781FED37BA1E4F2B2F052FA9501A3E80569BB8F6A9A364D4FA67654E6F803383981F82F21591FF84F23D9882BC896C3FDBCF8C162508933B2E0AE4C69DD43F6BD2BE38DDDBF10BF86CB4FA784D37F3AF16075E67EC9030DECA1FC0A55373F5DFF3378C591FA9BDF485C10B0A8C8BA909E5262639
310
A8E72163488806A595734C81CB77D1DE0ED7604A303B76913CEC0272F412782FF88EFF4636D8AA56DF7B322474C4B767303F625997056C7B032C473C592B36CEBD15F3F9FF5233B7ABCDC74D257624A60F8658567497B14CE1EC3C80B76FD02011038F9EE9EB0F2E12387A9C844D3F09855125116D1D731DF8B43D2CF4E0A0
310
79A020C6BE946BCE0B7EA1E1219331CD73C228AF5A2DDD31A4B1DA918CE91350854D40A71723140BFA92E94E62B0626016CEFA5864A50E5977E8753CEDBEE1CBB7F52780D20E17AF0BA0F5F9B02A3AD07DCC732EB6D1EBB661421BE0C39E21BABF0FE16D22EA6929407C8DE596724C88B749B6DB5512BC7B228ADFD7CB7EA6
310
3A22397E690BA8D5D8D4E40CEC8CDA23C2C0B7D5898640101CEC9C6D331CE328CB93CAFBBAC70A642DF70DF95155945B52F08AA973C23469FD69ADEF84F7BB18F983A8F8C90E37F5D35980B2139A1C523540813E824EF83448CF7C72B598CE97D7CEEDDDDD3B6736BFBC771677EF66CE6A7E7139F7A793E9EDF2B2B3A8B624
310
0CDA13AA5F8388264EC4A0129909F3B7F5A16CEDF08128E97D680ACA4B9BE7B7B58BB638F0B00700EF36AE8B32A705658A68F83EE897FC2B41573190D1CCAF0B92D233A47CFEB019D9809933F67DD1A5467F8CF69AD9A5AE859342D45355448C64F968A371DC2D596ADC6E43D93D1B466F877A64E2893E54F23C4B40388995
310
525E5005DA3983ED45412510D3EFCA13737B3863F74BD30F2A12E5B4B5E489A025CE25500DB855B11ACE5BBFA185D35DD48D8DC3CE7DC69F2944DB42AA6F6CF09BCA622ADD08C7A36E7C6AE18000BAB08E040135C2D21C9D75B3A91B77BB746C403F38018DFE6EC939DD92F16B40BC05294B9CDA035AAD6D330AE27FE4786B
310
8E45145EA34A75BE1C263A676A35A8ACC6297337400BF16C54EF515F3F77CB77EB3583889C754FFA29081AA98E2222ADEF05DA3E63D2EDEA8B8756C05A7FB6CABC4A91CBF325398202CC952E70A008A830324BA200D5E5EF8F5F04C75DB4B0EE3340E071C98B823333B83577596BF3849B69F2085AA0FAFA212F26BEFF5877
310
FDE622B28D88A42E49E43326DA82D31E8CB006401E1DA726059ECEC168F97A6599036306A135688F9AD2E61A6EA178F4CD51974A9F2CCB9F36FE5EBD14601068D9C3BF01504B0304140006080000B670623B000000000000000000000000350000006662782F42384135303843342D343331462D343546312D424341352D35
310
32343432364645413344462F76657274696365732E62696E504B0304140006080800B670623BF270F1330600000004000000360000006662782F42384135303843342D343331462D343546312D424341352D3532343432364645413344462F747269616E676C65732E62696E636660600000504B0304140006080000B67062
310
3B000000000000000000000000370000006662782F42384135303843342D343331462D343546312D424341352D3532343432364645413344462F617474726962757465732E62696E504B0304140006080800B670623B08DA0BD19000000041010000360000006662782F42384135303843342D343331462D343546312D4243
310
41352D3532343432364645413344462F6469726563746F72792E786D6C858F410AC3201045AF22B36F53E9A60B35CBEEBAE80D244E44489C6234F4F835464A48035D0DF398FF9F8AF63D0E6CC63039F212F8F9020C7D47C6792B21C5FE7403D62A1188E2E60C98D7234A5830286103A55745067B9D86B8A3CF9C7F90C11DE6
310
07FB144396D7B6A82D282E9A152AD114D5EF2CB866EEE831B8EEA07A7BB5A8D7D61A2BAAEB7FD5F70921FF497D00504B0304140006080800B670623B3B4606F3FE000000A00100003B0000006662782F42384135303843342D343331462D343546312D424341352D3532343432364645413344462F7265736F75726365732F
310
636F72652E786D6C8D504B6E833010BD0A9A6D65B08134808CA354A427E8052C332156828DFCA97AFC9A40A576D7CDCCE87D344F8F9FBEE647F689CE6B6B7A6039850C8DB2A336530F315C4903D94970676DF82583CCC8197B5861107C72362E3BA4AC096842428D1D7107A5F71820538F74F4E0D50D6799CB1892C2DFF345
310
AABB9C306779A2934E701F5C0A906D4FD609C2A1B7D129F4BCD858C163D4E3AED163FAA9AF1A1D88F67CA98E6D35906AA82A52BFB39ABCD5CD915C86331BD86BD3B665CD8BD52C78D0F34F46E550061C419494B6843142CB0F5677F4D0D58717DA7494F26295FF31C565FCA7296A13AA728FBBD93C0896823C09C18BB5AFB4
310
9E65A6BD762BBE01504B010214000A0000080000B670623B3DEE336E79000000790000001B00000000000000000000000000000000006175746F6465736B2D64657369676E2D7061636B6167652E786D6C504B01021400140006080800B670623BD486FD9CA0000000F40000001300000000000000000000000000B2000000
310
5B436F6E74656E745F54797065735D2E786D6C504B01021400140006080800B670623B28ED286BEB0000007C010000080000000000000000000000000083010000636F72652E786D6C504B01021400140006080800B670623B55019EA25F0000007C000000070000000000000000000000000094020000636E782E786D6C50
310
4B01021400140006080800B670623B7BC41AC871010000D40300000C00000000000000000000000000180300006662782F636F72652E786D6C504B01021400140006080800B670623B70102A487D0000009D0000000B00000000000000000000000000B30400006662782F636E782E786D6C504B01021400140006080800B6
310
70623B3610CA3329010000120200003100000000000000000000000000590500006662782F42384135303843342D343331462D343546312D424341352D3532343432364645413344462F636F72652E786D6C504B01021400140006080800B670623B1B8617914E010000330300003000000000000000000000000000D10600
310
006662782F42384135303843342D343331462D343546312D424341352D3532343432364645413344462F636E782E786D6C504B01021400140006080800B670623BBFEF2E3B690500003C10000034000000000000000000000000006D0800006662782F42384135303843342D343331462D343546312D424341352D35323434
310
32364645413344462F6F626A656374732E786D6C504B01021400140006080000B670623B0000000000000000000000003500000000000000000000000000280E00006662782F42384135303843342D343331462D343546312D424341352D3532343432364645413344462F76657274696365732E62696E504B010214001400
310
06080800B670623BF270F133060000000400000036000000000000000000000000007B0E00006662782F42384135303843342D343331462D343546312D424341352D3532343432364645413344462F747269616E676C65732E62696E504B01021400140006080000B670623B00000000000000000000000037000000000000
310
00000000000000D50E00006662782F42384135303843342D343331462D343546312D424341352D3532343432364645413344462F617474726962757465732E62696E504B01021400140006080800B670623B08DA0BD1900000004101000036000000000000000000000000002A0F00006662782F42384135303843342D3433
310
31462D343546312D424341352D3532343432364645413344462F6469726563746F72792E786D6C504B01021400140006080800B670623B3B4606F3FE000000A00100003B000000000000000000000000000E1000006662782F42384135303843342D343331462D343546312D424341352D3532343432364645413344462F72
310
65736F75726365732F636F72652E786D6C504B0506000000000E000E0080040000651100000000
  0
XRECORD
  5
187
102
{ACAD_REACTORS
330
186
102
}
330
186
100
AcDbXrecord
280
     1
 70
     1
 90
429727718
  1
887D55A9-D0DD-414E-B741-A7DCD4DA2B4C
310
504B03040A0000080000B670623B3DEE336E79000000790000001B0000006175746F6465736B2D64657369676E2D7061636B6167652E786D6C3C3F786D6C2076657273696F6E3D22312E302220656E636F64696E673D227574662D3822203F3E3C666F726D6174733E3C666F726D61743E687474703A2F2F736368656D612E
310
6175746F6465736B2E636F6D2F64657369676E2D7061636B6167652F323030393C2F666F726D61743E3C2F666F726D6174733E504B0304140006080800B670623BD486FD9CA0000000F4000000130000005B436F6E74656E745F54797065735D2E786D6C7D8EC10E82300C865F65E91D8A1E8C310C0EEA1BF002731658846E
310
D98AC1B77784ABF1D8FE5FBFBF75BBCE937A534CCEB38643598122B6FEE978D0B0485F9C41B54DDD7D022595594E1A469170414C76A4D9A4D207E29CF43ECE46F218070CC6BECC4078ACAA135ACF422C856C0E68EA1BF5669944DDD7BCDE7B1F8E415D77AECB980613C2E4AC91FC167A2B244592486606FC29C8FD7F045B9A
310
EF7053A7E60B504B0304140006080800B670623BBC1638F5EC0000007C01000008000000636F72652E786D6C8D90416EC3201045AF82665B61836BE2D8C24471DB9CA01740401C94182C03558F5F9C3852BBEB6A467FFE9B197D7EF89E6EE8CB2CC17AD7032D0820E394D7D68D3DA478C67B4007C117EFE32F1B202727D3C3
310
2A83E0E3E2D3BC49CABB685CCCAAF3DA6CA20CC14440EA969B1E82BA98491632C5EC08D76296EA2A4753D06797E194AC468F2356E77DF66CCD02825543D50CACC62D39ED70FDC68EB8FD68F6F8787A6784342D1DDA1D2F5758F068A7E77DB518198D065111D2624A31A93E69DD11D6D5EC85EC3B4278B9DAFF4069D6FF8492
310
75F1B5DADE7D600104CD8FDC0782976B16B9DC83CA75CD4DFC00504B0304140006080800B670623B55019EA25F0000007C00000007000000636E782E786D6C4DCB3B0E80201045D1AD90E915ED2CF8AC45050C11660C8261F98AB1B07AC9C97D42D718D865D3E909258CFD00CCE24AC6E326A164D74DC0B4128928FF326038
310
472BA13128B1252AC747C6BAB984FC68F0B87FE8960A5C09FE86CFB69FBA01504B0304140006080800B670623B3586FFB671010000D40300000C0000006662782F636F72652E786D6CC553ED6E8320147D15C2DF4541A76D6D90A6DDD627D80B50A4CE54C120983EFEAE1F4DD7A55BBA5FF3879273EEE59E7310B6393735EA
310
95ED2AA3731C851423A5A5292A5DE6D8BB63B0C268C39935C67D29C3488B46E578803167A535BE9D2169B453DA01AA4DA16650749D7218C91A1639EEE4876A4428BC838AEE14B6429E44A9C228041AEA38EB9C0501681A32BC313F1ECE8C4C3867DE57C5CC56054CAB8E95B298A7F12E5EEED224C8E87E11242FE936C8DE96
310
AB60BB7F4D295D66D12E5B30323473E6AAE6A24E5A259C2A308F29CD82280A68FC1E256B9AAE93F489AED694323294DF34F9B678B0C957DA3DC7B3DCA9ADC33C022123F1CD2D44E450277AD04338234388F01913BE0D1A0281909D38D4171F27807A259DB1093085F157AA17B557309586747CD0CF0B46A64E983A6E0EAEEF
310
CE881F9EF1FB8E70D44297604238581EBC1B74B249C31C5AAB6CD0BB33D2C636A27ECCC62F0EFF445DC5DF95244D6DEC7F2922F30191F9F720C37DE49F504B0304140006080800B670623B4220A0FF7D0000009D0000000B0000006662782F636E782E786D6C4DCCD10A83201886E15B91FFDCE542CB0335D0EC3E6259C84A
310
C3E9D8E5AF46073BFAE0E1E315DD675BD1DBA5978F41C2FD4600B9F088930F8B849267CC01754AA418F3DF0D50183727E164506249B1EC174D6E1ECB9A0F5D7D785E68DB8151CD286E5A5363CA6B8A39E90D36D40E96B086F55A43A544F52B1D7B86D517504B0304140006080800B670623B2FA3FEDE290100001202000031
310
0000006662782F45374635344235342D363743322D343832342D383044432D4334454645303536354442422F636F72652E786D6C8D515B6EC32010BC0AE22B55850D2E386E848994D7097A0117488A1283C5A3CAF10BB523B57FF961D1ECCCECC0F2ED7DBC816FED8371B687A4C210682B9D32F6D2C314CFA883602BB8772E
310
FEA141608751F7B0C050F08B77695A20E96CD43666D43AA5177008414708E42D5F7A18E4971E876A483133C2B59A06791D2EBA22556E679EE021FA1C00CC43CA09C5717D6274C7286AD7FB06D1AEA1A8C3873DDAD3E3E98859CB0EBB1DAF67A1E02919B5C88DCA71CCD968FFAC49110B1ECDF8882FBD1EA256503418BF2342
310
106E3E08DD60B6A1EC15771B8C795DE8FF4469524F8A92B1F1AD59E2CEB20005E1F5DC105CB9F4797B84D1F7C9F908CABC55D0F2050A5C61CC1AD2F27A26E6E767C7962E8E213A9FBF7775FDCC5CC266DB960A5E970DE5F2BBBE5CCB36C50F504B0304140006080800B670623B1B8617914E01000033030000300000006662
310
782F45374635344235342D363743322D343832342D383044432D4334454645303536354442422F636E782E786D6CD593C16EC32010447F0571AD6CE3D489D20813A9877E410FBD62D82434182CC055F3F75D1292E692438FBD206B7698593D61BEFD1E2DF982108D773D6D6B460938E5B571FB9ECE6957AD29D90A1EBC4F77
310
364A9C1CA1A759A682EF839FA72269D8C9D92654AD71C72206887E0E0A22CAF926B15E498B01E0AA19451807D01A34B919F16B070157417138917400F2F6FA41FCF0092A45DEE414C19BDC21783E4BD39D891265658C3D8DEA00A3ACE59CBC8678ACB54CB26EEB6BD7839D7E9348BE70AD9C8321B9BCA7F9A4A26C542347DE
310
E050F09802D22BA6749A800A394DD62899107273365E3C82CFC6A55557BC06C10774B7ABE7AEC3B0F34CF06446280E154026D0542C187BA9DAB6628BF7B6DBB0E5A65B3EB1F58631DE64BBE083F7B65CC218087E22CABB042E51D1F2268F1FE12B3EA24D40D63E9CFE00120194D60B9D5BC67FE6D39CDF37E20AF817881F50
310
4B0304140006080800B670623B29652116630500003C100000340000006662782F45374635344235342D363743322D343832342D383044432D4334454645303536354442422F6F626A656374732E786D6CAD575D739B3814FD2B0CFB0C989834C90EA1639B24E3E9A6EDD4D3CE3E64C623834CD8006224913AFDF57B040203
310
B65BEF871F0C12D2FD3CF7E8CA7FBFCB33E3957291B2E2D674ED8969D02262715A24B76625B7D6B569BC0F7CCE98EC2D338D82E4F4D654D366E0279C55A59E8AE99654991CCDDECFFF3444440B6A1A514684B83545F44C7362934AB2988A173B2692D8C97667BB76B3702836E1A47C1E092D09A78584A5982F20C5688C7287
310
C389E904BEA3BE07BEFAD7ABA6A75739B53F43FD69212429A20365233153D70BEF2E2E6FAC4BCF9B5ADEBB0BD79ADFCF43CBBD9A4E16EF168B9BD9DD0D140BC921495BC2E9D60C1E101B9E46BED37CEA2CD6861F3329624541A3DA7F7858DBAC25C6B4A4458C3CA654405BCFEBC970E8AAD8F43E4FD558ABEC4F9FE7557F47
310
4F506B7BFBEC5BCA367FC105710E2AB8A00A554D7CB4A30DFE26FBA86D18CBF4B75418399194A72433B274C3097F33032C554B027F2046A1932B842B0FCCC0DDCBEBDB8AD2F835768F59B9ADB24C41D30C6A64AF817F2A456D59FA83F2E3DA60137255A585BCD60EC9B7929AC18DEFD49381AF1ED30BFDB109A4B1CD488294
310
C3CDE6EBC8D185AABD6568061FEE37BB95AAC7E3CA4BCE4ACAA5820FA0D526AE7DAA2869B5EE5999531BE0CC20E6FBA07C41E43FA27CF7A6206F3CDD793B4F6B919C1462CB788EDCD893FA674CDA17AB7B3B7C019F8D561FAEE966FED562DFE98C1D12C6A9FC015C2A35D7FF3D7FC398F591DA4B5FE0BFA2C0189FEA50AE22
310
92817A1ED3020951A03432862970F976B33383259812CC8E5D240BBA801CBCF8CE2BBEE3BF910DB6AAD5F79E05123AE2DB33981FB1ACCB02B69D00CB014FD68AB573A7627EF9BFD4CC2C5C7D58557C4B22FAA88925A4DBB44825CECE3D78FB060D1231F0E885BE7D673C86A3874958F593906B5502D1563157814FDAC3420D
310
F69A070A22EC4B98E23CFF171A1E5311D12C23056555ABA53B8614563B92D17D02AAB009E8F46284624E5F53D5490C560CCCC2591FF1B45421EB0EBD8EA7ED13BE7C5D7E0428CD60FEF60779EB13E6664FF711CB185F6FDED60D139A001FF60CD1FD6D086F1D51474901E26B2CB794A343BC8ED3EDB612E0DD2351FCB65CF4
310
33D511C9E14B5B40ADC6A6263DB0336A8F700DDF56271A024E70B0B3629DE21847591E55DED73D56206AB927E46FAABC5C939C55853C274C93D69FD6FA4E78BF8B11DF898C9ECD60553FAD39283BA6F18984AA23E8884F83F45C5F5F859797B31B2B9C84A1E5B9DE9D35BFF25C6B76152E422F9C5DCC3D847F5801ED09D5AF
310
41441327A25FF15487F9EB725FB666F048A4701E9A827292E6F97569A32DF61DEC01C0BB8DCBBCCC684E0B49147C1FD54BF685A0AB18C868E6973949E819523E3DAC463660E68C7D9F55A9D1EFA3BD7A76A16AE1A810F95CE59B82A4D968A376DC2E8B44BBDD86B27B368CDE0ED548C7137DA860591A83706223A12CA712B4
310
7306DBF39C0A20A6DF95C7FAF670C6EED7A61F946493D1D6926782963813403548A78AE470DEF80D2D9CEAA26E4D1C76F60BFE74219A06527D6B82DF641A51616F703CAAC6A7160E08A00BEB4810A0274592A1B36E3675E36E978A0DE80727A0D6DF2D39A75BD27E0D8837276589537B40ABB56D5A41F48F1C6FCD3188C4EB
310
A6929D2FFB89CE995A4D00AE813BDD032DC48B56BD437DFDDC2DD7AED70C2272D63DE9A72068A45A92F0A4BE17A8A06B9366E16707AD80B1FC649459952097E74BB23805982B55E0401150A165964402AA8BDF9F3E7386BB686EDCA780C0D382E5392BF460A6EFB2C6EA1937D3F809B440D5F5435C4C5CF7A9EEFAF54564BD
310
2182DA24162F98680B4E7930C21A0079709CEAEB99A372305ABE0C0D7D6078105A83F6A0296DAEE1068A47DD1C55A9F4C9B2FC69E3EFD44B81028E963DF81B504B0304140006080000B670623B000000000000000000000000350000006662782F45374635344235342D363743322D343832342D383044432D433445464530
310
3536354442422F76657274696365732E62696E504B0304140006080800B670623BF270F1330600000004000000360000006662782F45374635344235342D363743322D343832342D383044432D4334454645303536354442422F747269616E676C65732E62696E636660600000504B0304140006080000B670623B00000000
310
0000000000000000370000006662782F45374635344235342D363743322D343832342D383044432D4334454645303536354442422F617474726962757465732E62696E504B0304140006080800B670623B08DA0BD19000000041010000360000006662782F45374635344235342D363743322D343832342D383044432D4334
310
454645303536354442422F6469726563746F72792E786D6C858F410AC3201045AF22B36F53E9A60B35CBEEBAE80D244E44489C6234F4F835464A48035D0DF398FF9F8AF63D0E6CC63039F212F8F9020C7D47C6792B21C5FE7403D62A1188E2E60C98D7234A5830286103A55745067B9D86B8A3CF9C7F90C11DE607FB144396
310
D7B6A82D282E9A152AD114D5EF2CB866EEE831B8EEA07A7BB5A8D7D61A2BAAEB7FD5F70921FF497D00504B0304140006080800B670623B6378F24DFF000000A00100003B0000006662782F45374635344235342D363743322D343832342D383044432D4334454645303536354442422F7265736F75726365732F636F72652E
310
786D6C8D504B6E833010BD0A9A6D65B0094E42641C85B639412F6099496225D8C89FAAC7AF09546A77DDCC8CDE47F3F4C4F16B7C149FE88371B603565228D06A37187BED20C50BD9437194C23B177FC9A0B06AC40E6618A4B87A97A615D2CE46B431A3D60DB8822A048C50E8473E3A08FA86A32A558A5911EEE5A4F45D5DB1
310
6465A6B34E8A107D0E502C4FE609D26370C96B0CA25A58295232C3AA3143FE692E063D485EF7F5AEE71BD2D2F39634AFFC44DAF7DD9E9CCE6F9CD25DCBFA762BAAD92C4534E34F46ED51451C40D694B6843142EB0FD61C283F34FC85EE0F948A6A96FF31A569F8A729191B37F51A77B105902C0779125254735F793DCBCC7B
310
EE567E03504B010214000A0000080000B670623B3DEE336E79000000790000001B00000000000000000000000000000000006175746F6465736B2D64657369676E2D7061636B6167652E786D6C504B01021400140006080800B670623BD486FD9CA0000000F40000001300000000000000000000000000B20000005B436F6E
310
74656E745F54797065735D2E786D6C504B01021400140006080800B670623BBC1638F5EC0000007C010000080000000000000000000000000083010000636F72652E786D6C504B01021400140006080800B670623B55019EA25F0000007C000000070000000000000000000000000095020000636E782E786D6C504B010214
310
00140006080800B670623B3586FFB671010000D40300000C00000000000000000000000000190300006662782F636F72652E786D6C504B01021400140006080800B670623B4220A0FF7D0000009D0000000B00000000000000000000000000B40400006662782F636E782E786D6C504B01021400140006080800B670623B2F
310
A3FEDE290100001202000031000000000000000000000000005A0500006662782F45374635344235342D363743322D343832342D383044432D4334454645303536354442422F636F72652E786D6C504B01021400140006080800B670623B1B8617914E010000330300003000000000000000000000000000D2060000666278
310
2F45374635344235342D363743322D343832342D383044432D4334454645303536354442422F636E782E786D6C504B01021400140006080800B670623B29652116630500003C10000034000000000000000000000000006E0800006662782F45374635344235342D363743322D343832342D383044432D4334454645303536
310
354442422F6F626A656374732E786D6C504B01021400140006080000B670623B0000000000000000000000003500000000000000000000000000230E00006662782F45374635344235342D363743322D343832342D383044432D4334454645303536354442422F76657274696365732E62696E504B01021400140006080800
310
B670623BF270F13306000000040000003600000000000000000000000000760E00006662782F45374635344235342D363743322D343832342D383044432D4334454645303536354442422F747269616E676C65732E62696E504B01021400140006080000B670623B0000000000000000000000003700000000000000000000
310
000000D00E00006662782F45374635344235342D363743322D343832342D383044432D4334454645303536354442422F617474726962757465732E62696E504B01021400140006080800B670623B08DA0BD190000000410100003600000000000000000000000000250F00006662782F45374635344235342D363743322D34
310
3832342D383044432D4334454645303536354442422F6469726563746F72792E786D6C504B01021400140006080800B670623B6378F24DFF000000A00100003B00000000000000000000000000091000006662782F45374635344235342D363743322D343832342D383044432D4334454645303536354442422F7265736F75
310
726365732F636F72652E786D6C504B0506000000000E000E0080040000611100000000
  0
XRECORD
  5
112
102
{ACAD_REACTORS
330
110
102
}
330
110
100
AcDbXrecord
280
     1
270
     1
271
     1
  0
XRECORD
  5
111
102
{ACAD_REACTORS
330
110
102
}
330
110
100
AcDbXrecord
280
     1
270
     1
271
     1
  0
XRECORD
  5
18A
102
{ACAD_REACTORS
330
110
102
}
330
110
100
AcDbXrecord
280
     1
 70
     1
 90
959539793
 71
     1
  1
FFC79E63-5C1B-4EC8-89C2-A54E761D8A7B
311
504B03041400060808004D710A5D2EB04B7B29010000A80100004F00000039464244383141352D454132462D343842412D413532442D3030424534303634364344322F4173736574446174612F446566696E6974696F6E4974657261746F7250726F706572746965732E62696E3590B14EC33010860D822006062446069018
311
60304E52DB4990108A638789051EA072836923B9495527622D1BAFC1C883F0424C2C08CEC258FA7D9FCEBEBB5FF78A10FA0907106D8136701F40BC359D59B7CD43B3304B8D229FB1FD4CDB33A05A9632518C61C1E202D3A488B110B4C013C6154F52CE73C6B6E1DF1E489A273DDAC1B7BC6B5D63ACD59DE94777088930E364
311
A90798A5EDA52FDA47C8870D08FD3F38DF69FEE7C89B7C06E9C7D5D58D76CE0CD7A4A885CC93926155A635A6B92871C95289E358281A73CA2B99927BE3FA71DD1847EABACA0AC527985589C0545539CE8B2A851AAA329EC8BCCC041916A35FCD91B731EB746B494C8285E9AA9B7F42DEFB9CEE20F415F805D82FD1E73F80A3
311
C0DFC0C781A35D844E039F035F04B6C024F01B300BFC0EFC0B504B03041400060808004D710A5D07816FDEFA000000300200004500000039464244383141352D454132462D343842412D413532442D3030424534303634364344322F4173736574446174612F496E7374616E636550726F706572746965732E62696E6D514D
311
4E843014AE3F891B357308B62FB150285D012DC503CC052440322E9CC5C4C4A52C3D86D770E705BCC31C810398E87BDADAAAD3A47CBFAF25F0C418FB700B293BC23DE3F302F17ADA4EBBDB613D6CA6BB3E41A3EB8C54B6C820375C83B0A6845299149A5C5859F0B66CA43E0B83349271D1DA3457900B918128520EBAD32D70
311
995D99C218D55885B5AF7B09FD3A46327BF11B978A423FB1AAD92AE4491DF841B654CEFE21076B686201EF394136878A9FDABB63CE431431FA9E21F13351C1D1F1A5FE6FC6CEF73B9043478A388AF8529DA2A23F77897BFDD0DF0F1BD0BB7E3B4E2325EF8F8CDD246F9270FE83CF4E7B7C75DAE3DE698F9F504B0304140006
311
0808004D710A5DB5A795FFE3790000DE7900006B00000039464244383141352D454132462D343842412D413532442D3030424534303634364344322F5265736F75726365732F46464337394536332D354331422D344543382D383943322D4135344537363144384137422F7468756D626E61696C2F302F67656E657269635F
311
706E6701DE79218689504E470D0A1A0A0000000D49484452000001000000010008030000006BAC58540000000467414D410000B18F0BFC6105000000017352474200AECE1CE900000192504C5445818181B3B3B35A5A5A4848486060605C5C5C6464648383835E5E5E6262624E4E4EAFAFAF4A4A4AB5B5B54C4C4CB1B1B185
311
8585B7B7B7585858ADADAD7C7C7C464646787878ABABAB747474A7A7A7686868707070B9B9B96E6E6E6A6A6A8B8B8B666666545454565656A5A5A5505050A1A1A1BBBBBB8F8F8F9F9F9F4242425252527676764040403E3E3E9B9B9B7A7A7A8989897E7E7E9393939797974444448787873C3C3C727272BDBDBD3A3A3A6C6C
311
6CA9A9A9A3A3A32020209D9D9DBFBFBF8D8D8D9595959191912626269999992222222424241E1E1EC1C1C1282828C3C3C32C2C2C2A2A2A2E2E2E303030C5C5C53232321C1C1C363636383838343434C7C7C71A1A1A0E0E0E121212484A484C4E4C1616160A0A0A4A4C4A787A781414147C7E7C9193915E605E464846838583
311
878987B1B3B18587856668665A5C5A626462818381A7A7A5A3A3A1B1B1AFADAFAD7072705C5E5C9D9D9BABADAB7E817EB7B9B7585A58BBBDBB4C4C4A8D8F8D747674B5B5B3B7B7B59FA19F606260ABABA9A5A5A39B9B99A9A9A78F8F8D6C6C6AC7C7C5451AD12700002000494441547801DCBD89771BD7B5A70B8EE04C7026
311
41712605CE034890E220088028C93245451215B713AF388E7DFD9EEDB8DDCE6ABFF4B57D97137BE50FEFEFDBA74049B6AEED74869B7E87404D2814EBB7F76F0F67A8835CEEBFA0E42B854AA5B2BB5B6BCC951A8D52A93657A914FE0BEEE39FFE2FF395B9B9C6CAD2D4C4606F4B7FFF8D1B37EEDCB97587F7CD9B4343BD134B
311
ABE7DB48E3FFA7A228ECD6F6574E4786C0FC8B5FFCE2CD5FFCE297BF7CF3CD5FFC92B52FFE58BFF9E69B776E0EF5F79E55CBBBF9FC3F5D3DFFB07F5898ABAF7CDA3B74E74EC0CE20230561BF096E97E05712BFFCC59BC80539DCE83DDD6E54FE61B7747DE17FB8980BBBFB2BBD4337DF487881AAE6C5ACC6AF25207877B2B5
311
27BFF1CB3B77FA47561ABBD7F7FA7FE146A5B6BD74E3164C7F51449AE95DB412200EC539418717E7F2F11B376FF62E95FEAF1442BED0581DBCA1BD2780D23F506AFA16E1A7AD974EF17876F00DD7BCB187A1A97AE51FCED5BF2BC1F2BBE5B3C19BE27B43CF26DE00933658FE129B109C2FFF922CC22C4260FA01BEFB462A77
311
DEBC35F42F600C3F5B0795D2E9E02DAD5E650B4438A92801B65C35CBAB7B1EE5041CE69D3B6F1822DFB873EBD6AD3B6FBC71EBC6C86AE967DFC2DFA4CEBFF1BF54F6276EBC114E2F43FEC60B01A0D440A868B2920E5C4BC10D60931ADCB871F3268B21D3851B08E1D6AD9BFD4BF57F7577909FAB86F29B982571136AF01DF5
311
FE32AC3BD9406CAAF2440A54CF176EDD01FBADA1FEFEFE21FE4C9858DFF4183458A9FD2B6708A5A5A137E0EE1D11A9EC0C7C58B2C73C0AD6B479BD76B7790CF899E287FA5B06FB7B07C9195B7851FA8794031EF1FC5F9406BBFB23375420286399B631E93B08022A785C4DBF9996EC3551874094D71B6F487E80F6837E50F4
311
83BDBDBD83232323AC420A18C68DA196EDDADF68A77F938F78FD972BABBDB7B87FB164AC6FC2CB760365821ACB74AED44FFAD7E7431ECD7E08AC421F391D199998989A383D9D98E8E56F84A318C58D9BFD2DAB73FF5222C8EFAEF4DE7AF30D756E5108683DA471E70D0502099A7240F19E4089D3FD203E620F1B47BF43501E
311
85031AE44B4B9F2E4D2D9D4D51D8970983FA861B3706FF950CA170DE82F6B312CC4F42C8966295F7D725ED29882415DC055F36DEA1FE96FEC141493F05FAA9A9A5A595B333DED5B3D5A533F62183323032F46EFF13EA0AAFA5FBF7C8976F8C10F7280A014832593B90004D52341980D907EAEB73411EB2F1EBC9F507F92746
311
C40E7AE0AFAE54292BAB2BAB67CAE0746264A277B06508168C94BF772BE9765F7BF0B548FE1E07F3B5A521340A5CB5297C4B12811B89E82191ECF3E41B3259C529F135E23CF4C7F961FB13537F5A02ECCAEA76B5BA5D3D3FDF3F2FEFEFB3AA22053E5008833428DC6C59FA2F770595F311F235D427F379BB8A121BD901B960
311
76A388DC4C3C61C7933CCCD770FF375A6E0CE9F535FE2534BF5ADD3E3FAFD71BF57AA951B6D4CFEBFB8864758A26154430080B06ABFF557610ECC93726224F155D1471041E0D42F82F4891C926C1355B0831649FF365F46FF05300A7A790BD8ADEEB0D4AA9569A9BDBADCCD56AA55AE377F5F3F3EA2A34983A1DE91D810543
311
138D7F28E57FF4E2B5335A3928B76EA1CB9B00BF158C8F63A2E788826896D0B5E7C461949ECE089144F8EBEFC7FB4D8C9C4E9DAD60F7FBE572B416C2F2423ECF8B86C439E450DA970634ACFDA977629098D0B2FAF313A36B3869E37AF7853378CDA1171FBEBA95DF1E44FD5144A420588641B0055A79ED91CC0DC41E270645
311
12FB33F1F04D09D0D2DF0203A646A6CECE80DF28356A348CED8C4F1EF137B9319E1BCD29867CA556AA97F7B757567006A447FD375A26CAAFDED9CFDCFB2BB0BEEE8AA5911BC2C7F85DF88A3775389990AA72219D582409210F85A4E66F2987D875C30848023088FDF77E87F96FD7CBA5B9DCCEF4F4C9FC7C676777577B7B7B
311
67E7ECCCE4E8DEE85E81A6D55AA3BC7FBEB242589CE8ED4770E785D7DDE23FF2587EBF57F50B9E820527316488E5C32D50F979BCA58207297E2B6D658702FFCD211840FE43FC9F3A5BAD9E97E6F21B9FCF16BBBB3A3A5A175B5B1787875B5B3B86DFEFFC687A72674F19D46A8DFDF3EACA59E405375ACE76FFA922C817CE86
311
A89BDD92F400F2C55B7462F610459837D3A61ACF50C7471C8F2F2A9D38C3DA2F068007F80EFCDBFBE5DCC674B1D83EBCBEB8BCBCBC3ED0D3D333D0B3DE33BCBEB0D8DA35FBF9F8CECE68AE020BCE61C112A4C1138CD47F9AD13F7DC6AB9CF9CFCFAF9D0E01FFE6CD503F5B91C5218E2899CA15098714848B04FCE5654884AB
311
F0E554F11F6C21D73D5D5AADD64B7B9327DDAD8B0B7D7D6D6D07070763BC0F3E38E8EB4310EBEB8BC3DDB347E3E37B5842B97C4E44A0C630427E5CFDFB71E03F471E12CA9FF70E055AE141042DD81234B879EB4606361D9328149037D7D76A571A7E974FA20AD0323832713AB5BA7ABE3B3E3D3FBC30307070B0B9B645D93C
311
3CDC3CDCA41CFC6AAC2D64D0D579B4B1B397A7C1BDBEBD7D36657A3CD4B2F44F4909F2B9CA597F4245C59DEC354316F0587020D0C661742BC02869435FD12CF195C422DB3C5A3E2305C000CE6B7B27ED8B7D63079B5B5B878787C787C7C7C757C76C51B60ED60EDAFA06D67B965B3B672677080BB5329E60E9B477847AE2E9
311
EB53E35779FD37EFCD2D0DDD68AA355B6B0D81860502B8B68C801F5C697E9AD62F4B406244CB975560BAC756AAA577675B07C6D03778C17E7C95CAF1B3ABABE3E3ADADE3CDB1B1B6B681014470343EBA979F8B90383545727C63E43549D14FD0F927E5F1FDEFD7263058FE02EBCD1BDCBCA053496BD58E69BC44F9F854D4D9
311
79AE9ADB908824382AC1D4014E9756EAF9CE85B6B54DB01F02F8EA5908E0D9D5F1B3E72188C3C3AB67879B07C8A0A767B8B831FE5E7EB754DEAE5261460243FFF07858D8EF0D658BDC563A2C5EF5833C13C90B69248C4DD97842B61DFA7F210A2F6108A0F96B62E2D3B3F3DD939EA47E30ABF5AB2B903F4BE5F9B36757CF65
311
021E616DAC6F60A1FB647274B4B05B2E5341B082D43278F67D8DFDA48AFF9A13F22B34C7586C9992BA6E66CABC190E313E7C811AA57304B421A75B289B9D174CC868C24548823E230B9A5A2DCD2CAFE1F98E61C015CA7E96B083FC59F3ED06EE60F360B3AD6F79787ED278D0A86FAFE00BA9220EAEFE1D5DE1F7855939C3FC
311
C1332426B377F692406E022C010DB437EF009803F0DCFD3B7C94440571D8F2C328F115F47FD324802070BAB43FBA80EFDB92FCA1F7E7CF9FA875CBB327CF9EB08C4DE4815BC4210E2CB7CF1CEDECEDCED5B757490968286899FAF95583BF46F9393CEE6A86D6F618CAAD9BFF0BE22B042412C5CFB50556815CC5BBE33E9F61
311
ECEC26A9BCB8145FD10590078F9C9E953B513FAE1FE387FAC246E14F9E3CE7F5F8194BD6594140876B6B84C5D6799C61A16434201E5237582AFD75C07EEED9863F463284E2E13425A036BD41061259289B6BDC1ED656FC8B8592C9D00701E27CEA749F0D8EF44EAD8C1F80FFF8F8F9D513191F6803384C800097F24069C407
311
CFAE88136B7DCB3D5D4A60B711F19070D83235F77331FD35E715966889038E2E0B346EAB7936C4162043E1A1F144093695443A570144898BC4079CEF1912809A3035A1D3F361235F90FFF1E3E0FB93C7E2750719F88E7D8E68123883ADB5B18185AE99F1D11C1238A792DC4BEDE8EC6FF503DF377E0445F68FAF4E08D43082
311
D02170F30131A154206CC559A8D9CFDD762B31273E4947A581E0D9BB71E33FFA07CD02CE2A6BE1EC80167497F2A81CFA3F7EFE58D0CF5D5D170DE4F89070B0BC4040CC17BEAC6B0586C3D3FF0309BC06F44B04A1E13729929B4DF73C44070692C810B08AC3012E8EE9EAE22067796288C193B2139B970B86F47FAD0F98382B
311
1E035D9C32FD318A4FAFCB274F2E1FA772F94411B0CD42493C23393A685B5FEF3E1ACF554AF5F3552A478383374E6B2FDDFC4F6DFE38F4F4ED7A7FE838F488EA852482F412D3CB07E293D02C9F074F12E84C5AAC423271450572A385449844706475FD38DC3C22486A0639E5F1E38B0CFE93CB4B25910EF309A2224BD8DAD4
311
0C682C28341AD69047E8539A6AFC14EC573F7FAD10AE0FE6EB13E87B28E093B513B5803514DE408809BC12A14876DE0A25F643009E9176D9F0C330164285A7444DC8CAF0E9FE41429EE0A2F6A6DE91C0856C501272404A8468822E24C807030B1D33D40D4AFBDBABB411D093D88C86D7205E05FC57EDD1F805FA4CED5920F0
311
CED39157E007CE21757C5DE440ECBCB46CD283E378029B43FB077B4F47E60E9F61E8D01BE017D7E843EB49F50A2028F1E442FCC90C9EE308E4C0C2C94EAE30B75FAD3A0EAFA57FE9EF960F14BE15638840EAF3BA490BB6850EDB38EECAFD21A0C746D0C4234DBD035EFC7EDD121FA585FAB73DB89FE6A03CF833AB0730E5E2
311
F1A36CE3F202A128934B44E396961121E1F2C9F32BFCC0C140CFE22C1CA8E109B182919696BFB98120234F61B59F7BF46EC30CF067B21A33B0FB3E402448EE266CCD93135A8E823DB31F85E677434E608F53F8100BC0098EA2FD6BC01770E0F2F2D1E5452A711C4BB8486248FAD756D852026B6DC90A2AA5C6B69E9068B8F2
311
7AFABFFEE8AB36F1D23985D5960014FD711940800B560250D2272CC54FF1D3A660B275AC3881E349689C1616E1E9044129D032313509DE4700BC867C71F128C400159407C761022BA8A040F40A244788808C60B3AD67A17576279F6F946923191921B0545FC2F12AC0EFEFBD7262B6935679FC7F80629160ABFAEC88E8430E
311
76D82A8DE62ACE50BD4A42FBF03B387B37FD321B37E31C3F063D99703F5160E6C9E5A300CF32A91E0A085A29C0FC507F6C21012303C6104B82C1F1E156DB3229D1A855A32A8352C9077AF733A0AFE0FB3EF81FDF2F0F82C21B0EB06998866878B103305E31EC17F4FD43831E570A2118D1667632D4FFFFB125782F96168A83
311
3DBE78C3F11F8383A79D49F58F1E3DBC780417AE6581381E8610604888E2913E12492881274822C221AD04CB0B1D273B8542837460898C686864FF6F801E8269F40AD0481DFAF5E6E9C1F3BE391C325004DF0746A4E4448F7B52C0D5EAD39EC46896B888C4210D68E99DFA2820DF7FF850EC407EB55C3EBC5028611409BFCB
311
8889C90F1C52355AEF98B18100094C9D0EF6F64FD47E5CBF3FF5293DDFB4B50DDD54F351446FA1F14580DC3902C085F593CB24ACC917B213BBC11B3F0A61042FD8B24F4FB9C4556D0CB9E1A880DE89934CE9607F18F81FDD950DD0E1D143F41D56110E227C250621FF098838042BC85B5B6BCBCBC31DD37B34966E9FFD9936
311
A2FEFEA9EBA4182E5CD3E17AE35501FCE0707E5525A7DBC64DFD077825BE37CE0BBE1BBEC061410C660B6E49912665E2B3749C7C9F93834022F74CDE6CA5EB501D9CBC04B768292C5CCB84478F3CA83074092C6082169015E5800D5839DC6C1B58EFE83ECA513BDE3EFB8EF1242D2D4B3FD55AFE03D42F8492AF8A3F21444F
311
A2FA9ABBF525EAF84C09F0168527B0138A85D1EC0443C467B28BF844EAF76323BE13D7C11F72FED783837B970FEFDE7D7817E077C17EF7E2A1C2C0FE851FE4C008388C15E818958746129E1009D054B67530D6B3D8DA3D59D82D9D57CF70039FF50FFE0DE94089DB269C3655A4F25B38C49D0BD48E59F1526887C18FC52721
311
97F85CA72862A593A4843CD25F920487DDF7AA0441A2C0600D062001F103FCEEA3D8560CEC3EBACB01CAE5A51E420349F602191E5F901893142381351CE17047E764BE50DEAF9E4D8C38B6ECFFACEB141E54A6865A88A60133EE9CBB4C256930B0B168C1C3AB59FE1743FB422C7166082E934AFA5EFA3E4BCE0B69362FA704
311
1818B7FDECE1DDFB4D022007CA23E521F0700AAEB5888BBBF08023E128B4045381542FA256B0D04E28A0C3804E233A1BFB476A2F48FD135BAF9843BEDA3264EB42BA499601F16B566E72C7EA35908ABCB9176BBED43204C696AFD3D7B24B08D3AFA44BE243D88A6D9D0B6562B52F741E1610C0EFBBAF2B0829289A640EC4C8
311
A4FF66A24430786CEBE1E1E61AF9507BFB496EAEB64F8F49B4129EBDEC065EC1F8A3F228A3CD0950883B41BEC6D1944AE06147289600A7726313AC69A3F91197F1438BCB743E76F01F6EF1D1C854071670FFFE43FF1EDED702EE5A14C85D0C42DF90B86068800659AC88981855E3E774A71C0CAC2F76754EE7CC87C808D1E1
311
E0F6CF47FD4224731337BE1E39C5010823EE997B1491BBD99FC8D8EF77482BEB5EB2CF66499A8E0F7511B19B3EFBDACB6507BC78731B1B383D02FFDD7BE8DD9256F7D0BA7B46015941097B80018F700FFA024CC08078F51806100ADBFA163ABA8A3B95B9D2F92AC30BC908ED31FABE0CBEBFFF0279B675868F9AA24E9530B0
311
8C174055B7F48E4F58002F3E82F0BDFA003E8B431EB6C4A91E4D9B5FFB791265BA8827BBE5F1BCFA7F789F72F75EC800F8AE43FFAEC42F13009FB905A9A0132015D0068ED7682AC608BA6771038DEDB3B33082891FAB1ABF5614F93238079726B833958796B845B731FCB86316713C1DC581B1E19B424EE32674093F80776F
311
7E27C6FBFAC85C536CD955B96EDA2A3FBF770FF4BE11845470EB3E42D022000E0FE07D161811020742162444668308801E133A4C163BE68F6826A5523071CA78B2FED51F28F8C70FE4190073A3E5D3259D7A288CD19BDE623F10021BAB0C6E327FD507B2741627727EA00D31856492F9F009D7F152D930704E642795C1C1B3
311
36E0DEBB7F0FDCB79318543B25341F36802D64A981A690B94259607DE0B19D466BF8C1C5E1CEF9A3FC5C639FD6117B4BAEAB453F8EFBDA500A67E8BAF76C8A06566E36EE1184E8329419161F83D843D5DE7D8221163E145F56921C3EE383978072129E290A9B7166E63D26BAB1FCDBF710009E4051842390031845F20077CD
311
079407C575F20364C4910ED2A574BC357630B0BCD8DE39335EB175646A698458F6A346F003A93002E846FFE0C459B8006E506D79BF902908A0AA05CB5E73530E33BA1D3C2EF99C712B7C8B41DF4D2A7830BE8707485FCFAEEB85A09AB6D39BBF7B4F23E00509C20DB04E240822A4B810E04D8D53D10D504C059ED86BB8697F
311
514777717A8F8144D48A4C89077F7EDB00E2D89DC02A7B975640A282C49A4AA84B70B12BFED8EA6584860DFB7EE23FCB00C6BAF7332FF259FA3C9346508813E372F1DDE425065BB61FDF8300F7EEDDBE8D0C6EDF46F7D8823478590AE23759D60DA6B7A9F125EDE8F4A5D2B37470D0B63C30DCDE3D3D59A8D1501EB1B0A537
311
7517BDD6E301F995E3F955F0F58FAC2E81CE172A8344AC03DC6781939D2484B8FFC15E8F3ACCD3954CE19576B942D0A029188EC7013FE59AE90B71292DE774F1F63D60230180B30A2EDC65291B6211B4081128856001A680015CE000708254891851D4B3BED0FA4D7166B466BFF1D2A924885AD12B387FC0FCE6819AC3AE06
311
A7AA4B715F0927B74D119D4A668FB54B8A8C268D8B038A207D10A7B1E95E42195B695BE0240F7408B311257C23F581E987C180140C584A02B1670CB817CEC0A080F259F1360E58452013200E3EC107AC1DF4FD7B0F6D23F33347F9527D9F51E6138E31AF35F1BDAAEEEBA3D71BB402E2FB47CECEE96B4DB85536772B07C82A
311
34F3E66D0BCEC207FEB9E70643761276F7B50D5EE963CFF80C7AF4A2130F5BF8C4EBFB5F07B709840480DBD8007FB7EF3F90104908BA457D43AA2A6A02C91422285E5AAC143F3313A0CB74D9D164933B86C25587134E8D342B453FC982860D09FD13ABE72055ED020E85D3E312F74C25CB0293D978A1C4001927C80B86FD06
311
349126EC219F0C735C8053D8F5F310817EA01F1B7851F406144C211C6362C27DD51F1E310C0102280ADB891E9B085CC528A2B1369A46BA195B9A2B351862CE43174BA73FB7CBB430A5798F4C54B7333B96C3224A9863AD02B9FBD8E63092191924E77C199D92887DA594B6DCF0112857162FD0949FE6A441F5E62E42FB2105
311
BC405A2301A3424601DC807912CB2C39C604A27908021CDA30C4C8C2019A883B3A8BD393BB3546136EAF561980FB63E9E035FF73B96D09A905ACB2C11D79571C5159026227DDBDB81396EB03F14100BEB66DE1FA9EF82C3ECCBE318119C4269FD014E66361FC8BB0B4EA9A98EF3D8848A01360430284335004C183CC25BCA8
311
2D2302EB03B8419241C64DF4F5ADAF77B533BE786334BFCBB8DA72BDBEFFC36103AFB30608A0B39B58D93F0BF42180841DD26BDC22CF0A770E90240006BAC65197D90920131C7B2EB3CFD3C71C6378A305EE8488FC1FF8D391E2BDDB0F6E3F45E7C8207C419800DB410073A3173942CA8D5242642A74496FF115832A6314D9
311
FA4257577BF7FCF8F8E8CEE8DEDE5EBE76DD3CF892BA7FB8B90F629431B5525E92A15A3A4A6FEA3FDD73136172060959206591F4C927196CF645AA285CF3014630121754261C0D31E1A7E3DA2DBDB54B04703BDE3A4209F02045C4BB0F529A14BED07098A2A1CD47513DA64B512F409BC01663090796D787173B5AA141B1B3
311
9BB470EEBCF1E30F9D263ACC4D05110797CEF7B923B027F089F74D1D06F0A4D8C0CDA6604023FCA45B76C5CDE0BF3845ECBE13E0C0ED73700A8A753C1AC8AEFFF1B407FC8A20F42F0D94019121DE304077A027D4112283BB8FF0072444D68AAD111D6F591BC0061854BBC048EBBE9E81F6A33A95C21BFD13AF3C7E7DCDFFEB
311
0DE8903F77B41DF178E99C289895B0EA8CD640549D68935BA7C5294E0A1D66DA0CC419BD398E6265789CA1241441AC94532A3C19C95340BEFC68703077EFC1D307B71F3C500859C11494838E902203A2BE90EACC5135B80B078804340C920C2300BCC06F7A1C71B875DC572C9BD1D84BD5FB9363CA6BA7D03E5C40FDFC54FC
311
23C9B4B9DDD028787D89219038523BF64E638BB37CC25335937A00DFD32869C5B390C8C32FF25C8C47A7181B4A599A224A9DADB0E0406FEFF9F183B7448F081E3C55024FB33828784AB61704482CD0160C04174F9E33BA9291D58C2F1F1B1B3B5863B0D9F3E51C35C253D54A23E560E2C0CB3A6F7A81382601C2079CAE96B7
311
B1560D20A341E85A928A4E01083256420576C2ED477E2E565FD9223BCC691CF394D3D8E281501E0EE5C1C8159E92585D255CF30CC854C75318006EA4A01028EC853F9407C6053910BE105348324002260254886C156260F9189EE0F8C9A3CBAE9D5A992184568A69D5183A7DB97DB089FDC57AEE54F858FE54F577DBA85309
311
640290F2D220952620750C5811FB772A7876D1E4040FBFC6474D51246D8B3FB378283FB514F8AB3C20B8BF7DBE5DE541C9A5D3D38DDB30E00151E02523081BC89C2214103E0BC1B3D0199A08E002681A2613A2616CEDF0F0F9C5DDC75DA395C25C0309C03DEC8091A4AFD3FEB504AAC6633930556DAC86EE3561941E862C4A
311
75DD6B6BB3A0C59BE153DFA73EDFCBC3CE2188D3D378FC976D0EF9A95B7C8532F527CE3CF539581E0FE501291E9139FFB65EFF5DBD8E0C18DE3077170A64E033FD278F18068028802F156C3809FDEB11B1019C208D020C9BA2870457F0F8E1FDC7EDD393E3B9FC9C4308E9315704233F960E554802C14716B0B45DAB5EAB5E
311
25AB7830EBB8D25E6CA94E4AA01794FB1EE164FE9F040FE82C940A4BCEF913075D087E85A7237D3CF29C47E4E676777779528C4781761F0BFBC1D3A77880E40C9A2E5109180D5255317890394229F0F082010354082D574F1E3FBAB7D6553C2113DACB97BEB5526C7C6F69F9310A94C46CD89FF8F379AD1AA035FD00FF3F32
311
0180F01417A6F255A3A8D86319FE0C0B0E06A0DCD33F79841339C01E5BBE1911AFCFF7C1E0A540BFBDBFCF2372352686D863F83F59CB6865F43104007EE06F52406F680341102048A01BB048823082CBCB0B6AC48C313F3E7CFEF8F2D1FDC3D6F6F9F9D9E98D9D7CAE5EADE2A6512FAD7AB526E17F600C85550DDE9ACFE9D9
311
7E694513103BC69F8A2813176032C890C1E9C49FC09C61670FF8705B1D7386260E7C8E7122C7F8208A55139E8C8D4763F7EBF5728DF9C34677364E3A3F9AEFDEC9CD95470788834F9FBEC512379890B38C94205B2557987C4186DF5C0837608DF0F9F3CB87B7EF6E920475752A01460E556919B2B64296FB9FB70DD5F47232
311
A0F77465BF140CD001F00ADCA175090E2665A14E6329B62660E02A1CB50C6025E3DA252A670B3F0FFAA5EAD94A509FE7036B159E0D1D9F2E76B7AE1FD5A606198D3A747AF450023CBDFD162278B9446688111009B4029B0F2180AE20A542D40610C073B47FEFE1416B2B12200F3C991C2F54EC2491027A816B0A34A9D05C6F
311
437AC23462385DADD75642EDDA738AF1600DBE07EE8437804D2D011A94DF71C2085EDD40266A407FFA1D1C00B0C03927E60338E3B9D8C47D1F8CAED578E06F7CFAA4BB63B175FA7C301B747CB377F45192003CB8FD34B12009224543D8604494011A80C1903CE0518C986208E1C5FDDB8FDA161686873BBABABAE74FA637BE
311
A894A44078C19696F326E057D7F95D061A6B0394A9D5F2DCAAFE4C2388D8A6E9AB7695CB0BDD0A332430F1A9333DA41D1FFB97FA09AE84E738C75C407C260408F8DBD5EDED7DE1570A7BE333C54F16963B46AB0C2B71208EA3D16EF4EEDCD7005241166C005A73C03164792151205C007288AE337B4D7103741BDE7B7AC913
311
350B348B2D767515674EC6F72A0402BBCB41C81305AFCF05F2758D3ECAC8D26AB97606DB9581A4B7A8FFB068CD5C0604E6849046B70C2B60FF0CDDF93C13822B4E82FA0479A68220E66D9FD775FB3C1A9CDBDB9829B6AF2F77EC9E0678FB20ED8D1B1A1A39D10F9812E20D6281F5673121AACAA9C53424000DAC173F7E18C3
311
052EEE3E78E7F1160F5AAEAFB70E0F7775CFCE4EF384DDEEBEB9C0889D5243BDF557559FEDE5F17AB21E118C4C31A3DF6A96B56AC62180293910ECD6B721047664BCFCC6B2DD3C65CA0F0C823DFEF84083C7ECCDF05898EEF158F4FEF97EB9C123F1B9D1D1A3D9F9AEC5F5CEDA84A3C96C14A55584D62893D6A54D8D2028D0
311
5C8B1F124884543F3223B29D208B04910D3FC43F5C52196AEB5B5F5E58E8E82610F08C21BD443801233C0CE8BD1E40F84A1CA86001990048031ABBAB11EF83F9283EA89F181F2A0D9A9F62D94B7F625FD727E6A93F63F200F614F7CF100D4511C07DB45FC5F0CB4CA359ABE4774631FDAE85E599EA0878A3C33D5AD6430CF4
311
C055EE5FDB80629000D7855DED3F436F3B61B3DC7FFACEFD2B1BC6FB0696312CFA477CE87A87070C7998E04FBA78AE3F915A065E819FCF35B410321D9ABB308146A11AD5196CDDD7C477A171C8AFC74B45CBC6F641AB53C8D4ADA5870C02379BC0470CF83DB55F073E29CF5CE5F7A3F8FD62EB7AEB1774C2C6780B9523F928
311
7193FD23DDB79FBEA513B45200E2E0C1B51350163AC19043C600F2C1DBF7DEBA7BB9B5457BC0D840CF325EB0BBABBB786D301437000020004944415472B491ABCCEDAFC0591201CAC8EBFACBF367FE7B6E40E69F551BBBE7123E3C00AC560CE20C62436E8C3C54CC225EE08C0D74CE26148877689EDD004FB2BFBFFFBB9840
311
35373A7954EC5EE8591FE531348654514DB1D1C56411DFA2A7C212BE5ED91278F2851A432244C6822C29C85A8B320ADCBDFDD63BF71FD32648E7D098CD018BC35D7FE89E250EF2AC75F96C15271602687965C844B8807C6E7729D93F22E81D39ABD62A0820C1FE9F11CFA7208125D33E96FD69E83AF6052DD32D49FF0802CD
311
9F9DFD39260389A950887A647CCC99BAB17132DFB5DED35138FB3A060F6295AA5E195BF0BB56495A5A4A8FA440026E46A047D40ED2520A441C302D240F201FB8F7E0EDDB0E12A04D8816215A0579E8FE1B1281E9F19C9900DE79842E2A7CCD48E9876EB01C75DBA0E0C8D44AB5512947A00BE7CF5DE9E1A6A6BE43CF1A7878
311
3DFD5A404E4477336C1ED8B18908B2A847B2AFE9839E891137A6673BBB96FBBA2A4B8E9373B001F08369BA11BE8ABC4302FD2345FD6014A127068427D007BE28B41D9B0D40FFB7EE531FA673C8870A69135B1CEEE8D009C08042A5B4EDA314920B635BF941E7487E45256439DFE9D276295F87E698389CD49FB394FE197204
311
12DEDDC40E9CE9C6DD605E0B719FADC416CB15AB3A61F9B5B9B9426E54F81D8B03DD950946D432B40CEDAB7BB5AF11213CBA73C9BCCCDAFBCF06127C7980FE6D1DC9B4DF14832D6568FEAEEBA76FBF438300B541064ED33F3AC0B0D10505306FD370AED02859234402F6C3FED006766DDED2034D90D119057225EEE3DAF787
311
EBF30EC51ACB4F551678BD6728E1944730C095F13E4D81A4DFFBF67C5BEE37E62A85FCCEC6CC6C7BC77A5B477E22223ECA4FCC0F87E2A5E3EB782BDB25B8CFC6736A044DE5A7CDA604526361D650484FE283B77EFBD65D52C1C73C4F48E7D0D81ACF572F2E2280F98FB230508FA906B42DE240ED651B301CEC83DE1790C9FD
311
96B6CBF986BECF3BD332C18EF627A0B6EECD5B152E02088D03D828AFFAD26B05BF671B4F9A09A8CE0CD2707F67F2A4B3BB75B9ADA331C1305BBAC182FB4A79820B7EEAF73199B8404C0B81231CDCBB871B80FC41FF5860E8E108222A1A076C29E6E03B6F3FBD4F1F295DC457573C7ADED636D6B7B8C88413DDF3B327E1046A
311
A51040B40CB50C7E3F1D2E44DAD34CFA604029BFFBE714DF0C069908027EB275F1F366C132E1A7450B04011CF82B2B647CE754F650FF6E25BF37AAF65B7BDA16CAA791F1D09F6CAB989EC5AB7809BE145FA459E8D3E4B0FB47DAEF093B946FED585B80FE1A0305FD5330FEDB4FDF79FBF6BDE81D8300CF6815E5F989655241
311
2A03F31FCDCC7CB5E32365550CD9365FDCCEC8752E943161D78047336F8AF6539840A1F2E764FDA2970999F205CD2BD1F5CF496571F76EAEFA0E1CF8FD2A55FD06391F9EEF8B9DC9994E72BEBEE1FC928E2F223EBA0FBFBFB4F2DF137BC894B8087643D64ADE6EDED67F7680FAC9060239E845FC94AE93D880F994FBF71FBC
311
F5F66F9F32C292EA900F9C1E6F1105E81C5B5F58A067A448143842008D7275EA3BBA3D2516FDF02FF79260020D6B3C714711F3CFB61BFF56A826E627E82256F7400FB387FEF23C1C1E77FD6A21EBB1B2B35F2F95E7760BE1FA3ABB3A981423477517EEE36FF96F122B942F6FB64D9502BD1B9089162532A2FEFED255028FE6
311
53C9F46FA321E0B588B7DE79FBED07C44106CC85133CA65190543004D01D02D8181DDDA5A9C91A7110805B7875B689FC3902200FB192E7DFD936B37B57D9C338BD49E99E181F4E5FCAB2ABC1CA7AAB382CBC7D515457CFABE6FBC63D525E5CDF74B16378B9AD6774A58531912D232DF01BAA913DFB7D3AAFF912984302B84D
311
0500077800D26C60A4742101DE420C610C2E92FA93056022EFBCFD5BB6B38651470CD33BD87630C05831BA864C85997B8754B05167F0706499DC442FCD22592AEC2ABF3FF13F950039BF159FA9B36ABDB2778EFF83F70972B83BFD3F4899E64DD8346AA495CB155A7499F2CE39B0AAE755125EB84FD8CF8D8E4F4E9FB4B72E
311
8F1DBCCB98B31BC4607C2CFF21C8145FB48EA0F2159F86A3098415609554DEFA7B27EF1301033DD06D274BAF6821D220DEF96FA4CBB60B3CA241C021D38E1AA76B4406B4767576166766A6C7F77273F5F395291BBA19F64F2E3095C14F3E60371827741CB27E89543857D6D96BF9A47C6A9A26057840332EB843717AAD1718
311
80217B71FCCC0355AED3D4819911F79D0EA8AD6DA31A83E36C5DC2D470295C011302387069158F6C9966022367ECF1D00BA9BB95C389AE7B6105A1FB640689033A7FCCFFEDB762189103A61C3A4FEFE0D6A6B5A19EC5755A443AE78BC5E9235B047890A65919A0D2F96AA3C01CEE913BB3ED239C3E0CD8DDAB99E4348BF3F8
311
B977B6C43DEBEFBD7721A839A63B94C06A10DB87FCBFA3C2932F8C26F88B6D6BB30C3C4E09AFE40FAB52EFAA1EC0316920E031A46D65A0FFE45A673432E907FBCF86717AC04F2CD0EF512D665FF53F05BFCDC43489F150890C60A8E0314E70A06F619D30D841189CA15D3417F3CD50191AE4396543F0C42BCFD696C58DF163
311
F5B46D708BD5FDDA5E5E5FDF9401BC4F7E00E8A17520833D1CBFF495B5D1CE037C664123EEE74737268B5D1D3DBFDA6AAD8C08DF2C0BC7A737E10AAB2A7B958990CEBF556CDBEE823CB09FB344143463C630CFFF585D330CF0320E921744A7918280FEEF981161008E9FBC78C830217A07B7D6985E83F9A79884ABB5AB383B
311
4D7D788F9FB3D867A2112A43F19042B33A108690CF6F472F8661CFAC971478757F6E6F2F7AEB82FEA85E5715941778B278281F28C268AB24BDB470EF3303E09C359E9DF1CF990D8A096106E6A66C8620DDE7D281DF0B2831F20439A30D68386CE13E002F7EDA8D7806162B205D6A19AA1FABFD6B1B400EC2BFFDD66FDF7E87
311
55B4883C043F43046C1326136680404F1F934EBDDFDD39CB58A98DF1BD7880E0532E671FA1435E9D6EA5E9071000BE8F262E7C4044FD95D5FD526EB40A05A634775F32205C3D779FDC168CD5E56BF982508BF572BDA4F6F57D3304BE9EB18149461B12F760D7485891CA47CFC44909136FBF4931716A2E100123FC6CCAA6A6
311
44F25EDF4AC980B14039009BECE8B798BF69A05DC5B6885CD23F8E13A46FF0C0A986D617F001C52241801E87C2974C31411DA3A5D7B6175472763D637D3E57C33B908F867F4A59CFCA7923375E5F027A983E18BD7BD4E6FDDBB2250C1529F4202EFAAF979DFFB1F2612E87EBEFEC58581EDB9AA95AD1D7C1905F7305BF8182
311
D5BBB524D47C4E3B81CD843220DE1E6536497C0962C225F75A2D6A998303B23FC501F0B3F736EE1FF01200FC8C99F5515207C9C40081DF304C0A17D06E26CCBC5B3C47459308178301FA8057C2C0AE9D99B05F038828B08400F2E3251254DD7EB8BC4853B101F99AB48E387457C96951E5DB670648BAB70A7B04FE93EEC5F5
311
B183F9739C98952C6845C380D401B8FC86E70A20744EC720E09D35955D96A9041720196D183AC2CFE6AEA816652D0234883D788BEC8F5DF2615261DB031C2381092401B48D8D2D870FECEA9C3D99DDB036C8A051058030E32190976718C89F031DFBFF2EEA3D88606A8A19BD0AE305BDFD12BA4FF46F1A0002B07137989C74
311
8936E9DB2C91F43B07E4E4D16C3779CF5A4FFE8CC981F07C29E34B7C012AF0054FAEA4A6A3D49D3A16D2B3CF220A029003366663053C89B3FB1827080DEC2780076FBFFD8E39810CB0593CC68B5D9009F2D400418028B0BC6CC74067E7C9CC0C2690FBB084AA5254A12AF63543B35EB40D17B693F7E3464D5094C00AA9E04E
311
0E0524F5C35C5EC6BA94B21AAF2440725E2A9FF94FE7A8F0E769EB83FDEB039B631B18BF396F5C13CF89ACC02C387DA56DC3B1CD84B96CFAAA37B55FE723B611062258257D331F186AC93D8AD600B4FEF4AD777E4BF68F2168FF08C081A37AC13446C859964803961928476D78F68419390D830C1935B5C2A0A22A3AB17D3D
311
6428BF12DC373B8D464E04C0A496BB3B3B75639DCC2500E0F0B15FB6F47B5A7ED0183A87CAE8D535F2EDBD4B3B7FC762DFE65A07C30B2851DB890082ADC07131EEEFA3DB7DD5CD32C0860CA83CD4B7993A175F422A8149B1C1D94C1145059D9C78A8A572A90B7C8B1E3392FF77A80C50220880FF3669004E90F101740D2B80
311
8181455A044904674E7482CC3EC85C4BCE339404C0B0BF6A5611E4F9B8157BAB6DE327EC9BFBA1B4557ECB609C1F45326499EFB90EE78F18227F09E563C9E63D847EDB3B68EB9C39E95AC4F7ADCF7D87F6752BB6912040281E4A0D8A8314E80D60470999B8A51FB1488A66A9F3F81FFA61C83F4FA6969E472288FADFD61B00
311
5E0EA4284822E018911828E868614DA0C36E11F3A051070BF2F0840E35F200E2C0C80A776CC9E7E6841C0503D0EDF15ED9AFE527E798D23BEE5F0604E58DFB7099D739BF0BA5D332EF29F1535995BDBD0DE681C4F71DFE6A7AC5A13554AE6910963E9ABC9A0DB5B202225545F5CFACC942B5B93C207352B6E5310BF349AF20
311
0175D7DFDF78F6D683B7C87E087FA9B35812C4F8F13452CED610A2207541E6D659A739441F3833CD0C9C3C3DC2B0712F62333C4FA9327C9CA1124904B4FDE0FE21C119776CB0C212AAFBA5CAF80EB43772ADFE77CD9FA8A4144C54C2FB2304C65F62FC3678E4F6C68F30FEE1BE8383CE7DB86F58B1AE0C51F0F055E188D02F
311
00911DDB0991832228B3172B3E623E513FF1734FF414A611A603163F401BEA790FC9FF7FC3FD3DB02DC00184145B850D01D120424DC03C00FCEB7880EEEE939399F1F18DBD4AA54C939899304D913CC2D5CFBC55E50C7FBE4C0E14AEEF53D6843DFF56BE2D554637EA047D3C210E2C61077875FB5B40E19F43AB7470CAFE1C
311
0D3ED3B3B4778D1DF6D4F837C08747180FE8394F2CA1E0A46B6DA62CE2B2DABEDE0B1924098580FC16B369730E9E90541D3730D47FDE16EE1FFAD3419CDA05ED1F2715C607F2E81893AFC5936303F40EB776F1D808BDE393A3FA401E1C706E154C892860AD74A2949C409E28A8FB3349C764D13E4D1D3468952B7B1B35001B
311
F41142CAD58D6011C8B78961EACAB66E9AFBC627673B61FFDA4167950A274145BF11EA17BA9AA60815C2C43AE1F648E3772E53C94E6364AF826019E723069A8AA353A3BF7FB5359281700061FF64C28C10B9AF0B70B0B0D30A31CD1CFD22F68C76DA1E44558869257892363C091D313EFA46B57C3BEB252E9C6BF5B4799EC5
311
8F1910F469E25AA17B343799DB3E33CF410061F96C6D63FA91B1000CEBB7D2971BDD39A2A76361E000F5DBC1688D47CB812DD60F8001AF25B328D173A9E4BAC18CE9F1F628704330741B2649B92E9714447C68559C6CD2F681919367E4811100750058809D0230C087A89FF3C80C23C4C60882E481F48D531764BABD5CCECA
311
308DE2F63D3BB50373D630796126803C2D1FBAC148F7592881B395ED7D26B7DD38D7096AF98841CB37592561D9C6565317AFBE9FC4AF7371E060736C7635E0CBA1809FC80F544DBAA1F2F9393D970D44C0615A0C6930E758B9E63AE690F73045F0C8C0731DE9CD80F718E94652383458799E02C06D328010011C7090D8C5E5
311
336A83D4059953877EA1E1D66FBE994F04608C4C991917230FB61F9AEE183A40AB9108D032449FD1A7283DD25ED15360EF7EA9303EDDC0043403531EDEAB10DFF87F5E2FD56DF0F1B701A9F614DB17FA0E0EDF6FD0B1622A81FA3D1DE5A33F551930335C353A87F9AB05C60455193448246944A232C5D07636D864CDD7A50D
311
0B4440CDCC465D1C418321F50E1648D500294065D869559EF3C40C8FCC6C323E989AD0F0C73142480B200842802C061008B480A9954AF282052B3AF67350FD0DD30D1F4075AC303A5D490250F5400ACF479656861E4C77AFF327F3EBECA4B57B6B6C8FF62602BF150744656A87DABD7BC6BED50527B2120C001A0B3718C74F
311
0C65CD34F275164D7968148DDF259AB8AD6CA81CDA4E8819509B996A7F642D987A401A2B04018C01E6C169A8700F9DE3B489DB2BC49C9B7B858A4F50D22AE15428FCA4A1EDB20C83492690CFE361CC7F8C8066FFD0D77AEE797977F468A36E0B0DFC87F90EE6348BC748F7CB73B5B9DD5C6EE7AB19ADBF6DF359F1DC2A0F9E
311
44F213F8041F64274C0859A2AB7C37440FEDDD2F95BE44065F22067E3EA0CC3BD8C0D8194EAB291CCEE20B9CD8E02950AD806080047A279F19024C837C848816719AC4A34DF8F0706CED904E8185753A458A27E4C1E37B5F30A104932BE140E0BF4E400160F320B054A8705042FFC47B4940810173F9C9E97240C7FCC3F381
311
3EA239B745DE9F1B1F3FC2F9330374DBD1A7B475923F9A2ED81716D18D1B577DAAB9D1A0458655AD3CA7E211867AE7C702DCACCD291E0F798013DC01BC326087775C0833E04EA3778FBCB8DA4687A0255CA0AD210C15661E4E92001A4449031D1DD27D327334BE830B64DAD90CBF537A45FBD4E94A7A88888E715B7E74FCD0
311
40E818BDC1BF5AC609CCCC015DED23877080FCDC47BD8EF3A7B783A17D33F3ADEB6D6BC7AD75EA7C7852C5B6FDADA6AFEFC2D181C03F8C40DD8A4AB5024F0B72E34B57BC1182472DC80946789AFB711DB7F1193C03C893B0345F420246114D3EA71D04FBA731C0DAB0D3CD311B218F0D5A15ECC105D02F3AC32F1360008473
311
1A83220040019B03180634B5923D438300B05BAC80881F061095FED5D572A3323ABD83F1D37A2301A8C930AB3F66ADF7CBEFED30BAAD7D78A06DEB6A87F15491F5AB7E25842B6B34BEFC12C8A159F187C64B3CBD2356DE5FBAB98BBE9583F0E3280C0076DA15BF34C15238145742B07080B1EFB83382F9FEF2239D00354104
311
1083C5AF9EF3C8944DC2030BC3ADEDDD9D27475800693049E05413BFB3FEB4308731512F13400D06F813368A0101D8D863EB3E75FCCADED124F532AD3F123F131AB46A93DF1ECE7F96CE9EB6C365C6D6A07EEC461FC919FE288AF7AE1A7D012D291EB073735FF26BBB1C99FB706E972192819B7A34BF22424BEA1CC7958AC2
311
E04BFC8E02DB90A4A1DD04811ACDBC181037864672C78F6C0EC3073A40CC49D5E813593B7002763BC6A909D31AC86F3F6E335C9E1C309BC58F16418642E2AF6B290A34FEDC0CFEE08FCA0F56700699CB73B9C99302AA17BD516D7F1FD755A2B32B3FBE7134D3BEC813195BD355020A7DBB541539CD2C06E45F46FC0EE08293
311
E6C0E1972176D9B678340AA1A4823404EF79B1E2347E47C35D0A2260730E0B513025DC0BD1C07E3366E9B9D17F767405FB531070700035618606F0B40C73C974CFD321B0C174A80C0F3AA54945FFEF348F5488895713E89B5C98DA501E06D8D24FF04FF0CD7ECD7BAA755A854EC6A180AD13BE094E8D5D63BFD6DFA5F5D3E4
311
DB1BA18FD8473DC6E17FFC9832B71A2A94D96E808BB53F9192955D62C82E282B05168AA0927D54AB20A20A74800B7CC9655C8B15F62377CA4C91641F9F4D0478F4FEFDCE273A002CC0A725EC165CE3A149F0333E8E9600B2C05A7D15FD831F0938DBE5D0FF13E3C0F0765965A0961C3FA86DEEB0E28304747BFBA5FCDEE44C
311
23544F7BB7BF7A132DDE34F99E44EC3FEEAE92F667A10F7E90B0E8C6442DF5A5318B0F816311DB2E6DC6F172C363FC800EE09186BB9EC82A24C0117700CD884AA42023B81EA6E0CF8B3056411110D78606EBC5AD5417B45BCC8E61EA01C4006AC233933E35D860BC1B6CB9C9CCCE7840D2E0C1C1FFC11CCE54D59300F2B47D
311
66A10F09D8E24B71B9BDDF98FB62A3B897C53EC88D16D1FFE8C649B17BB8E760EB20B784F52F992544753F2CBF642CD3C9C70D8722C197142C567E74FB431EE248A8F3FC00377F5142144A82FFC28AC2970A780C85A7EE9146FA4B2981F3C93BCB0F3FBCB6DD3DE69C72B6073B99140DE28B8E919D9D9E7C2F5FA99FC1FFD0
311
7E9AC0965CDAEA0A945FADE52C791EA989E8E7A21A355FB37E44405D171B98A6E946DB26AE71DBD01FEF07FD378F5B4B518724481820890E7486E3FCE61A60E096D577701890EE07CA5D7F2B086040749FCEF3F81972E510A86359C9BB579883035887542090614E5C4461705D7CA1CF84DB564838606CF1597E8119790D02
311
1080C935A908324EDE9F60A04B7830A33F0670CB08605B8D01BF9A3D435693FAB4FD84EF6754930640C1F9D74B052A7ABBA9F502B39DA3BF6BC7514EA4BEC71D752BFDC198EDA8DFE8F32B3EF811E4576B0A2074B99B070A069F60173E7427BDF285024E35A4418B7A412914F2800F1965C4F1120A2D5D2C64400563D59420
311
44807BE7C738EBF3034C4A6F4D70C04ED1F97673C039FABC4CFF18866E08200BB66BDC9CCDCC3FFD1E43BEFC52C317F0F5E64900FBFCDA4DEE68768FFF46350E0EDADB7B34DBBEDE3776BC55599AF84E312229F931E700D04478D66A0D88D09B2276141AF0F8811C5F8067DC04C0F90929F7F1AC9CCD368488AFB965C97B85
311
5A3E2E93AE5B4866502E55991B82D4388614F2C36B8484A5FA06E3EFFA984A6AF17D5C2073299D9F12FD63826F67FC460E54030981684E9FBFC22009A3006962285FDF4FC84B699FB5BEF3736C6072F6844C15EDF25883037DE6BB7AFAD6AE164B367812FA8CFCA6FA25725D99AEC5C6EDEEC64ADDA2BE0056002032E1D7A2
311
0A54CF444E360D520A5B69816C0A953CE0434A8A898BF18E2B704588C01BDB2133342F5404FEE698957C200EF54E31BE6DF4E888C9C67F5F3F1B41F922777E7FA6332677C20098C59F762F5DFE4A23F9801A3BB6F8A4F66E0D40EC867E92DEFCE84C714FC7CE8DD3DD3BDBF9C781B1C3B549FAD2C89D711808CAB100E09700
311
BB85240374A7209212F320CA577222A7020E7824500179FC7096C714884BDFD9499E027ABEB3CB0226CD293CAE6E0C41A6788F396606A073E28CBE5CC67D584D36CA39D37974FE1023253E3FFB007A26F657FFC901D851130DDC2BF54884F20D5D40A0B7E5C7BCC7CC87B84F2ED820192CCE1AABA1FF24ADBE1D03635B5B3B
311
53D4A5F84120125FADC36A0E792D3AD7E255792CD5241A4C84171F1104090017DA493D0A7790A7BDE6DF326180398E4B0DEADA5C2763825E43E05C388E184678C88CE6422606C017F030366981353DF03A753DBF6370879F79889DD0BF75408724DB53C5B0063AB6568D02DC47AE4627B58D7E367A6000267E7840C23A0940
311
B992DB98ED1C4731B4FB4DCFB6D3EAFB6CAC7646F0335C5031888CD74E2103380260AD47176D703960230370FBBF28813524C17FFFBD6288BB28E4F905ADB4A788B40B4A6201C1878BED224DE9906C4C79EF32EE679B9F5D3B5DFA137327320643909A823F62106CB8F9BFE4BFEAFF0FC7A6393EC7F64A698EFF8ACE31BA05
311
ECE6DAB6DF124118D1D13F892F3D3530602E3F3ED3D59DFB821ECFA3D9AE85B1ADAB9E328DE738BF55D5DFD039445AE76D0194180F57B15BEE5F09C07F952F9A10372BC894CF7DA12CF6507E2A8916E0DF430C519485C55D61EFE209912D8C32866214E121611E22A0B1238DB18E86636A3BFAFD5B4EE02FF1E505F902BDF4
311
24D0516907BFC95EF3A76B6B3872769D67E25B548F0DA46E2B93DFDFD5F2B9E9EEE1EE1DCC7FBE6380DFBF38A165CAC73DF912AD76A4690D2B766A3EB4AFA2D05BE543EA20B095FB17AE3F1928D84482049B659E671A4763CFA567C08824913D37F2F92F841FC244085C1681225C04AD6DE1684831682CE0D6096B56101C0D
311
4FB3A1BD3F11FC1105AECF5660BD3FEEDF162B0D9DEC6DB55AF27FC98050BDDEDFF63ED14B01336053A19DE9AEF5F5D9E9D9F9E19ECDADCD497BCC57681922F327EB41FF681E17C1921B04FBAE371AC69E53F98183E91B84897A5DB164158BD1D12FF6F6BEF0E02847727BF2628F9FD48B6FB11DF6928C868B29590A0606F9
311
2140D0C08850DAA7DD8A5FE8A50389F61288AEB743E9C801BB67DBE0A7F64F63BC87770FDF57AA73FE1F5A84F8DD3AADDFC32087FBC0A7D645C327B97D65E7A8BBA76DFD9BCEE1B1CDE3F5F7CE4E6DF4013ECD7CB60BD1239E8A4E9A5722AD9C4FAC8F7FF17B214AF8801950430639A08E3ABD05A0D94E253BD5951C885B0C
311
E750309070555FF21F2EF83FF53F4E15038B8D8A244740A5C9CBC120043DA0B323FB1DA0A4EDA268C05A304619505000BE10415DE898809DB6B66896E60AE347ED3D6DC707CB7D5B5BC374A158EDC343D0EA61C217D4878CBBDC1D85686782C3CF4272E7DCFB5E9EF628F5A95AC1AC0C6848F5771329EF8DF2BB79EFEDEC8D
311
BEC72EB7F245287FD4B31008AB38EA4D52F2BF57167159E3004CD8950E217DDD6F699FC763E9D1A0AECC701F7BD4430A3E030374066938F883C01DE40E7DAFD609345E33570F4CE6BE467FBD7F793B5AF2A9D331D86DBA7BF98067918F9FCDD609A0384B523F4413B574B818C6889FAEFC5E7B8F90CEFD62BC2C85B2478D54
311
DD076635BE434FCADE68B3ECF1C8708E27863DBEC352D87BCC7A92A8E135700CDE65BC114026DE5DB68275E656D2C0D4087293D43BB4C9C14EA83C0D806783B40DD7CD4F19EE9F33801F55A3F1FD600017A6CD5DE607783D5F74E34680E7DAB98D99F6E5B5ABC7F7DF19D8278322F6A97FDB2FADE1539BD945DDF868EE2B8B
311
70D9EDAA45D1BB0A5801198CF1DA891540474745BF0317F8A3703E02510AE94B084221F887FE950272D62D4232781054A87C58D015CD45EBF9B70E60820A2056E9D4D619E8494BBFA68B61EBDD8CF52CCBA124BACD4A4077E8420A7F36FCDAF661E577B792A7E1B7E337C7CF1FDEBB3B49F501F3C7366C1730E793F51FA20A
311
9C3D2E9F18E63DC277449054CEADA36DA0807467D45F8A744E1BDED725A033868703F1392BBE221158220588F30574A0B0893D0515B0B7C404AD0E7F40C11D504C49BD7DA39A85A19CD7357DFC966E5D92272FF06D59CA5A6A1C8AE30E52F1247C1F1D78F81887F9F3E387075B170F9F5EEE4A7F5BFC69DF02FD8795FCFFAB
311
472E7C88D563DA514861B85BD41594A75F5E866BE69471110A9F75C8609C7E6BF6C7C727431EE3E9E3773D2378C25226E82C08104A57ED273FE0921D6990E02B006BD038263BA360355E8DC446A380F0BA35FA9945A80CF60DFD54054202F91897C241C147D59F8E0FC67CD0F2BF377A3463F8BBBABCFBD6833C57E214AC3F
311
5AE9C2FDE88852968F20337972C7E04EE5658223008AE82D93BC37D8DDD900BD6B16EF221F0D4149045D740A8A215D4FC186C658E01994B8CCD317465828704BB630DA2243B3B4ADD3EA554A97408454148C04A1A0CAAC2E04033C04073851F54380E0BF2DFFA43FAD3D6B574F2E1E5EF6E5F4FEFBD1CA87C161FCBCF5C7AA
311
E2F726F814027BAE10F79BC3D765D61D1803952210A9AA07F8C6BB2105B61145B324F96014EF223D4A9261080239F03FF6F4DD4975C183B887E081F7A467A25EAA0C94028FEB808637768B07400A8235D4EF33143253198900E079E3FACB0C59B00F827A5785A6FFE2FCF0C0E6F1714F11CDE5140D931D707950631F3DE877
311
F300002000494441540ADFB08704E252AADE1BD4E8DF55796A32B9B6F17737C67702E5C638682737286CB0E0A89B624D5BF28222432848C9AB8C07170C97B814FF492A61072407D638006F7C8400860444C01B1930A522788045633DFA9507267A3A42BA05925BAD705CDD3792FA23C1075C6EE768A673919EB6C3FCFE7629
311
B7310AA794CC9C0D14A1FB88F95C845BF22543F57996E0B26C9E4C2ADF187F979F8A55F11B47BC26594C52588518D25E6C2B1CCED231EA1B748F093E5726A21A54C91EF95789041030C20FD5AD68613432E19A4D0DA2505B6BD843516E10BB00AF9AC315EE9FDB39CC1F9EA59CD88F9CD071D470C86C4647FDEDDBB1CDAB81
311
DA94034747A779F4CED497CFF817348F69F52E55490840E48840BA72DB71F3E84F6DA2F4717AA928F153DA6E4C7E8E00363CEC9A2E1C8E65F298FC4A52F087FCDEE5CBA38A80CBE11FF7BC2AFF249203FFAB77A128A001B1987BD334AD9B901890A8C2005B6B248196AD09C0025ED841325B31845032E327C531C839E66DBA
311
B39566B631C2FF0A1DA5A3CC47E665AD8751B47CFE33899DF047C9F3C365E3B11278D49DF939298E09002F6430F9958803309827A7C791048CA070061B7E9A64C557D235F83EE24822E5EAB805F9862F20FC58F483DC0EF02181F572930205107E00E523861895A2811309808F2B6C14B2AA579E893753C155D2F54302007E
311
9FF36AC5FEDBCAD47E182D91A73920CFA5C18E01F8FFF4C3F1FF553BCAD0E58DEF85DD63B91BE38ECE1A9FFC4AD4A1FBA30D462C328C5A0340DFD393D3D3D3C0659195C96990F391EFF4175213BC74C020922D4830FE215E76940962BC0713A3B82784C0CB6623DC40D6E1485BAD454F6892200B225096127FBD82D2B12006
311
BAE2E329C771E25FEBC0DAB3B5395289D56D7A8A89081B34EE06F80F819EFE75C67DEEE95D227E283FE98A7B9F1C97D2D05B4D07A469153C3DA3048EA68FA667A6D90E291C7D7E2D063E4D044964D055F2DBF3E31BB851AE9F78A0A7314F0AD24901F581D74A6929142039C65AF5830D1C809536CDC05E4BA51038F79D713D
311
A930CF18BA3010E385351CF47F74D439BCBC793556A1F99814926AF12835E251C59BEA3C083EC2B2760FEBDF4304C9EB87B35769E1EB24B648542CFA4EBA9EF93CD42F03C08F249A2C98897D8E2225E90077823F4A52171A61219998CED6FA050992B6B0A74A2220ED12123004FB977084208F8E2AFC80F456CB110BCA647A
311
3A0F854085D84FE0052BE31FFE7F925610BAFEC06FC33F9931BF063F39DB3D1BB20EE357F594045F4226131578582CB055A59A073AE0413989D215019B6EB8A21CF154D71164E0D8F4E730C2CD382D098DA5261456A425643686BC8301710F2C50665881399156AA2B4C3191BC555728384800CE10040F746A3D8A80A5F0E5
311
00A93456FEC52833BBB45203DACCA37FE1D3EE4B9BF0EC27ED47D89B8266F11EA2DB8B5A8BB93EAEDF0C06B7AD0402B9EAC6E787365535AF19F15158308A9D9785C1BC1C01377F8C6B4D07B50DAD25649764A91DC9812C7B34CA98184084F7C01055466B48058CD44085AF26648520C85C41C67805462D8425680425559F44
311
40F3ABBE1F3F81B1EC72708767DDC8FFB6465796C8FE310FEABE0C9B242A74137EC3E0427091967023299BE5D6D4D0C6D15747DC2AEA4ECC57C72856E827D33CBD319D70FF854369EB841282F84B7CA4881447ACFCB257E252E00FBB3272120A75B99119840858486615636E0E0334031AAA8C08A62E080053A0AAA4158431
311
EC727A084021D41CF5D630C94184F6FE7432E8F5F9A4FCDF3EA7CF136FC2988093F98ED622E38E4976E1BF0CF49D2889E6DF3566719FE1F9B47A2D3BF89C69155DCF24F88C609EE551160F0415900B4C48FB013D8900A9192A700748002924771A3686A0A580FE4009E00ACC090253E280B90AC15048E047020483A038A60E
311
D232831F2CC90498648690D960C48E439F18F4DDBEB0B6F5AC7B7B89F6230243B4FA160A7B9327F3AD5D937C8BFFE5FF8B3A5E64283BEF8EAB9F71159514CFED62DBC880614AA1F7994CCFAE7D8C87057F451733699B8DF87056E1F0654B5021E38097E4E23221B810DE20559AD183A61C2C88A648DB096081E9801CA00BC1
311
DA0124E08DAAC15FD2936905CA8DA1C40E42B13F1764E0C4015EAD7F8BFEC99A310B1B7C0BCC7746D3C0702759C89EAD57122092122D1F857067684A578F1DAB7EAC400841F493A468113282FFE42316CC74C756B1C880FE78795C692813CF4644480EE9B02991BCA257A71861F00666D9410288487618D120D0E80D7773E2
311
B7DD180E100EC98B221C94BFC4FF531A09B986230F1CD08378A8E4D0FDD7D9B1BC75F5C12EAD7FF83F3ED19EB018620303C217A6A35D826E72ABF2D8E2BB1B783F6E48D2E3F360806E1D192085D022103473A10375B63853EC54F500B5B064DBC20945B88160DCF7E4F83A0200BF6FAEAC88E9F54D22D898E43F378D20B51B
311
5D6B1457000922202800DD401A9266483029C0D6D57ED80D42A0E6E08835F0F3AC73D7FAE6D56185F04FC44472B854EB7D9CBF7134DF3DDC35A9F6B38417DD6F508B37C1A718B0D054124176F7222F62DFB327F34D451799D56216880193254FF782D7DDE26C271BF38C6E422E271CE4AB8823C9510F021126A7A944E00DB4
311
031D013C88EA0746C96D4574069BD5439C4110403B40020C30B07A604F1E41D19C21A93FD9002DFC35F23B1E7B98E95E38387E3603FE7393680410D702FF9ED5A3C5E5CE68B5827D721FA78F3A9A0C08A79722D9C9B418F46C0057BB1640C70AA4A03D29CECF33987596D53CFB27B32C3BE304C540E14BF8464E080918268D
311
254838C91A01F0FFB99154FD8A9C0495EAA6534A6C464440B4A71E16100E7405088122A35F7A511DC003D002E6C8E7E15F6D1D2FD09014139EC11FDC89394621F77B9F88EB5A583C41E2FEDBC8F82334494C0BFA97FF3C3A34ADE60385B60E5A30CF036E5E75370BE3B83AE73B3B7DC0BB337DA0045299ED0C66681E4AE223
311
D01B1BC3BD4C921E2005FEB5114739040758189BA8A320067B62A3995E4720055065AC2B4A8006BF8CFCC907C0063EACE41813C5F017065AD46CFDC6FF1BFEE052932CA3478C8E5A6F25DC8503D40F61FC1B047E4DFFE8E84407C81F1AC7B5C79DA358551CD0D13785A9AEB38D6EB68A0A8087FC6543E7471082873CDCE5CB
311
EA1EFC5CC0579469E225428E9A43D6A6000B4219DE52E8DF00A55F4BF5035960661C2DB88AC1F67C2890A93FC420193C8326409E7B595FBBBA9AE1D1511B3F6D65B09AC10A71C2317201A603E88C56CC68C91279E83F5C147787EFE6C675F00941D23EF092920330982DF38C65EDFCA89DA98E8ADDECCD77CB86D85118F3DD
311
9884820B1128010D02F1060F582871CC8FF42024C02239273A1CC3BF71E770DFB7E96081682803188118B50310BD620234F230B12711B063E0F0490FCDA9248B580D3D3DE944A30CFCF2A1E0F6E59E8FBEA289CCCC943785BB8880ADA9C2FD70F6A13F5418444E3A669273C006C4B4EEEC067827539FFBEA9CFF04D84E7F17
311
0480037005AAC8829084329899F90B5E013927F8E646514B4824B01D11F72C012CEACD163B6358A4454A4221D06E68A71062520649BF9E9127D0772D6E5EADED52FF216BC2FC513C7D3C5CC4C8AF009811826AE20203B076A2AA66D8D32E317DEE0EFC000FCE16D9E0BEB17C74AB009256C5D8AD1CBABBDA61402612C675FB
311
D72D07E633B1A42F2421208CE01397560811204306617A5141706105C9F4984C459F2D0F6C392FA05BED808512B0B9A8A9FC6CED89640EA347D31F0DF76D3D9E61E800FE9F7601BE4C9614A1C58E6C839F13A12D0EB426DE6386B82369A9E6A7F1F9146EB578A2EF4289AA109B4F6CEFEC0463E0072A05CC9DEDEDFE08407B
311
173B8AA65399C80B2911252E6290C82CC1B8909140C11B7AE161B42B93905045D017E00CED6D27AAA15F2C2179F1E83D411A7020B9408D202381E7E5DEE5A9E7E5CDE3B186433F488AC81554BEC09BC579018ADD1DCB3D9D70F02B14BF9159A4DA376225FE43DA224FED327941705DA582B2FD1BB5DC0540667B650BECDD1D
311
5DDFB0C7F36DEE2B94F6EE2EE4E426F20A1174C31DF153321A24114C4FFF25E505475F6906D4149B21F1BD9D9DF7B059F8E0FD83323CB97991FE80EE131A9003B81C491B218B1D42C0C0D593D9D548003839DC29A740298B0C23F0CE14BB167BD61989AEF0B985C8FAC8F923A73F31953989F0F6C96CA6C4D0A9A88184BEDB
311
BBDA3BBADE77CD8E2FFEDEEF46184A86671D7DDC51417477BE9F04804F305AC82C2D018A21EA903866A0F959FBD4139916D036635EE03DDB7408BCF0627A03027AD314C09B0A27F0A79490D53839D0DAF1416995CAB24101FA63F75029D57A4CBBA9FB4D120ADB17FB5A999FC9420DFE04FA670430B90FE7F589F7FE8D50A4
311
B5F004CE5F07EB4EA007F8AEAE8E8EF7DB3BE2F81F42166C7246FA9E62D02C8209BA1024414C483498B50229FD923F2414040B2081390AAC353B5283EADA12A30B1080866D746B9ABF5BC107F33C2A015B275480759334B83AB02175EFD0DEC785DFC505E0064F4EBA5A97073A74C5C9FEC97BD25D819E28AEE661FD2732B8
311
BBFB1BF13441B3C1F45E8AC1752BBF80C113DE960E0AC7D9D02C58C80505A19BA0E84B14402601A590A4AE00A825E98C3212342302EE10FC5100681F86834A2804BC409D70270A2091DCE874B16BE0706C974EB3D26EFEDFFCA6C4579AA4DB781708469F055532A7046C6BEB0CF39F3ED2EC4FBCA3D00EA91CA68FD2B87B5C
311
191E0EB2C300F00A1C9881F263571C6CFD83D079D09F176FAD839340CF030F70458F81F09AEE1329505150CA0A00576B56C06D58070B23086F685E44232D9D53DE3FC3731044F286D19F459351863F749F1104198D6E14BBC68E17CAE70D7AFD958E350BEBBC70C9C4DFBA075240DA27D40AD7DB063A097DD3F041EDB3E4B6
311
82A7A12A548F3393DB01945547175879989302521EEB1431B08759B632B174E0F700E774FCA1BB83F95029ED1A084288C8893520E49415E00DA080AE8027C34206D35491D050A4C6B080F6A20889A2FF82379AB6234F6710C05F9080ADF002B9C9F9C583AB220F45D618D7E7F7547FB27CED8A8B7A7D24EDA4988B0C1C2A1A
311
FB53FDC61BF3DE50D63C560F0120B0372F0839DDDAF13E583B868717C1CB8CC71D1D7F440CC82184803144196EFD58BBE00B7EE77DE8C015942357FB06FC906A5E2B8882CCF9FFE184B0035A5CF186A962A63F84B3AAEE3D5A2C830008807568B6A9F424086D2095A3E262DBF124350082C4B5DF4704A9D2C93553DE47BD67
311
66B69349610716999FA25854F759CA9792599D3837ACF6247CE8597B0F960FA3EC45B61715050260C5844FCCFEC9666BC71F875B17E3BCB4CB151405D7D08F846B4CB952248B4603CC402B609E90F0044A007FA800EC46D07A51232B00E5683C55D5096E1374DA4FCBBDE2C25A5B8D26008227CA7758033D7D70DF12CAF7F2
311
47939F93F1CC63047D63ADA0B7CC8771B234D8095FCDB577B586D1834062035670E204B245EC093FCBE15626C10D210CB38A13F50E10A0D5C0814B0C4B30AA9858516001669002229618F100767AA3D6D2528595FE7A398C2D2300ED0013A0AE60B91644A057327BD3C36BEBF48C91279B45F8BD145494674AFB211A91977C
311
B838DF35DCB3D6D6AA2FB2784B591ED785DFD7DB77747DAC9D2F7674810EFC2895F9ED8007EC7885101679C06F21E4B1C8A6120956F80518D1DAF1717BEBFB5803E20C6F2A11B2E48AFF4AD2810A70054623E341B3D1ACD92DA91150DE631EEB2C28882D092049C0DD38E262A7BD6F98549930C9D44B7C37028AEA9F8C5628
311
A2BEF5704C0DCB2B428181B1BE766F43014498D2E57791E4C8DA6BD2ABF5003F0C40202E2E32EDFB02852D16C30B7F646B98FDF86C7891690043128B0A0DE6B4EA27F08C30CA34C9D0AA0852A5997F8D11A6EE84E040B20472020256F4AFEBBB74E6705A12083B249089218E6452C8E5A69717E904A3F5EF3D5D08EC1F4D4E
311
85086B238CFFC11AB9AE972CB775616C6D1DE04DDF073B4DE3747C41FBAE6072901CAD0237100670C5A00C2C3CE063610ED824826C1F6650700E88C00B62468903A0D71D3A390255AD7040048348C56C4647413C2C2561216E0C469203EF06A5B101AD40D0E207F78B124747DB5B4BBB4E88B1C373C114E0470B345156EDDB
311
CE1B4DBDF81DBC400746B0B54E05F693707B89A5E430982C2AC7D10DFF11D5B102B9505034B35D07E8E5F585757F088B390F2D4C85CF7218E8418BB4F25B885053D07D5A908326809F31D6CC6B77CC948413B28664484439D118DBAC27DB5AC40C1AD166F25E6A2F0AE82100C0BF220405323E1FF80DFC518CACA8DE1003F3
311
C9FAE9C7B2D60703A0004F8EAEAD2DE0F5485452D15B77B4B67F4C2403B8D8F9C533558ADE058A9E177A1698F75DC0EB4C800F74C0270178C8579C1FACD025F0560844502D2BBC01E620030CB93636C1041636A693949CD80139FD15BE107F905590A292840F8860706D07E2970A2F15E5B13B87C3143CB2930374CC46A6F9
311
B9D7A5CCCC14E11B9E879A49FBE27ADBD6DA82410FBB94FAA8487D61B51F4BE0A03FD08743C31020D6628ED20305A22C2C2FAFA7ED1E7881C438AA5B9035F20759E243C51F34D0D5F02F11403B9E204CC1686C0B6C9000470561519CBE1B0E4FBEAB37A39EE4B84C05F023858779341991F36D9D9F351E7BB3B5ADF00148D9
311
D05784F9AD8B037D48C01BFA83D4247F03BB768BEEF973A14E610090D4B96B1EEC5C5E66928F28EBEB6CF578B067DD83086081579848E60DFC7684044D8174993C39F886043481F6A2B743B18749E52447CD4D230513032D20D20206E536E15BCF7B7D211634F98FF9986287F33F9A94615A5A0A7CACF8DF5DCC1AC6EF9AF1
311
945EB78E0A2FED1DA2ACC00EF983F9A012260BD722EF61C9DBCDD8719703ECF839029010CA0B9F100B1D2842153E01A1A3837AB579516A31982FD2908A09100DAE591016CBCD4B011A2F4DE299E1338CE065DC4841BF9895D8C81714800CD08F5AD39601BC929B55D291F6CDCEF2AB40DD5D98F4E6F107C47AEE4A09A079C0
311
5316F479DAF4C2BAB83221BCC0CE23FE3D3D4C7BC9AB673D89A3677D6020F6E182332028012FA0FBE0B2668FB85485902A8E7FA0BA2105C213E20BC2169211A4BABA7D693C3F1DA961F203694853137073AD5CD25F1C017DE0477626D7BA55B88F83B5EE513C41D814639FD1BF759171F4577D3CAB0C3DFF68B2D3B1F8478C
311
18F67BEBB2598FA76A4545E9E961BACF657E0791D2373030E0EC9FAEDD17BEA7703A738185D08236C407448A4CB504CBF01FF43859D3115488EA01B55078000DF085911805790DE1B41B6F8CB2889C3834FE02AFE07D85143C6C008438A944EA63E047023A7EF37E13B0903AFEA7BBAB9579330FAFDAACD540022980B65A75
311
FBA17D388F1E6576405CCE7032D95BDA420E7DC0EFA320879E5F8B3B04C1D2D9C1114210C19FCC49DC6A855E12010184DB8968109ED016E4683CD552A36B3AFA13BFC2114068935A7E774CD2C7225642B73325938052D8634ABC18DC9442BF9E0402E85B42F9F3273672DA8E8F1070405D1DC3248487574CD98092B8B956E6
311
AFE1566530B78FAE05B4A0DE51FBAF85DD075C7E11939F80E015A58D1F87E400CFFD2306C4D1D3C634380A201545A92BE01F445800BE12302AB477BD6F62600D211232EB061448A0D2B877BB940D63D059C37E0569A83DE93E214F4BD86209FF6F479C640AFF8AF6D1BFD987D029A94DB7C329B4184D4BB013BF912FB88FEE
311
F913071A8D82B651BC10DB067A7EC52FE1B421883144C00F64FA23A11CF708BF16CA59F18D4C04B8085964B2D8DA4A855187000BE440BC816FFB13374640B0EB1D0998AF38A1AEF503F14302E2811081FC12EA6CD38A63B33035125F40F170C0B0AA45E9FCA38FC6D688D48563B5C4B4B7C359D3C7AE0EFB16ACD5E2FAA47E
311
F8307044B4EBE1C71E84E742D81431FB06B90B600B9C239E277A57C94C427EE10E7826980C0136600D916A06058CBE8604DB4D314FBC014EDAACD0820F14BF75449B70339490FE5A0491221BF95F949DF1235380E969AABDBE2D32EB4403D3FDF17F42F9A0A7C28ED75BE86BDB7C7EC80C76F86B8800F77B305EB88F00A435
311
2E0F8089EF811EA02A3DF08F7DA008F803BE4B4EF5F41E56087099E920708C3D720916444440FDFA013D4E1201414123A09290F5BD7AB729298209C4306D007BB0829FD4EC3A6D7E4F00B67DF38CA0764F832F0448E58439B952CB4F70DF964AFA74CCFDBABBDF273E2FF4F56D3DBFF2A78D42FFF2755DF307066497F44062
311
AADFC0CC546F6DCCFECECFA232E14F408F05477D311B683A35BC245FCF8A5CD2AF20022C21022266905A5BCC8B20235D6FF04019CC04058AC80023662E25F342063165956320BE50370F2A657BACC817DDA3DDD3EFE04028645780A768FE38DBA88BF2EF3ADADFC7FEACA952E5A77568ECF0C971DF32BF1D24F8486B22A649
311
EC81B1B60315CBEFC026091CA45F858D7D04C1B437079431E63E38F880758842E780A9E03791C0FAAFE10012588C3C592FE35461A6047802BA18686887023A422A49599399893103942CF6DA53A8E387825FA0678B261F139F801E2B17C901D0F5217E07AC2401A87D0480F753FBED44FE949C93A1D042B879FCE499B3D861
311
AEB23F9C1F372F0C24D0B7D6E70FE1AAF60F84BAE642D82F0A9F53E22783915518494FDBC0AFAE7DA282E5050B703570E06319A015E00D693A6BEFFAE493941C3B08C13B96BD20D0115A9565701DC58568A3009DA13E965765C03091F0FF339F7309D44F6E61F837F1B1FF920450EB8FC48F9B40158BE89C81A597CFB0DAF5
311
F5755D3886DC13D4479599B583758CBF35663AA234F133F91D3BCCFCE0A794367F385C59B19431780F1C099131384056616E15A1563B50021D369C593FB292685A68A8B2A50A0A2085CF05434617E05FC24A6B077B990014421A68401AC4D65788EE25F737EB780D08A6E38F060F2ABD889E1B889C44852C2FF368C1E3E710
311
D73B6589EA83F7417B341ADA1F639A23D15298F087AD0326410E116C3A1B325218433C71AE62C07C1480F1C045629724A076A4BB8D622D24690486727F56108D07046DAB065000678E04C4F8C342DE27F4AC102D854F2D08D59B4ED0E4F697B0FF62F113646BC5B7F3131D4EA8BF8B265EA3F2026E7061B96F6DF3D993276B
311
2180B8E57067587428579460551049049B074CF8B1066C7E14C705F0B39298C0997C17F701097023BAC31081390196801FB0C2A12380042927503D5A01CA127F9841B460310639C674BC8CDF1A320501448E0068905B07F6E5602F8C1F07786253438CEC51AE61FDB25FF71B09893AC026A9EAE3F30F369F5D5EAEA5801FBA
311
D3C98B38C13EE017B054F81A56F05259DBDA64FE270B1FC4C77200FE276FE814B916E222575ED717A62A92956504605268408CFE13FD61F84252228376060206802B9550F00B9D47E6AF1022538A752CF4FFF1F5931384A9FF8700EDD4FFA2B93FCBFABB3EA6C607FF714B0B8B04EBBE83B52B246092AB018C0D0002FC4908
311
49F1E214AE6FC42009D6D86616C835B65DB9862EFC4480C14137603C3089D0A5588FA27E693DD184131BA4E88C35045ACEF1CDE1A82323C20B842F2419604821196EE8185BC834AD44F8E9B7549A32900196E9ECBBE20FFB4706861AACADBBFD9B56A23FFD3AB8BFACC18B1B5AC0ECD7B6AE2E2E9CCD2BE8AF1B1BC3A813B9
311
4107E82DE67A42E7CC7D4A6116700B5B2EE3C338A09B840F07C40A64800D7C605AC42B72227C4C7020AB1F20056E26F542717F56534261DE3766AC10A6ED2D006DD03BA9DBA507AE0510A8B385C92363B9154167F1230C40D76AF6F3BE0CA08F8BA2FFBBCEFB09D0986550E0F0EAE2F2780CDF850CB0F88CFC2815FE87BD83
311
909F474F45DD47F1C821DB2107A8817FD45384F57891B65F2543D0C1E20A89B4A8DF806862AC27C60F6A054627FD344250718AC0FA21CDC4E28DBF2650D1B39D8B8A420C348A4F846E2BE824BF8C45E1DB8EEB52F576F47A75FF95F90FCE0FD3A7A08D48D5B9AFBE3EA658E1676FE3372FB57F0AD8D70ED4AEBA3D4C2BE0AA
311
F1C3AD63A6004D12900CFC481A47430C9EACB390038642C8C41B13303166614210592736B8603AD4FAB17189DBB32F3915F0C380795A089A15228460BDE8E52203527D41B5470901B088D84FF8B3FE2BA7F4FD30ACAB3DE0B7E2FF95807AB0010FFDE3A048F7360F9F3FB9380EE537F16F8673131325D3351A3F6640220208
311
11A0FE8C019CA17370725CBFF64132025DA1BE2555102212E80A907FB43ED80A991A8AAC183932C19AE17524B06590B6AD286EB99BAD18FF4BD64BAB519202F992A963648ED30E7521F909F090C0213E367A77D8836BEB6F34D92EDA624183070248351F1A079E5D3E7A9EE81F2CE6678F92E299EE312B6C0572C0A7B5EEE0
311
7853612403813152C7125E2022A20C18F855DBAFA399817FC97FB6E1CDCA31D348434ACD0012F0D32A5456B4007E6E92D72B1A4E9971223A42C1042819E4049C0C5801300C0013FA48F8944FBAE71DAFC27F1826FA2304ECDF3F6C10FF47D5C7E49748DDD687DE8E91C09394EE0682A4F84CFD6067EEDF43E67EA46CB2F407
311
0160439245F00343D03BF25D7E2F26FC400A896DBF19FB8D4D0A66DA669C3D608F9CD048A0533621B25690EE19D5D15248E390F042B12C682511B02BFE3E5700E4C9A9B2107A8F45248FA48234FD23005ED1F4EFE80D1320836F04003BF42856D478D1DCA3ABEEE3C68F9F30C3A16E5C238EA5DE3FF37DACC2F8B7980033F4
311
7FAC34421EF0418A045394802CE032D61C70023D788136788613887C0011A4EA316E005718AE191F8D0D841B9C679CD2FC478442D005429166F5A24403B1E6ACF3298F388B6D0BA933D92339D48969A5C11F09B4FF017A9900A4F887010C474717E10F36468032FF33F4AD610517777104CD920C3CD15FC5F3B3A0C75BBCA3
311
B00F2724863C10BCD4A0E00736C7981F2F72E4B001438B99714FCFAF713A2603BC710376A1715FC602022202E06FDEBBC680A3DF1C4C095A12C50B554FE7623B50374FB2129DDEA4C392C9188077658C87F55FF92FFA507FF03FC8DFD3F31BDAB46DD51AEB03F7E1B38B8B87CFF47EA1479C3EBAD5C6B382C221C0F1B358B3
311
9D76D9D3142C4A20935F541E492E0EF081BA41B3620A8E172B584EA1485632E22A8221CEDAC6110AFA4B6D43E2B76A18AB240BB24337721C9321D2C033B2D3E2641A55A400A28403C12D1DADE39AD23FC5FC08C47A64DC3FF6DFF76B5235124022D7E6D6D5F3CB870F9F31C96FE477FAFE54100068A3A87FA5908A2C08011C
311
F31309C10025B089FEF9C510522B8DC07C30AA469841723A10C08E27F00F7FBC181C083F2809EC3B2B328E294AEAD5A071B3A95C81D2DE3F930372D022C9C793535B92FDAD5426E90490C3C81D000017C6494441544698C416520C1C40C71FC204B22448FD9303782FBA67089A1A7D4CE38E89050FEF5F1E078A4DCCFADA05
311
8032C34C1CBC2E1202B1F8962B1A8024F0EB7A11F209E96FB369D4B64202FE7BA230AD24C46413536EAE955B341B726C593B5D4630C0BE822480908522B0D85430230352618DCD4F7BA6D568BF4343801480006658EA3EDCBFFA9702B4FDE9022163C43F9B72B58001A23FCE6F0B3FF0E4E1DDFB9801A6FC42FD0132CC1F22
311
24F89933107AD30B6C9131A53818AE944BE25A70810821C38F098411980E46D108F483DC63F49B91B852351604091D60546702F58A3872A1716411B642C7629C267E64E77719F46B0548FD6BFFFC86A38DBFADFCDF700228C124C8664FAA02BFB1F92B09800876FCE4F2D1C3FB4FD0A44E0106A8DB8079751CBF0BD9340066
311
C3D52BC64706467C05B5A54401BE4A1B0132A55EAC1CCCB10D378A3DFEB9812022327745EF2102886A9142C812A1A2C9708027BB55B7006357459F9C2080E0BC34489FC629510F3017B62D5073E2A2C64048A0A42580E413BA9E08274091A398EA80B5BF31C87BF5ECF8F1C5DDFB4F22AAC181F070AAFDDAE5650C40005164
311
40D8806786D874215149E69ABEC43FF0EFC820FEA112B0522003C84BE03FB76623513B6D840820358B084119B0CEC8C00AE888826339A54091F5FCA513AFE147975BB1A86FC50618D9D74502F0C7C8815AA306602FEE3A5E79E0D7DED1B221001118B73182CD439A092FF801105D1AA14E1918EC282F6260869D5510806598
311
8BD67F68E5581720A708051F7C8070F582389C682BE53F2AFD85853F2A013D21564028E06E79B7A71E43212180A81541EBC88F451E02385100491AB0C4A3BC5309A95911E66D04C0B448366988ECD204C2FC930F8CEE8FA410EE4C25B58DD1B6EBAD83F6196670F7DE635282C0A56A851AB035831725F0471A10FE52097089
311
C80495804100318405F0DFC2136004B4C40705EC9154315129205EC357930035688F61AC02188250CFA9A980233925F16A117A48CA54DAB6400221976B75D863330942E20EE3B00B08FBB71AA813B0E502FD2B023DF70114E0D7DF2E2EEEDE7B789504200112075478F2FBD6897835C91F0C20782401E801A2F9142700B748
311
05703426023A81CC0BE88B537D0003E0C5181D29EB8D83050964DD2580910A1E7A8138F76253DC01DC2F3824391AD748276C0B0CDF12366625D038603D0003E0266CB42704C8CE7FA7F11B4D59C0BF454A78F8FCF1E50513715D469607031272358F04E0003C90107223A581218F10008B10247CD20D860FF0BF48801040B3
311
61808148714764028EAC137E871501EFDD97C89B52107FF1235B0928C562530082573CE137840EFEF82A0BDC602736C595912FBEC69E6A3A26903B3A300C5A098A9E3F1810CDFFBA019D97B4E7A7A075850F2E92569BD960CA7B8304995FD006FC4213BB1448A6F4BFBB3A9F9FC4962D0A1369129B10073771FEDA38B1737B
311
663A71C088D8848027FC3008DAC4E4397A6F76271DFFFCF77D6BD7F1F67DA51E0E08875A6BAFBD6BD7AE52CC04A0B4A2206F650EC412841A48258258E8662C3838FBE21E25172C2A15A4F78D82DCF68A005DCF07047C183E1CE47731BBCCB5469D9169E0D588945BEB637E87802A03D88FB82486210D28FB3B858D13DC7CE7
311
5F5E6F3B03C1744D30CC58C7C7A256146853A05243060B850072A7010CA47CFBF9A1E24F414037B8781E8E9F219A774B36481CB43E48A79819D638C8760D672FAC19FB9D3FC5EA9158DBD0159C27860409682E8FF2595652FE189D2CC2D7C023E944158355806FC320087CC74116030CC376C559C098B93A041C5DDA48AF33
311
827D2327DC761D19C17CC62780D82A170E6CE7415A5E7FE825E053048F88D2AC2A561CA4D4C60098DA28EF1A01382772484698F60C8DD24BF396EA76260542810A625978C03580A9CAB91D10249BE579B0377A3DD15749A45F24C4D81FF3D7D7996F6A1690288008C0FF6CC186DA9D5FC95BB09B1301004B016E707FDFED30
311
6A1BE8FA208828F00BF342186839839F1F6FA338DC5A0200FF383DE92614C03A4508DA18F4D85F9354F7E867AA77A42FF49BBE6757A1A7454448D0BFC3C220714FE43A3D8F1547BE10F0BC5A05985AC3C28829A06FE24CD062700601F4AF12AF99099B08E7071DC4626A97C920C3FF96E190C9D1FD7CB6163E800D79E5F3F1
311
0A9306C02B799E80F1AB380E0571A584C0370A220C3125000B500900D96FEA40409F980E2083E4EDF4D8D2480AE5667222E020BCDAD4EF19682120818FE18EC7FD6AAD67C03F7DF1955E697456F517AC4F24700C30171C67E9168B109A4F60AFA60F98BE30941BF776DBC7C70792A2FBE98AAA97224F8BEA39B47BFD14A8CD
311
03320DA2B676E3AA397E652E30A42CE2987B7DA1EF7F75242413800A04C0270C62A13372400B435ACD84B8B5009208F5AC73EB149FFF3508E21C2201E0338BE07E50EB47E7FF6D97724A601028C5519073E7978EC88834410450E074DD58AD13A4900103A6444A9CB99103229F0EF8C0C78161EBC68137240734CDCFC34980
311
7851E0EB46CE864D2E405ED341B71A390CF2DE20CF5193189E1901E866D0230409684B193D17E2928534D04240937D3C84477494FC5E0FE0B448E35AFC19007926C1C6A6E622FDB8A12E30993C6710E070397C4B26304C0AE38218D19F01FFB15BAE1C0E7E74DF75F2406E373C414E848FF8E500EFAF3C1029C9C0ADAB2313
311
A7426CA9B2C1B9E30032C84EF31A09A88A386F136E8C2F1D582EA0459207015F10F1F001F0B1B7DF7222011EA2001F00BFD36BAEE0850928B08C077030FE3806C880EAA74BCE0863A952812E6008B3A89199C1EE918AF96AF583F1A073B0A355B9D861AF1460DCFB3BFC6B7EFDC834B09700CBED3510E48DC7129041C991F0
311
6BA5006CA6B5B34EE21501374E8DFC910042036111EC9C7CFA1C05D48A7270F7F835BF04A4194DA4CF76CEC66718C84CD020D04C412AC848F03E3C61A1C8D50D0EA6838A00376054D3DF61A0E393E1F8B058A6C994093476D601A4A06F0CFD3C0A6BFA910E75CC10400A80FDA93AC9B5EA4303F6C0D188B559086091CC5910
311
137772E14F2376D03181B5CFE74C0EA38440D0AC256D6C4D104CE05302FCC00B60B9CD4D71E08BD40C144A025E60D4C1F45FE846A2105D717EEA84808A5DD90A168E133640311CF05DD870768683F5D2F1800F485AEBE5CABD8FFA3C0BEB33702493AEB551B1EB035EF5C8E5757FA7832141F88E8578A363802B560007AF93
311
D7D470B478C4D00B412D634C9140C4F9275C00DCE8DFE3C7F8C0AFBC5B2CE82E3C3BDF393D4375D50C43CD1C17E3777CD2C170725B7B42B41DF15BFC344DAD089C1E9118522B4A2C60B794E4E8F33081BB7C8CFCEEA0B2015E49D586429C6C78646180B7710E06018A3082243C275F077FBE412C17DE80D3E6B9462C5204C5
311
D980D1DF84A864401C483CD01B143F4A4868087A0F780F37230200A4FBF6AED325114C367C22512750A5C7C3E32D545CE20A0904183BA10015DCAD89864B3E1EE97EBAE8B204266A48E010511838E2FE413FB116E60880C2D8440AC3880DDA6DF6618C138CF1CB2A09637E18D00F80CB0DC05322E31EADB8081C29410903F0
311
6BFCDF5AB46024E4A75828056440503C707856EF0C037623DD4922A400E8A6BD75E4D2800905F18450A00CEE88860C8964C7B3F90F56528BA18F71CFBBBCD2D05797E168FC37DB26DBE0DD2EAEF39686C18440820013C1444055402A541400DD362A0A402F1FE51246404E098249FEE30708C10CA0B54601053159480C00BA
311
A9B1223A773234FE72FD5C3BD81804D8D196FE3D5315A0C981D88D04FA01DFC185CA93F9120E1F480B08063364A0A318F08DF95056E4C91F1150D31B011200383502E079EE43CC18603AE2F88FD139C802A739F208E88D06DC78267C448C27C4113C19B0F51B0E9C1C021CF8F9167C6B1F2E10E461002910105D1042792D1C
311
A303F469714C018C23D72179E165049C40E801CB96CF334562E5807291D1E0C70FE6CAD91656715F0E5C5E70F8D7F83290549B1BAA6F781D25180EBCA93EC84E72A74081CE3020789B3790E1A9E478E658C099BECFF01E530E80EC5FE31204ACFF70AF8177A03059240CD074978A002A878BF883FEEC81DD684E406CA630AC
311
FDE87292822A11953710F000885D6F68A67ED40CD772B0828359B753F7CE23D9479AB9845771B389D6A77130F8C134EFC83947392029B10E4425440A84AF0E54825228FC1634D369874739C837A9DDC83C20D320C36042610ECDFA750303710224D01202488012CA847424F8D53F78AB6BECE9B3B35A7F32396AC6B7444566
311
327DBB4DF06FD9616744F4D3A397EB3B0A3FBA8D763702883ED742FE5CD24146D8E353ACCF811C806AE09914D8446E93840FF4D6C963FF32BFB6AB015D1D3B0C9A0968776F021F21404B6260CF84A14F35180CE20B5E85BDA2EC91FD5A7DBA7E5705F4F0F97AF26CE18E3BA078138202400A62930FA6CC7882F911A92F33E5
311
47E64990B0F27323D73B6222863F86425153FA8009361C675554C25382CE148420C8DCC47A20122806CA178A0918C14CBD33440289078A00EC6070184CA9907FD0A1270478E0B325B67C2193694EDB7DD0F3C238447C8A11485562FB4902134E6AC952FD5320A4F7C780882DA9684285CD81D278C0E8FF8DEC9F45D22DC3C2
311
CA99C2728110888799575B6834BF22B0F01EDE72D7F21B672C40F0A972999E2200B7C91403F9BB3D09C01990819238CBAE5E7510D7D57450507E3DB04AAA0A3C280064E0775380C8C16EEA4834346A04BF0CE847B4B3AF760D06D24BBB267C32E2C9257DE5EB748AD101AF1FD33265E2B674EED8C01A0AC901392211011AC8
311
10560F77778E85B13BAFE3E25C95B70919A4862C15928BD8989664AD8638101D009A80F00BDC41AF27602A4BDA0C077E550048E7F1011410F01405045E1C140B4D0E70E0F6E034171C3D6FD12004FCC1FA304312518910356628A4A326EC9ADF5DFFD1B2C0399503F14B4F8E3E0E4E39A06ABCB56A8014687E86E462BDDE51
311
24615ECDB412B7314F62E6E0C76ADEC0F717B360E741960104CF1706CFA18E0605004B01AE007869B095ED92144A807841EFF2811C047889A04901C809062057192688C92346F97F279449F89B113500BAD282D1DA80A55C27EFFE02C8D4F395003F285B617BBF0831F49B055342DDDD414378E8888E92C16789F269A27C9A
311
221FAA4A0DFDDB9F935B2ECC04DC51481558A69301E0460B02665AC4DD30C03D480866C3409400051811876014C0F294C542821AB045011A3E3F09001FF304E3A0BED05CC11A811B865001769507FC01ADC611F400CF68C7B093606E30F3C7E0F00C1D10C31951C1E2D7252181DA00345842A19130715C736EC9ECE686A712
311
FDB31E4D3E50AB336E5666D7B212C0113C4A4406029709B43D0228F3FBAF49921B19CA0C82A2D5BC4A2079809240F37D3E10F9637607C3983F0458508A98B8B4EFC92AC13530180CF55359500080061DF59B98BB3FEACEE881DC8127F182A885A86FB12B43C590A4380504E32305E3148BBEEB2D2782029765428092545BA5
311
C2C681FC5F8E869C0EE1034A822FF09A12C94084505AA868080303473F8161F7AA0A6610745E280BE4427FB770106F8800EADABA19F453210435BDB2348471B13B65F2FCB554827632C4C44467333E4127095D22092ED492009930413251B5408345065065E415266E20279A40B3F520370BE2050C8360E6BB4601C1673B9B
311
FE007EF5200B6483CD195400A783E6DEA0653515B0FCE8E86D1618FC1EFC15C2E727F24F2A2DAB57326D8D0877D4E298894E7A0C3C7D9CE8A0E2D17AA2020FA1097D6372F2A9F955060FDD467AD0426368C24A8340FD0D6687A76316DEF5179ED9042005A2BF02A5DD810A4DEFA4A8F700EFC50FF4FB8C06410F0303C106AD
311
F8852ACC6A2CA9046E9ED070739339857222CC009E206479886EA26227BF7A341A15C351A8404A6C10080A2140FA4B4E8D9B9A11645899332363FD69887F436A660566964250FD752E787B64BCF8E6C8190DF8EA0C854C062D8A5A1346F810414313E606ECA0AC3A01D6928544029D5F42E202C0CB386F880F7842A3128706
311
1F32F3CBE09F2950783394F2F2B23D85386C6F51943E99DD10C8A0000BA9569A14805693274BD0E4F4DC3F28E331EEA91C4F33ABE057889BFB92819187840A08E57A276A8BFCB75B0342668C70C565C8059996D209C2800941A21FB82B2F520BC2E6FE6F1A8827043DE17000DACC8193E78BBB8DF1467978C06F6AFE986123
311
E3A95272CAC122046F4C65C4B88FED2F1CD1D918F7CDBF8903BF1A90057D42F4DC133AF804ACBB58446A0DB78806FC053FA1E45D0AF1112613CC0DD976C5E70AD3282F42725C0D02AC8588DE451B1C01ABF063E7748A3882F0DD484BB78D037F9812240EB88B6034C0AD53E5116D4C6D920C6A89F084E6D0598AD7EB6930CC
311
7B293E27A666E5CDFE9A3FA52FEB3C97976FDAAE9A60008FCA6B33099CF9880D35D419FC687D424378E3099441E110C5B3C6DC311E6653514A67A530D863326C4D8430E0C28024803B5B069B0E60C10EDB6DF087034171DF01F1F3404B27B1056D8C0E56E7CA6056E7798147BE4C2F01CED5987E413AC6A724876DE3F599E0
311
601CE7B9CEF3BEB3671E12DCE8AF9631B8031D3F360B6955DC2342B2A0E4632A00264C0DA002220CFEC3E10D9BADC8904D88DC51928593AA16C91DF6FFF82B3234404C7214D0F8608E0052283EFB2B0563F1D072936C4017706010BCF1B16CDE0C1FA9C777E44E1F5259B0C9BBC8794A82A6C182A3AF56B16921405351FDDC
311
91B5BAAA617860E8D76C97C377FE701A4EB4378FA97C2C8E3CC8950886C6FD93AF70A1F5F676B7ED16CBC56AF5D09110EEB8607CC08A795882358280DDB98AFFE7087C6EB593D62F041CDB4018935238E73F1098100D0C8769818F777057F64C703C6530E142FDF5C837AE1CF66C94C4887D3A3726AB990DEA248F73B5D32C
311
8E04F6714B1E67C53FC52040252E605B322407CBF8C7F05453462A295ABF4D95592DDD76AC23512E9A2DF964715C80DD752CA8E263AC36F02C3C28A133EB22AC8D099BDEFDE28C3E8FFEE3815D5D00C17C00511058354D62443C1A546280E43572A9C661A34FA5891F8E7570608C8DF21DF51DF9D2A84D4501F41B8CD4F4C9
311
DEB2F901E810C0E4CEB6EC08DFB06341C864CF8D0EEE779A606545E1E64AAF30A4324C20FDD3BD558BD966BA994FA915CD162B1978642AD01694E533EC190368A68234657085B5F88E27A0805E04B8BB6A00A51646EE3C10A50FF007FF410F1963CA69BE2002F0F902E701AEC995FD41F83A3F0C3809A3288A083003A6CC2A
311
20E6D703EE48E3777AC07ADD51EB6101603A9FCF17B3D5928F6D742EE7E4CF38AE2B03C5FB39C81D7B2978FAFE85AF3D2710B0582C970F0FEB0E4D1103B8BE2B4D560CA10002FC8F334C891C07B44FE06B2E3ACE5E1E2D1FC32203110ABF9CA0E8381F68EC3C06701328E5A38278A5FCD944CEA5283DA933DF2A2448BD23F1
311
C5D8BE04CC2DC3B43B3EEC29F8B5FF926D11D3E97EBF7FA1BD1E5E5F5FE6D3D972F548547783146ECD84873F377C5820F7F9FCE5E07378D6CBCB7E036DF7F7104079A05B77C6942D1BA95D47424BFC3DB6411009A42E207871B7EE9B06614BBD20F22F7523FB985F3F7068E37600273A3ED0C1CCC380F6EC4AF01CC1CF95E4
311
848B7BF950AD14C44F10460221E02D21D01DAE800F323704C00035DFE97CB37F797D3D1C0E4FBF35EE1E5E9E0E879FBF3DF6F474780A01FB3DAF01FE0C0798218007C2090A3008BA7682A338F4A8804A06CBFE6A80CEC766F49853F15B2F45FCEA3F8250012841315016E75E797EFEEC4ACA6C79F515CF1738F7C36E240607
311
1051043817C9E8C5888D49D0332E800062FF54FA562BF7446CC0BFDFBF8603D1FEFCC9F7FFB5A7F000430755C2D3F72F2D02A022820897ABDD44594475BDCCA4A10AF34C06B08B4AB58BBFAE30999DC66C7CE903A83CF8EB006EEEAA063430F84B05F0ECF644825F5E95073870E72A0771AB89B080022A0C5A9FAF34C89286
311
257FB7BEA000EC65B59750C68E0815B0D9834B15606328F80709DE09018AC2A7817F83F96DB3D562C10A0A31300230CD4200B87F85808BAF64D04600254047F9C14DE93464009E7F5AABB4FDD6D55142A2C0BF1541FCE19C20C899BF4F76AB54B84CB97F88F48ECC029FD253F0C70DF4816B9AC94BCBD653B1A283C4001A03
311
37955E4AFED3FB790B6B1F5EA0B5514074103A38D84280EE0F5F9BE974EAB2D16AB1EA969684B6E4166CA28264B300474C7308D20013B204A65F82970718D05678B3315D442E1C0A327E2F56556040C005D2FAB1326A68A07507C9E46A3648555A7080F5F50219A00E6222E3E0862CE95B5680930530742F1D041805E69B78
311
8161F015944D041182B861A2C17F3AF01CF5BFDF6C343F9171F5B004BF59C016719164B888EA206A02AD05E8464D06B48E4381A0E9345FD171625AC22198F57C003BEA5510F81FF78D31C9B033D0030000000049454E44AE426082504B03041400060808004D710A5D28BB58AF800100009E0500003D000000394642443831
311
41352D454132462D343842412D413532442D3030424534303634364344322F536368656D61732F436F6D6D6F6E536368656D612E786D6CBD544D4FC23018BEFB2B96DE15493C78601010A34B880709DEDFB52FD0D8B54BD70DF6EFED3AC0B12E6442E2716BFB3CEFF3D18E26FB440405EA8C2B1992E1C323095052C5B8DC84
311
2437EBFB673219DF8DA659866649B798C078B48AE6410122242F2A4994AC7F93815DF85C049C8564CA0A901499DD886B2EB9B1E02448F358701A9235880C49A0119892A20C89D1B9FD768815CAD268CB5E0355B40B1E47F3E37A2020464BED06AA57CE8FCC20C3C3446D46761A2632A8C1283D07031EFF2AE7CCB1BFEEE916
311
E406DFAC8E36FFD99A9D60A6944090EEDC3B670C7DC13DE86B6B2C5C240D6E503BB85ACD579D513F1B9F9A69DC9CC22AFA80C426D40AF0B21EA168559156B6276F0F726A6BFF04DCD513A87A62CAD41FB24FCB2858B3952E3D852084DA25B9303C15687973CC8E8AAE11DF2836C38C6A9E765E8C1BA1BFB1DC29CDFE518C8B
311
5A7655A4ED7E77291ABEB80DBD82EC866ADE1B8D05AF9E35CF09D7A061F38A986D9EC412B8F0F65E5D81534D9B231D1E5A8FE577A241F3A5FD01504B03041400060808004D710A5D1004A04F380500005C1700003E00000039464244383141352D454132462D343842412D413532442D3030424534303634364344322F5363
311
68656D61732F47656E65726963536368656D612E786D6CED585B6FDB36147EDFAF20F41EC7F69A2005E214768278069665709ABE0A3445D9DCA80B44CA89F7EB7B0E2FBAC4B2A32643D10E33505411A9C373BEF39D1B2F3F3D27926C79A144964E82D16018109EB22C12E97A12943A3EB9083E5DFD7239558AEB07B6E109BD
311
BA7C5CDC902D959360CE535E0866DF07A7579733AAB85D5AF234E2C51DD5B081CA7A87DEE56E47E2D6689E735AD0947194500A22A249308DB6F82682A3782C52A141BD80E4E54A0A3609622A150F48C16994A57237097451C2DF462738529D3AC5FCFFB5B401988BC78824973CE1A9A628D91CB968BDBAC335B9A4BB379C6A
311
BF5D2474CD7B9F773F7F78C349F055EF13FE2CF856F0A7379CE2BEBCCE6456F8E316A9E66B5E18E4AC77BF5812F5937FDEF0F5BFE3E3C785576D96659253EB54863A87AB5D98ADFEE24C3B8E38FE48BAE2C062631799EDC8BDDD833C6E88585B9287340B23AEA990CA49B1A473421E81F856D06D9125E45E6F001C4F7F85D6
311
DECA8C6A835753A250DA50DF92F743409CBC3BFA4C6EFCE2618D302A0CEDDB264D93950002937BC66489A18D0A345DD650415124BE376A745EA9F0E016108E328D14C979C1302CD6BC0A4191B2C2C49112FFC0DB51401288D6A44C26C1B87A160AB6A11E5BD862514BE8B3DB750607BABFF6F781D6A74EED6EA7AC28FB3BA6
311
8C87AC94B2138A99DB41AE7147A71F56659287340123812054CAEC8965690A74E111C5BCA7260158B0963EC50C07E38FEDDFC5C5C70AB6A915F446D44E46C321E46087E23E221E2BC0DA6EB440EE6F44E80CE5AE2E2D2F31AD7AB71B8B139AF730773909401FE0D8DC3FCCFCC3D438DC1176062076C3CB4A9D953ACC72CA84
311
867CDA0361E0910F4EF3B109A07D332211C72556825745A215835F47678059E337068E3ACB0E2EA2B507175B0818FD1082EB4D26186F85BAD33464988F1420E1B9E43D522F8452A450106B04F01362BFF1B2BF5059B60F687C9F663A54396722163C7231012E7480FE916910E6572B6D8F4A54CBF92C5CD324A163C8508058
311
D3F16A399B13B348C6830FB5FD47257A1B8D2CF08253EE776B3A72D782D895363D96020B6C18D3C86359B3C6D45E728B4B9D716893D091E4D533045F495D2EFEF633FF5A660A520A5790765FE52E12F0AC82685E7FFA0398D65528850A132894DDE9F837B1DE48F8A74D487795A482C7122A6DAE377BDC5DC212A465ECD8B0
311
3E7E2E208EC88DD9DA89456CFBC477FB798C74389668AB1A75C820AB7568FCBE0B5F94DC9AFF0D038D9F77E49D45B8278FC7177D0DDCE732FA0BCDDB42720FA90E87115FF76375C5696F368AF83103F6A5911FFF03561EE06AD10ABE933AA9DEC398588888137017449E09C377051FCAEED1E8BC3BFA9CB27DA2CFDBF53345
311
9F374FC0C4FDECCBF3E06CDC6874E0710421EEAA6CEDBFEE60EB913607436C3F5BBF713F6F42253B9A4A0FD64C08416FA986EB02254B1846D82E7CE2584EBE31E340E9A8247483F07D5B84AE3A5AE0D4C5B202EE585468BA84105B1F5EC00C16FADB133FB7399F390FCF245CBF9027A137FD26D1D651058D44D9B331A93985
311
CAC2046CB4ED9E0314977128A42C13DB06879A273052525D16BE833B8706BD1269FA69F2B9B109BB55D30D37679986D85848B86F026CF21E74809100180B0D280C36F6015A7DFBD06AEB6F8D503BDCD7DD6DABBBEF54E1FF5EDF0E3AD53C03509B5B816FE9F51BC8026F44DAB82BA989F200C4220B24166C3037854094FD46
311
C5648D9C42F8B07E53687D824917FED3CE56F3FBA68BE3C6853FCD64F4A00BB85831B1243346654A134805AF5CF39A9DFE22C9906A6EAFE8303A5F4AC4FBE637489CB62EA59B9D529255F326CCC28ECB77F812A7D6E63DF957504B03041400060808004D710A5DF702076DC3010000E6040000450000003946424438314135
311
2D454132462D343842412D413532442D3030424534303634364344322F536368656D61732F52656E6465724D6174657269616C536368656D612E786D6CA554CB4EC33010BCF31596EFF405481C9AA2A64851255E4A816BB438DBD4926347B15BE0EFF1236982021512B925E39D9D9D59677EF3510A72C05A7325233A1D4D28
311
41C954CE6511D1BDD99E5FD39BC5D97CA9359A0DDB61098BF9CBFA961C4044344599637D0F066B0E22C074BC98C7A0319C58A9B254B2435ED23BC2F388AECB4A6089D280B18D139496815152EDDF046711DD82D048498D902B293E236AEABD7DF74D5D839F69EE1D9F48E1F3BF448FC9E6BF144F351E38BEFF9D662D0D1658
311
7B77825FAF2195BF515C395B563BC5197A0AE68DCF363BA831CF7C7C8D7F0DA23D42898037B451BA833673DA92BC82D87F636ACFFB0CEC96F4EA30EF9A0FEAB85D91CAED89348D80E9B178DDC3ACFC71D06F2528A182138DD8672E4DC6DC57CF91467432BA985E4DBE3DB399079353607C0A5CDA0B70D4E65A122FA41BAEEF
311
6C272908D315B076451BD55EB0FF9E092E11ACF8C6B5306028F9D5F15EB95426D31532BEE5D6EC700FBA0C1E94211D7ADC8341143D429D2671564059C2EC72108B4EE3847890CC4697DDF8A708DB01FD7AD8209A41EFC2DCFD7063A504821C7869545188D6C16DF801342CCE6B276363DC8EFA4AFD0E86ED0677C3B77747C7
311
FD3FD617504B03041400060808004D710A5D5892BBE151000000570000004700000039464244383141352D454132462D343842412D413532442D3030424534303634364344322F4173736574446174612F41737365745461626C654F66436F6E74656E74732E62696E5361606070737336B7743533D635753674D2357175B6
311
D0B5B07436D27534357135373374B17034771202AACB4D2C492DCA4CCC492C28484D2C4ACC4B4E050A82012F90744FCD03CA26072767A4E6260200504B03041400060808004D710A5DC55C663656000000680000004100000039464244383141352D454132462D343842412D413532442D3030424534303634364344322F41
311
73736574446174612F53747265616D56657273696F6E5461626C655D8CBD0A80300C06F73E4B29FE6CDD8A2E82A083B8B7F209014925C9FBA3AEAEC7DD2555D896CB85E51C2A1BD834F6A1F56EC4494C4695278364ABB24ABD2146F88CCEBB89D5321FF8F3F43D672A3B44DF3CB6A1710F504B03041400060808004D710A5D
311
02DE8AED340100009E0400003600000039464244383141352D454132462D343842412D413532442D3030424534303634364344322F4173736574446174612F636E782E786D6CCD94316BC3301085FF8A1174B4259B124290154ABB646AA1A143B78B7C4E4464C948E7D2FEFB4A898796944E19B21EDFDD3D3DF44EAE3F075B
311
7C6088C6BB96D59560053AED3BE3F62D9BA82F97AC582B19BCA71F182B1C0CD8B25C664AEE839FC6B9D4610F93CD556BDC712E3EC488B4859DC5E7FED13B42479115DA428C2D8BFA8003543091EF301EAB0E08AABA0A18FD1434A64964069C27E98040D831D58866518A65598B6D7DBFAAC5AA59BC4B9E492577DEDB993769
311
59F0E35D23F4792F5342F20C2839053353F9354CFDA5B2DA19277922958C14922B73077D8DA903C6D11A0D94CCE35E135299208441F233AC24CF2EFCF2E2097BE34C6ED92469403EBC248118C8E00D7AF29FDAEB7BB37191C069BC65472E355EDF87D7D32F7A3BC7F2949BDB4BCBA5C62BE4849F4E498A4DBE2CEA1B504B03
311
041400060808004D710A5D14DB05DBE6000000600100006700000039464244383141352D454132462D343842412D413532442D3030424534303634364344322F5265736F75726365732F46464337394536332D354331422D344543382D383943322D4135344537363144384137422F7468756D626E61696C2F302F636E782E
311
786D6C4D90C16EC4200C447F2542EA318144D56AB522EC4FECA997CA25DE142DC1084CD5FE7DA1E5B0A7B1C64F9667F4F5FBF0C317A6EC28AC629E94183058DA5CD85751F83E9EC570353A11F11326860007AEA2D9C2E83D5189DDDAF00EC537D7BBF0E8E68E0193B3EF31EC62B01E725E45B69F78C0048569C3FC98366098
311
E62961A6922CD603EC0EEC076C4260DC8459D4721AD5799CD56D7EBDCCEAB29CDEB46CA4D11F44BEF32E30268A2F8BB254C750FF515A36C0E8925CA75A08619E9ED3B22E8DCE9C6AFE0EF14FAC10C4E89D05AE3549B28C3C5608E1D0F21F365AB6BC55FECAA8DABA31BF504B03041400060808004D710A5DA233C2345D0000
311
00800000006500000039464244383141352D454132462D343842412D413532442D3030424534303634364344322F5265736F75726365732F46464337394536332D354331422D344543382D383943322D4135344537363144384137422F7468756D626E61696C2F636E782E786D6C4D8B490E80201004BF42E6EE76F3C0F216
311
234B883063108CCF170C074F95AE5473F5C4C06E932E4F28601967600677D21E9D8092EDB002539227A2FCCB80E1168D80A6417297A89C5D6963B7129A0D1E8F2EE73AA7B62BBEB8B27DE50B504B03041400060808004D710A5DBE89762363000000880000005B00000039464244383141352D454132462D343842412D4135
311
32442D3030424534303634364344322F5265736F75726365732F46464337394536332D354331422D344543382D383943322D4135344537363144384137422F636E782E786D6C4DCC3B0E80201004D0AB90EDFD75167CCE820A4A845D83603CBE602CAC26799919AEEEE0D965E2E908050C6D0FCCE04C8BC355404EB6198129
311
C92351FAD580A10E464065907C8D948F8F166375F655BDC3FDC3B4E530A176BE7057BDC43B2A593FE403504B03041400060808004D710A5D21DBADD17F000000A30000003600000039464244383141352D454132462D343842412D413532442D3030424534303634364344322F5265736F75726365732F636E782E786D6C4D
311
8CD10E822018465F85FDF754940A6E8053C2F77089CE89D0485A8F1F342FBAFAB6B3EF1CDE7C368BDE26BC16EF0490D30590710F3F2E6E1610F70933408DE4C1FBFDEF06C80D9B119031483E071F9F071ACD34449BA95DDC7AC0BE57B4D6D50D978A74B8D08A6156AB2B6ECB42D38ADC594BBB649CB392E6D74B9BF3F20B50
311
4B03041400060808004D710A5DD28D993F0B010000550300003400000039464244383141352D454132462D343842412D413532442D3030424534303634364344322F536368656D61732F636E782E786D6CCD93316FC3201085FF8A85D4D180AD2A8A224C860E9DBAB49DBA51B82428C05980ABF6DF175C8644EAD60ED9E0E9
311
D3E9BD0727F69FDE751F1093C530918172D241D0686C384E64C9877E4BBABD1411315F60A40BCAC344AA4CA438465CE6261938A8C555D5D9706EE2037A8FE1459FC02BD269A7529A485AAF542D190DA433352A2B3AD0080997A8A14CC8D6439BA023A80C86C8918F9B9E6FFB81BF0EF7BB81EFC6CD9B609594E21DD135DE86
311
0C11E7BB916B2CC7500C71C12A20C5126DA36A0A222FDDD1D28760859022E5585A6864FE9A0BA9E6D959AD72298BADE00F2305AB61AF223F428068F5AD66BEB2F76FA19F2118884FE5A5A255EE56B3FFE6F26F15B07503CA37A80B21BF01504B03041400060808004D710A5DE3603EBE7A000000C20000002C000000394642
311
44383141352D454132462D343842412D413532442D3030424534303634364344322F636E782E786D6C6DCD410EC2201085E1AB90D9DBEACE05D09878023D01A1D34A8419C380F1F82DA68B9AB8FDFEC93C3D7C52546FCC12980C9CBA232824CF63A0D9402DD3E10C6AB03A3397DD192872090D3406ABE7CCF5B5D18893ABB1
311
690CF4DCF02282E5EA8A5BB96FFE536F285CB347F95BEFFE81C9ED5AFF9D5B1FB575BB00504B03041400060808004D710A5D1678E2697E000000A300000007000000636E782E786D6C4D8CD10A832018465F45FE7B37138B066AE8ACF7886521330D57638F3F1D5DECEA83C3770EEF3EAB476F9B5E2E0601D58500B2E11127
311
171601C73EE3165027798A71FFBB010AE36A05140C922F291EDB89263B8F872FD4BBF03CE16DD0A6AD548D7B4507CC5AADB0AAA9C184E89E9186357743B3712D4A9E5F2F6FC9CB2F504B03041400060808004D710A5D1E7A0675A400000032010000130000005B436F6E74656E745F54797065735D2E786D6C95904B0EC230
311
0C44AF1279DFBAB0400835ED02B8011708C16D239A8F121795DB93D22D20B1B467DE8CE5BA9DED281E1493F14EC2A6AC4090D3FE665C2F61E2AED883689BFAF20C9444F6BA2461600E07C4A407B22A953E90CB4AE7A3559CC7D86350FAAE7AC26D55ED507BC7E4B8E025039AFA449D9A4616E739AFD7DE8C8338AEBEA54A82
311
0A61345A713E0B17153F7257E37E705E3371913892B25F02FEA0F1FD83E605504B03041400060808004D710A5D3DEE336E64000000790000001B0000006175746F6465736B2D64657369676E2D7061636B6167652E786D6C35CBC10E83200C00D05F21DCA56CA76D41FC96062B120735B69A7DBE268BB7777961F8D5AF3968
311
93C2ADB70FE7ADA196782C2DF776D7A97B5933C430F15651E5469C55D70F80A4992A3ADC954792C525AE70A1E4D6AD9816CC044FEFDF01FE3FDE907802504B03041400060808004D710A5DCB86D44BF8000000960100003700000039464244383141352D454132462D343842412D413532442D303042453430363436434432
311
2F4173736574446174612F636F72652E786D6C8550CB6E833010FC15B477831F1181C8380AA2F9829E7AB3C02156828DFCA8FAF9B50395DA534FBB9A9D99DD1D7EFE5A9EC5A7725E5BD301293114CA8C76D266EE20861B6AA0380BEEAC0DBF685018B9A80E320C82CFCEC67587466B8232193576523B28BD57018AF1999A0E
311
FC78578B2C650C89E11FE52AC7879C5549CA8D27788C7ADAA57A4A6EFAA69503D162CA06FAD6A2E188077460AC41FD956054B77DCF2ECDB1BFB29A57592C78D0CBCFF6D12919D40482625A23DC2082DFC9E144F089D61FBCCA4CC17D70E9E77D69FE0EC4255F3DC82079B54DFFB8C675FADF356A1318DD5D37850741D291AF
311
81E0554E29955784A9E644C537504B03041400060808004D710A5D73419131F30000008E0100006800000039464244383141352D454132462D343842412D413532442D3030424534303634364344322F5265736F75726365732F46464337394536332D354331422D344543382D383943322D4135344537363144384137422F
311
7468756D626E61696C2F302F636F72652E786D6C8550CB6EC32010FC156BEFD83C22C78930512D375FD0536F08888B128365A0EAE71762576A4F3DED6A76667677F8E56B7E549F660DD6BB1E488DA1324E796DDDD4438A37D44175117CF53EFEA241E5E46C7A2830083EAD3E2D3BA4BC8BC615D4796D765086602254EA919B
311
1E82FA30B3AC658A9911EEF522D55D4EA626F5C6133C25AB77A9D5D9CDDEAC59419C3065237D3DA1F188477460AC43C39560D49E8681BD74C7E1CA5ADE14B1E0D1CE3FDBD56A64341A04C5B445B84304BF91C399E0336DDF7953988287B8E69FF7A5E53B1098371BFAC72D2DFA7FB7645D647477DB140104C9C73D07823725
311
9D5C9ED1E55A9214DF504B03041400060808004D710A5DAB48E549FA000000960100006600000039464244383141352D454132462D343842412D413532442D3030424534303634364344322F5265736F75726365732F46464337394536332D354331422D344543382D383943322D4135344537363144384137422F7468756D
311
626E61696C2F636F72652E786D6C8550CB6E833010FC15B477831F112191715444F3053DF5E68243AC808DFCA8FAF9B50395DA534FBB9A9D99DD1D7EF95AE6E25339AFAD698194180A65063B6A33B510C30D35505C0477D6865F34288C5C540B1906C12767E3BA43833541998C1A3BAA1D94DEAB00C530A7A6053FDCD5224B
311
194362F847B9CAE12127559272E3091EA31E77A91E939BBE69E5409C30653D7D3DA1FE887B7460AC41DD9560549FBA8EBD34C7EECA6A5E65B1E0412F3FDB07A7645023088A698D7083087E238733C1675ABFF32A3305F7C1A59FF7A5F93B10E11E970F23F5CCAB6DFAC735AEE3FFAE519BC0E8EEBA293C08928E7C0E04AF72
311
4AA93C234C35272ABE01504B03041400060808004D710A5D792EA5870E010000B10100005C00000039464244383141352D454132462D343842412D413532442D3030424534303634364344322F5265736F75726365732F46464337394536332D354331422D344543382D383943322D4135344537363144384137422F636F72
311
652E786D6C8590CB6EC32014447FC5628FCDC3B1718489E2D71774D51DB2498A124364A0EAE71712576A575D5D34CC70B8C34F5FEB3DFB549BD3D6B400E70864CACC76D1E6DA82E02F9081EC24F866ADFF65039991AB6A419281E0D7CD86C72ECDD67865926AECA276513AA73CC8E67B3CB4C0CD1F6A95B90C3E3ADC2D7FC8
311
F926AF2AC7F9CB2778087AD9A37A89AFE98B561B100D2274206303871A0DB0A494C16EC208564DD7D133ABBB8956BC4861C1BD5E7FE8F3A6A4570B1004910A2206317AC3E511A323A9DE79919C823BBFC59D7768DA0E8869EAEB66AC283CF4B883E5D833C89A9EC0F3A11CEB0A0FEC5C77BC7805FF00C363F91F18B4F194EC
311
C057C20181E3FF9F178217A9C0389EEDC699CA16DF504B03041400060808004D710A5D5FDAB316FA000000960100003700000039464244383141352D454132462D343842412D413532442D3030424534303634364344322F5265736F75726365732F636F72652E786D6C8550CB6E833010FC15B477830D112191715444F301
311
554FBD596643AC041BF951F5F36B27546A4F3DED6A76667677F8E96BB9179FE8BCB6A607565228D0283B6933F710C38574509C0477D6865F34288C5CB0870C83E0B3B371DD20654D4093516327DC40E93D0628D43D353D7875C545963286C4F0B77295EA26672C59F9E4091EA39E36A99E929BBE6874200EB46EC6FAF540C6
311
3D1DC9AE693A329C1925ED61189A976E3F9C9B9657592C78D0CBCF76E550069C40D4B46E09ED08A3EF6C7764F458B71FBCCA4CC17D70E9E76D69FE0EC41B7A1B9D42CFABE7F48F6B5CA7FF5DA336A1A937D7A7C28360E9C8C740F02AA794CA23C25473A2E21B504B03041400060808004D710A5D616100C5F7000000940100
311
003500000039464244383141352D454132462D343842412D413532442D3030424534303634364344322F536368656D61732F636F72652E786D6C8550416EC32010FC8AB5776CC091E34498A8969B0FB4A7DE1010072506CB40D5E7176C576A4F3DED6A76667677D8E56B7A169F7AF1C6D90E4889A1D0563A65ECD8410C37D4
311
4271E16C712EFCA24161C5A43BC83070362E2ECE3B249D0DDA66D43AA5775078AF0314F2999A0EBCBCEB49942286C4F08F7216F221465D9272E37116A351BBD4A8E4666E462FC04F98D6037D3DA1E1880774A8EB16F557825173EAFBFAA53DF6D7BA6155167316CCF4B35D2E5A04AD80534C1B845B44F03B399C093ED3E683
311
5599C9990F4BFA795F9ABF03FEB6DEE959B5CDFE78C659FDEF198D0D35DD3D3785074ED289EB80B32A6794CA1A60AA394FFE0D504B03041400060808004D710A5D8AB28C0802010000D80100002D00000039464244383141352D454132462D343842412D413532442D3030424534303634364344322F636F72652E786D6C95
311
91C16E842010865FC5CC1D05568DDD201BADBB4FD0536F54662DD9158C60D3C72F569BB6B7F604F9F9FE19FE19717A1FEFC91BCEDE385B034B2924687BA78D1D6A58C29554909CA4989D0B3F3048AC1AB18655062986D92DD32EF5CE06B4AB6A9DC65D54DE6380A4BFC74B0DBE7FC551A56A0991F0B77452FD4D0D98B274E3
311
A40866FCB2F633AA801A24A7BC24B4228C3EB1FCC8E89197CF225B49291663C381EFCD707C419DB829C448208B83C8B6E7882D46EF90D1F193E66A7006F97069BB8A35053937FC42F2AA6D4853F08E50DA9E735AE6E563C763916896C287398E662FB20EE1AFF6CDF82BDA32E97F46DB1C1E24FB0E95AD739622FB5C423CD7
311
9DC80F504B03041400060808004D710A5D32D5F49A07010000B201000008000000636F72652E786D6C8D50C16E842014FC15F2EE28E0C6D50DB2A9B1FB053DF5468575C92A18C14DFBF785D526EDADA74766E6BD19869F3FA7113DF4E28DB30DD08C00D2B677CAD8A181355C7105E82CF8E25CF8250364E5A41B4830083E2C
311
6E9D77A87736689B50EB94DE41E9BD0E80FA313E1AF0FD4D4F32936B880A7FCF66D9DFE5A0339A6D3AC183997E56FB45CBA0150846588949852979A38713252756BEF33C29055F57A3762BA3A2BBB91ABD80A8092B3AF65AE3EE483A7C288A0AB7174A7059B76DF1521DDB4B51F23C2D0BEEC312FFBC1F893903F2F2917C79
311
BE51827F3837EE82184A2167C72F1084E789F8137A9DD53F421B1B0AB61FDC363C081A033D89689C1A8CE3596F9CA96DF10D504B010214001400060808004D710A5D2EB04B7B29010000A80100004F000000000000000000000000000000000039464244383141352D454132462D343842412D413532442D30304245343036
311
34364344322F4173736574446174612F446566696E6974696F6E4974657261746F7250726F706572746965732E62696E504B010214001400060808004D710A5D07816FDEFA0000003002000045000000000000000000000000009601000039464244383141352D454132462D343842412D413532442D303042453430363436
311
4344322F4173736574446174612F496E7374616E636550726F706572746965732E62696E504B010214001400060808004D710A5DB5A795FFE3790000DE7900006B00000000000000000000000000F302000039464244383141352D454132462D343842412D413532442D3030424534303634364344322F5265736F75726365
311
732F46464337394536332D354331422D344543382D383943322D4135344537363144384137422F7468756D626E61696C2F302F67656E657269635F706E67504B010214001400060808004D710A5D28BB58AF800100009E0500003D000000000000000000000000005F7D000039464244383141352D454132462D343842412D
311
413532442D3030424534303634364344322F536368656D61732F436F6D6D6F6E536368656D612E786D6C504B010214001400060808004D710A5D1004A04F380500005C1700003E000000000000000000000000003A7F000039464244383141352D454132462D343842412D413532442D3030424534303634364344322F5363
311
68656D61732F47656E65726963536368656D612E786D6C504B010214001400060808004D710A5DF702076DC3010000E60400004500000000000000000000000000CE84000039464244383141352D454132462D343842412D413532442D3030424534303634364344322F536368656D61732F52656E6465724D617465726961
311
6C536368656D612E786D6C504B010214001400060808004D710A5D5892BBE151000000570000004700000000000000000000000000F486000039464244383141352D454132462D343842412D413532442D3030424534303634364344322F4173736574446174612F41737365745461626C654F66436F6E74656E74732E6269
311
6E504B010214001400060808004D710A5DC55C663656000000680000004100000000000000000000000000AA87000039464244383141352D454132462D343842412D413532442D3030424534303634364344322F4173736574446174612F53747265616D56657273696F6E5461626C65504B010214001400060808004D710A
311
5D02DE8AED340100009E04000036000000000000000000000000005F88000039464244383141352D454132462D343842412D413532442D3030424534303634364344322F4173736574446174612F636E782E786D6C504B010214001400060808004D710A5D14DB05DBE6000000600100006700000000000000000000000000
311
E789000039464244383141352D454132462D343842412D413532442D3030424534303634364344322F5265736F75726365732F46464337394536332D354331422D344543382D383943322D4135344537363144384137422F7468756D626E61696C2F302F636E782E786D6C504B010214001400060808004D710A5DA233C234
311
5D000000800000006500000000000000000000000000528B000039464244383141352D454132462D343842412D413532442D3030424534303634364344322F5265736F75726365732F46464337394536332D354331422D344543382D383943322D4135344537363144384137422F7468756D626E61696C2F636E782E786D6C
311
504B010214001400060808004D710A5DBE89762363000000880000005B00000000000000000000000000328C000039464244383141352D454132462D343842412D413532442D3030424534303634364344322F5265736F75726365732F46464337394536332D354331422D344543382D383943322D41353445373631443841
311
37422F636E782E786D6C504B010214001400060808004D710A5D21DBADD17F000000A300000036000000000000000000000000000E8D000039464244383141352D454132462D343842412D413532442D3030424534303634364344322F5265736F75726365732F636E782E786D6C504B010214001400060808004D710A5DD2
311
8D993F0B010000550300003400000000000000000000000000E18D000039464244383141352D454132462D343842412D413532442D3030424534303634364344322F536368656D61732F636E782E786D6C504B010214001400060808004D710A5DE3603EBE7A000000C20000002C000000000000000000000000003E8F0000
311
39464244383141352D454132462D343842412D413532442D3030424534303634364344322F636E782E786D6C504B010214001400060808004D710A5D1678E2697E000000A3000000070000000000000000000000000002900000636E782E786D6C504B010214001400060808004D710A5D1E7A0675A4000000320100001300
311
000000000000000000000000A59000005B436F6E74656E745F54797065735D2E786D6C504B010214001400060808004D710A5D3DEE336E64000000790000001B000000000000000000000000007A9100006175746F6465736B2D64657369676E2D7061636B6167652E786D6C504B010214001400060808004D710A5DCB86D4
311
4BF80000009601000037000000000000000000000000001792000039464244383141352D454132462D343842412D413532442D3030424534303634364344322F4173736574446174612F636F72652E786D6C504B010214001400060808004D710A5D73419131F30000008E0100006800000000000000000000000000649300
311
0039464244383141352D454132462D343842412D413532442D3030424534303634364344322F5265736F75726365732F46464337394536332D354331422D344543382D383943322D4135344537363144384137422F7468756D626E61696C2F302F636F72652E786D6C504B010214001400060808004D710A5DAB48E549FA00
311
0000960100006600000000000000000000000000DD94000039464244383141352D454132462D343842412D413532442D3030424534303634364344322F5265736F75726365732F46464337394536332D354331422D344543382D383943322D4135344537363144384137422F7468756D626E61696C2F636F72652E786D6C50
311
4B010214001400060808004D710A5D792EA5870E010000B10100005C000000000000000000000000005B96000039464244383141352D454132462D343842412D413532442D3030424534303634364344322F5265736F75726365732F46464337394536332D354331422D344543382D383943322D4135344537363144384137
311
422F636F72652E786D6C504B010214001400060808004D710A5D5FDAB316FA000000960100003700000000000000000000000000E397000039464244383141352D454132462D343842412D413532442D3030424534303634364344322F5265736F75726365732F636F72652E786D6C504B010214001400060808004D710A5D
311
616100C5F70000009401000035000000000000000000000000003299000039464244383141352D454132462D343842412D413532442D3030424534303634364344322F536368656D61732F636F72652E786D6C504B010214001400060808004D710A5D8AB28C0802010000D80100002D000000000000000000000000007C9A
311
000039464244383141352D454132462D343842412D413532442D3030424534303634364344322F636F72652E786D6C504B010214001400060808004D710A5D32D5F49A07010000B20100000800000000000000000000000000C99B0000636F72652E786D6C504B0506000000001A001A001D0B0000F69C00000000
310
504B03041400060808004D710A5D000000000000000000000000370000006662782F42433244383437382D424630452D343534412D393335342D3631423941433433464230312F617474726962757465732E62696E504B03041400060808004D710A5D000000000000000000000000350000006662782F4243324438343738
310
2D424630452D343534412D393335342D3631423941433433464230312F76657274696365732E62696E504B03041400060808004D710A5DF270F1330600000004000000360000006662782F42433244383437382D424630452D343534412D393335342D3631423941433433464230312F747269616E676C65732E62696E6366
310
60600000504B03041400060808004D710A5DB5A795FFE3790000DE790000420000006662782F42433244383437382D424630452D343534412D393335342D3631423941433433464230312F7265736F75726365732F322F305F67656E657269632E706E6701DE79218689504E470D0A1A0A0000000D49484452000001000000
310
010008030000006BAC58540000000467414D410000B18F0BFC6105000000017352474200AECE1CE900000192504C5445818181B3B3B35A5A5A4848486060605C5C5C6464648383835E5E5E6262624E4E4EAFAFAF4A4A4AB5B5B54C4C4CB1B1B1858585B7B7B7585858ADADAD7C7C7C464646787878ABABAB747474A7A7A768
310
6868707070B9B9B96E6E6E6A6A6A8B8B8B666666545454565656A5A5A5505050A1A1A1BBBBBB8F8F8F9F9F9F4242425252527676764040403E3E3E9B9B9B7A7A7A8989897E7E7E9393939797974444448787873C3C3C727272BDBDBD3A3A3A6C6C6CA9A9A9A3A3A32020209D9D9DBFBFBF8D8D8D9595959191912626269999
310
992222222424241E1E1EC1C1C1282828C3C3C32C2C2C2A2A2A2E2E2E303030C5C5C53232321C1C1C363636383838343434C7C7C71A1A1A0E0E0E121212484A484C4E4C1616160A0A0A4A4C4A787A781414147C7E7C9193915E605E464846838583878987B1B3B18587856668665A5C5A626462818381A7A7A5A3A3A1B1B1AF
310
ADAFAD7072705C5E5C9D9D9BABADAB7E817EB7B9B7585A58BBBDBB4C4C4A8D8F8D747674B5B5B3B7B7B59FA19F606260ABABA9A5A5A39B9B99A9A9A78F8F8D6C6C6AC7C7C5451AD12700002000494441547801DCBD89771BD7B5A70B8EE04C702641712605CE034890E220088028C93245451215B713AF388E7DFD9EEDB8DD
310
CE6ABFF4B57D97137BE50FEFEFDBA74049B6AEED74869B7E87404D2814EBB7F76F0F67A8835CEEBFA0E42B854AA5B2BB5B6BCC951A8D52A93657A914FE0BEEE39FFE2FF395B9B9C6CAD2D4C4606F4B7FFF8D1B37EEDCB97587F7CD9B4343BD134BABE7DB48E3FFA7A228ECD6F6574E4786C0FC8B5FFCE2CD5FFCE297BF7CF3
310
CD5FFC92B52FFE58BFF9E69B776E0EF5F79E55CBBBF9FC3F5D3DFFB07F5898ABAF7CDA3B74E74EC0CE20230561BF096E97E05712BFFCC59BC80539DCE83DDD6E54FE61B7747DE17FB8980BBBFB2BBD4337DF487881AAE6C5ACC6AF25207877B2B527BFF1CB3B77FA47561ABBD7F7FA7FE146A5B6BD74E3164C7F51449AE95D
310
B412200EC539418717E7F2F11B376FF62E95FEAF1442BED0581DBCA1BD2780D23F506AFA16E1A7AD974EF17876F00DD7BCB187A1A97AE51FCED5BF2BC1F2BBE5B3C19BE27B43CF26DE00933658FE129B109C2FFF922CC22C4260FA01BEFB462A77DEBC35F42F600C3F5B0795D2E9E02DAD5E650B4438A92801B65C35CBAB7B
310
1EE5041CE69D3B6F1822DFB873EBD6AD3B6FBC71EBC6C86AE967DFC2DFA4CEBFF1BF54F6276EBC114E2F43FEC60B01A0D440A868B2920E5C4BC10D60931ADCB871F3268B21D3851B08E1D6AD9BFD4BF57F7577909FAB86F29B982571136AF01DF5FE32AC3BD9406CAAF2440A54CF176EDD01FBADA1FEFEFE21FE4C9858DFF4
310
183458A9FD2B6708A5A5A137E0EE1D11A9EC0C7C58B2C73C0AD6B479BD76B7790CF899E287FA5B06FB7B07C9195B7851FA8794031EF1FC5F9406BBFB23375420286399B631E93B08022A785C4DBF9996EC3551874094D71B6F487E80F6837E50F483BDBDBD83232323AC420A18C68DA196EDDADF68A77F938F78FD972BABBD
310
B7B87FB164AC6FC2CB760365821ACB74AED44FFAD7E7431ECD7E08AC421F391D199998989A383D9D98E8E56F84A318C58D9BFD2DAB73FF5222C8EFAEF4DE7AF30D756E5108683DA471E70D0502099A7240F19E4089D3FD203E620F1B47BF43501E85031AE44B4B9F2E4D2D9D4D51D8970983FA861B3706FF950CA170DE82F6
310
B312CC4F42C8966295F7D725ED29882415DC055F36DEA1FE96FEC141493F05FAA9A9A5A595B333DED5B3D5A533F62183323032F46EFF13EA0AAFA5FBF7C8976F8C10F7280A014832593B90004D52341980D907EAEB73411EB2F1EBC9F507F92746C40E7AE0AFAE54292BAB2BAB67CAE0746264A277B06508168C94BF772BE9
310
765F7BF0B548FE1E07F3B5A521340A5CB5297C4B12811B89E82191ECF3E41B3259C529F135E23CF4C7F961FB13537F5A02ECCAEA76B5BA5D3D3FDF3F2FEFEFB3AA22053E5008833428DC6C59FA2F770595F311F235D427F379BB8A121BD901B96076A388DC4C3C61C7933CCCD770FF375A6E0CE9F535FE2534BF5ADD3E3FAF
310
D71BF57AA951B6D4CFEBFB8864758A26154430080B06ABFF557610ECC93726224F155D1471041E0D42F82F4891C926C1355B0831649FF365F46FF05300A7A790BD8ADEEB0D4AA9569A9BDBADCCD56AA55AE377F5F3F3EA2A34983A1DE91D810543138D7F28E57FF4E2B5335A3928B76EA1CB9B00BF158C8F63A2E788826896
310
D0B5E7C461949ECE089144F8EBEFC7FB4D8C9C4E9DAD60F7FBE572B416C2F2423ECF8B86C439E450DA970634ACFDA977629098D0B2FAF313A36B3869E37AF7853378CDA1171FBEBA95DF1E44FD5144A420588641B0055A79ED91CC0DC41E27064512FB33F1F04D09D0D2DF0203A646A6CECE80DF28356A348CED8C4F1EF137
310
B9319E1BCD29867CA556AA97F7B757567006A447FD375A26CAAFDED9CFDCFB2BB0BEEE8AA5911BC2C7F85DF88A3775389990AA72219D582409210F85A4E66F2987D875C30848023088FDF77E87F96FD7CBA5B9DCCEF4F4C9FC7C676777577B7B7B67E7ECCCE4E8DEE85E81A6D55AA3BC7FBEB242589CE8ED4770E785D7DDE2
310
3FF2587EBF57F50B9E820527316488E5C32D50F979BCA58207297E2B6D658702FFCD211840FE43FC9F3A5BAD9E97E6F21B9FCF16BBBB3A3A5A175B5B1787875B5B3B86DFEFFC687A72674F19D46A8DFDF3EACA59E405375ACE76FFA922C817CE86A89BDD92F400F2C55B7462F610459837D3A61ACF50C7471C8F2F2A9D38C3
310
DA2F068007F80EFCDBFBE5DCC674B1D83EBCBEB8BCBCBC3ED0D3D333D0B3DE33BCBEB0D8DA35FBF9F8CECE68AE020BCE61C112A4C1138CD47F9AD13F7DC6AB9CF9CFCFAF9D0E01FFE6CD503F5B91C5218E2899CA15098714848B04FCE5654884ABF0E554F11F6C21D73D5D5AADD64B7B9327DDAD8B0B7D7D6D6D07070763BC
310
0F3E38E8EB4310EBEB8BC3DDB347E3E37B5842B97C4E44A0C630427E5CFDFB71E03F471E12CA9FF70E055AE141042DD81234B879EB4606361D9328149037D7D76A571A7E974FA20AD0323832713AB5BA7ABE3B3E3D3FBC30307070B0B9B645D93C3CDC3CDCA41CFC6AAC2D64D0D579B4B1B397A7C1BDBEBD7D36657A3CD4B2
310
F44F4909F2B9CA597F4245C59DEC354316F0587020D0C661742BC02869435FD12CF195C422DB3C5A3E2305C000CE6B7B27ED8B7D63079B5B5B878787C787C7C7C757C76C51B60ED60EDAFA06D67B965B3B672677080BB5329E60E9B477847AE2E9EB53E35779FD37EFCD2D0DDD68AA355B6B0D81860502B8B68C801F5C697E
310
9AD62F4B406244CB975560BAC756AAA577675B07C6D03778C17E7C95CAF1B3ABABE3E3ADADE3CDB1B1B6B681014470343EBA979F8B90383545727C63E43549D14FD0F927E5F1FDEFD7263058FE02EBCD1BDCBCA053496BD58E69BC44F9F854D4D979AE9ADB908824382AC1D4014E9756EAF9CE85B6B54DB01F02F8EA5908E0
310
D9D5F1B3E72188C3C3AB67879B07C8A0A767B8B831FE5E7EB754DEAE5261460243FFF07858D8EF0D658BDC563A2C5EF5833C13C90B69248C4DD97842B61DFA7F210A2F6108A0F96B62E2D3B3F3DD939EA47E30ABF5AB2B903F4BE5F9B36757CF65021E616DAC6F60A1FB647274B4B05B2E5341B082D43278F67D8DFDA48AFF
310
9A13F22B34C7586C9992BA6E66CABC190E313E7C811AA57304B421A75B289B9D174CC868C24548823E230B9A5A2DCD2CAFE1F98E61C015CA7E96B083FC59F3ED06EE60F360B3AD6F79787ED278D0A86FAFE00BA9220EAEFE1D5DE1F7855939C3FCC1332426B377F692406E022C010DB437EF009803F0DCFD3B7C94440571D8
310
F2C328F115F47FD324802070BAB43FBA80EFDB92FCA1F7E7CF9FA875CBB327CF9EB08C4DE4815BC4210E2CB7CF1CEDECEDCED5B757490968286899FAF95583BF46F9393CEE6A86D6F618CAAD9BFF0BE22B042412C5CFB50556815CC5BBE33E9F61ECEC26A9BCB8145FD10590078F9C9E953B513FAE1FE387FAC246E14F9E3C
310
E7F5F8194BD6594140876B6B84C5D6799C61A16434201E5237582AFD75C07EEED9863F463284E2E13425A036BD41061259289B6BDC1ED656FC8B8592C9D00701E27CEA749F0D8EF44EAD8C1F80FFF8F8F9D513191F6803384C800097F24069C407CFAE88136B7DCB3D5D4A60B711F19070D83235F77331FD35E71596688903
310
8E2E0B346EAB7936C4162043E1A1F144093695443A570144898BC4079CEF1912809A3035A1D3F361235F90FFF1E3E0FB93C7E2750719F88E7D8E68123883ADB5B18185AE99F1D11C1238A792DC4BEDE8EC6FF503DF377E0445F68FAF4E08D43082D02170F30131A154206CC559A8D9CFDD762B31273E4947A581E0D9BB71E3
310
3FFA07CD02CE2A6BE1EC80167497F2A81CFA3F7EFE58D0CF5D5D170DE4F89070B0BC4040CC17BEAC6B0586C3D3FF0309BC06F44B04A1E13729929B4DF73C44070692C810B08AC3012E8EE9EAE22067796288C193B2139B970B86F47FAD0F98382B1E035D9C32FD318A4FAFCB274F2E1FA772F94411B0CD42493C23393A685B
310
5FEF3E1ACF554AF5F3552A478383374E6B2FDDFC4F6DFE38F4F4ED7A7FE838F488EA852482F412D3CB07E293D02C9F074F12E84C5AAC423271450572A385449844706475FD38DC3C22486A0639E5F1E38B0CFE93CB4B25910EF309A2224BD8DAD40C682C28341AD69047E8539A6AFC14EC573F7FAD10AE0FE6EB13E87B28E0
310
93B513B5803514DE408809BC12A14876DE0A25F643009E9176D9F0C330164285A7444DC8CAF0E9FE41429EE0A2F6A6DE91C0856C501272404A8468822E24C807030B1D33D40D4AFBDBABB411D093D88C86D7205E05FC57EDD1F805FA4CED5920F0CED39157E007CE21757C5DE440ECBCB46CD283E378029B43FB077B4F47E6
310
0E9F61E8D01BE017D7E843EB49F50A2028F1E442FCC90C9EE308E4C0C2C94EAE30B75FAD3A0EAFA57FE9EF960F14BE15638840EAF3BA490BB6850EDB38EECAFD21A0C746D0C4234DBD035EFC7EDD121FA585FAB73DB89FE6A03CF833AB0730E5E2F1A36CE3F202A128934B44E396961121E1F2C9F32BFCC0C140CFE22C1CA8
310
E109B182919696BFB98120234F61B59F7BF46EC30CF067B21A33B0FB3E402448EE266CCD93135A8E823DB31F85E677434E608F53F8100BC0098EA2FD6BC01770E0F2F2D1E5452A711C4BB8486248FAD756D852026B6DC90A2AA5C6B69E9068B8F27AFABFFEE8AB36F1D23985D5960014FD711940800B560250D2272CC54FF1
310
D3A660B275AC3881E349689C1616E1E9044129D032313509DE4700BC867C71F128C400159407C761022BA8A040F40A244788808C60B3AD67A17576279F6F946923191921B0545FC2F12AC0EFEFBD7262B6935679FC7F80629160ABFAEC88E8430E76D82A8DE62ACE50BD4A42FBF03B387B37FD321B37E31C3F063D99703F51
310
60E6C9E5A300CF32A91E0A085A29C0FC507F6C21012303C6104B82C1F1E156DB3229D1A855A32A8352C9077AF733A0AFE0FB3EF81FDF2F0F82C21B0EB06998866878B103305E31EC17F4FD43831E570A2118D1667632D4FFFFB125782F96168A833DBE78C3F11F8383A79D49F58F1E3DBC780417AE6581381E8610604888E2
310
913E12492881274822C221AD04CB0B1D273B8542837460898C686864FF6F801E8269F40AD0481DFAF5E6E9C1F3BE391C325004DF0746A4E4448F7B52C0D5EAD39EC46896B888C4210D68E99DFA2820DF7FF850EC407EB55C3EBC5028611409BFCB8889C90F1C52355AEF98B18100094C9D0EF6F64FD47E5CBF3FF5293DDFB4
310
B50DDD54F351446FA1F14580DC3902C085F593CB24ACC917B213BBC11B3F0A61042FD8B24F4FB9C4556D0CB9E1A880DE89934CE9607F18F81FDD950DD0E1D143F41D56110E227C250621FF098838042BC85B5B6BCBCBC31DD37B34966E9FFD9936A2FEFEA9EBA4182E5CD3E17AE35501FCE0707E5525A7DBC64DFD077825BE
310
37CE0BBE1BBEC061410C660B6E49912665E2B3749C7C9F93834022F74CDE6CA5EB501D9CBC04B768292C5CCB84478F3CA83074092C6082169015E5800D5839DC6C1B58EFE83ECA513BDE3EFB8EF1242D2D4B3FD55AFE03D42F8492AF8A3F21444FA2FA9ABBF525EAF84C09F0168527B0138A85D1EC0443C467B28BF844EAF7
310
6323BE13D7C11F72FED783837B970FEFDE7D7817E077C17EF7E2A1C2C0FE851FE4C008388C15E818958746129E1009D054B67530D6B3D8DA3D59D82D9D57CF70039FF50FFE0DE94089DB269C3655A4F25B38C49D0BD48E59F1526887C18FC5272197F85CA72862A593A4843CD25F920487DDF7AA0441A2C0600D062001F103
310
FCEEA3D8560CEC3EBACB01CAE5A51E420349F602191E5F901893142381351CE17047E764BE50DEAF9E4D8C38B6ECFFACEB141E54A6865A88A60133EE9CBB4C256930B0B168C1C3AB59FE1743FB422C7166082E934AFA5EFA3E4BCE0B69362FA7041818B7FDECE1DDFB4D022007CA23E521F0700AAEB5888BBBF08023E128B4
310
045381542FA256B0D04E28A0C3804E233A1BFB476A2F48FD135BAF9843BEDA3264EB42BA499601F16B566E72C7EA35908ABCB9176BBED43204C696AFD3D7B24B08D3AFA44BE243D88A6D9D0B6562B52F741E1610C0EFBBAF2B0829289A640EC4C8A4FF66A24430786CEBE1E1E61AF9507BFB496EAEB64F8F49B4129EBDEC06
310
5EC1F8A3F228A3CD0950883B41BEC6D1944AE06147289600A7726313AC69A3F91197F1438BCB743E76F01F6EF1D1C854071670FFFE43FF1EDED702EE5A14C85D0C42DF90B86068800659AC88981855E3E774A71C0CAC2F76754EE7CC87C808D1E1E0F6CF47FD4224731337BE1E39C5010823EE997B1491BBD99FC8D8EF7748
310
2BEB5EB2CF66499A8E0F7511B19B3EFBDACB6507BC78731B1B383D02FFDD7BE8DD9256F7D0BA7B46015941097B80018F700FFA024CC08078F51806100ADBFA163ABA8A3B95B9D2F92AC30BC908ED31FABE0CBEBFFF0279B675868F9AA24E9530B08C174055B7F48E4F58002F3E82F0BDFA003E8B431EB6C4A91E4D9B5FFB79
310
1265BA8827BBE5F1BCFA7F789F72F75EC800F8AE43FFAEC42F13009FB905A9A0132015D0068ED7682AC608BA6771038DEDB3B33082891FAB1ABF5614F93238079726B833958796B845B731FCB86316713C1DC581B1E19B424EE32674093F80776F7E27C6FBFAC85C536CD955B96EDA2A3FBF770FF4BE11845470EB3E42D022
310
000E0FE07D161811020742162444668308801E133A4C163BE68F6826A5523071CA78B2FED51F28F8C70FE4190073A3E5D3259D7A288CD19BDE623F10021BAB0C6E327FD507B2741627727EA00D31856492F9F009D7F152D930704E642795C1C1B336E0DEBB7F0FDCB79318543B25341F36802D64A981A690B94259607DE0B1
310
9D466BF8C1C5E1CEF9A3FC5C639FD6117B4BAEAB453F8EFBDA500A67E8BAF76C8A06566E36EE1184E8329419161F83D843D5DE7D8221163E145F56921C3EE383978072129E290A9B7166E63D26BAB1FCDBF710009E4051842390031845F20077CD079407C575F20364C4910ED2A574BC357630B0BCD8DE39335EB175646A69
310
8458F6A346F003A93002E846FFE0C459B8006E506D79BF902908A0AA05CB5E73530E33BA1D3C2EF99C712B7C8B41DF4D2A7830BE8707485FCFAEEB85A09AB6D39BBF7B4F23E00509C20DB04E240822A4B810E04D8D53D10D504C059ED86BB8697F514777717A8F8144D48A4C89077F7EDB00E2D89DC02A7B975640A282C49A
310
4AA84B70B12BFED8EA6584860DFB7EE23FCB00C6BAF7332FF259FA3C9346508813E372F1DDE425065BB61FDF8300F7EEDDBE8D0C6EDF46F7D8823478590AE23759D60DA6B7A9F125EDE8F4A5D2B37470D0B63C30DCDE3D3D59A8D1501EB1B0A5377517BDD6E301F995E3F955F0F58FAC2E81CE172A8344AC03DC6781939D24
310
84B8FFC15E8F3ACCD3954CE19576B942D0A029188EC7013FE59AE90B71292DE774F1F63D60230180B30A2EDC65291B6211B4081128856001A680015CE000708254891851D4B3BED0FA4D7166B466BFF1D2A924885AD12B387FC0FCE6819AC3AE06A7AA4B715F0927B74D119D4A668FB54B8A8C268D8B038A207D10A7B1E95E
310
42195B695BE0240F7408B311257C23F581E987C180140C584A02B1670CB817CEC0A080F259F1360E58452013200E3EC107AC1DF4FD7B0F6D23F33347F9527D9F51E6138E31AF35F1BDAAEEEBA3D71BB402E2FB47CECEE96B4DB85536772B07C82A34F3E66D0BCEC207FEB9E70643761276F7B50D5EE963CFF80C7AF4A2130F
310
5BF8C4EBFB5F07B709840480DBD8007FB7EF3F90104908BA457D43AA2A6A02C91422285E5AAC143F3313A0CB74D9D164933B86C25587134E8D342B453FC982860D09FD13ABE72055ED020E85D3E312F74C25CB0293D978A1C4001927C80B86FD06349126EC219F0C735C8053D8F5F310817EA01F1B7851F406144C211C6362
310
C27DD51F1E310C0102280ADB891E9B085CC528A2B1369A46BA195B9A2B351862CE43174BA73FB7CBB430A5798F4C54B7333B96C3224A9863AD02B9FBD8E63092191924E77C199D92887DA594B6DCF0112857162FD0949FE6A441F5E62E42FB2105BC405A2301A3424601DC807912CB2C39C604A27908021CDA30C4C8C2019A
310
883B3A8BD393BB3546136EAF561980FB63E9E035FF73B96D09A905ACB2C11D79571C5159026227DDBDB81396EB03F14100BEB66DE1FA9EF82C3ECCBE318119C4269FD014E66361FC8BB0B4EA9A98EF3D8848A01360430284335004C183CC25BCA82D2302EB03B8419241C64DF4F5ADAF77B533BE786334BFCBB8DA72BDBEFF
310
C36103AFB30608A0B39B58D93F0BF42180841DD26BDC22CF0A770E90240006BAC65197D90920131C7B2EB3CFD3C71C6378A305EE8488FC1FF8D391E2BDDB0F6E3F45E7C8207C419800DB410073A3173942CA8D5242642A74496FF115832A6314D9FA4257577BF7FCF8F8E8CEE8DEDE5EBE76DD3CF892BA7FB8B90F629431B5
310
525E92A15A3A4A6FEA3FDD73136172060959206591F4C927196CF645AA285CF3014630121754261C0D31E1A7E3DA2DBDB54B04703BDE3A4209F02045C4BB0F529A14BED07098A2A1CD47513DA64B512F409BC01663090796D787173B5AA141B1B39BB470EEBCF1E30F9D263ACC4D05110797CEF7B923B027F089F74D1D06F0
310
A4D8C0CDA6604023FCA45B76C5CDE0BF3845ECBE13E0C0ED73700A8A753C1AC8AEFFF1B407FC8A20F42F0D94019121DE304077A027D4112283BB8FF0072444D68AAD111D6F591BC0061854BBC048EBBE9E81F6A33A95C21BFD13AF3C7E7DCDFFEB0DE8903F77B41DF178E99C289895B0EA8CD640549D68935BA7C5294E0A1D
310
66DA0CC419BD398E6265789CA1241441AC94532A3C19C95340BEFC68703077EFC1D307B71F3C500859C11494838E902203A2BE90EACC5135B80B078804340C920C2300BCC06F7A1C71B875DC572C9BD1D84BD5FB9363CA6BA7D03E5C40FDFC54FC23C9B4B9DDD028787D89219038523BF64E638BB37CC25335937A00DFD328
310
69C5B390C8C32FF25C8C47A7181B4A599A224A9DADB0E0406FEFF9F183B7448F081E3C55024FB33828784AB61704482CD0160C04174F9E33BA9291D58C2F1F1B1B3B5863B0D9F3E51C35C253D54A23E560E2C0CB3A6F7A81382601C2079CAE96B7B1560D20A341E85A928A4E01083256420576C2ED477E2E565FD9223BCC69
310
1CF394D3D8E281501E0EE5C1C8159E92585D255CF30CC854C75318006EA4A01028EC853F9407C6053910BE105348324002260254886C156260F9189EE0F8C9A3CBAE9D5A992184568A69D5183A7DB97DB089FDC57AEE54F858FE54F577DBA85309640290F2D220952620750C5811FB772A7876D1E4040FBFC6474D51246D8B
310
3FB378283FB514F8AB3C20B8BF7DBE5DE541C9A5D3D38DDB30E00151E02523081BC89C2214103E0BC1B3D0199A08E002681A2613A2616CEDF0F0F9C5DDC75DA395C25C0309C03DEC8091A4AFD3FEB504AAC6633930556DAC86EE3561941E862C4A75DD6B6BB3A0C59BE153DFA73EDFCBC3CE2188D3D378FC976D0EF9A95B7C
310
8532F527CE3CF539581E0FE501291E9139FFB65EFF5DBD8E0C18DE3077170A64E033FD278F18068028802F156C3809FDEB11B1019C208D020C9BA2870457F0F8E1FDC7EDD393E3B9FC9C4308E9315704233F960E554802C14716B0B45DAB5EAB5E25AB7830EBB8D25E6CA94E4AA01794FB1EE164FE9F040FE82C940A4BCEF9
310
13075D087E85A7237D3CF29C47E4E676777779528C4781761F0BFBC1D3A77880E40C9A2E5109180D5255317890394229F0F082010354082D574F1E3FBAB7D6553C2113DACB97BEB5526C7C6F69F9310A94C46CD89FF8F379AD1AA035FD00FF3F320180F01417A6F255A3A8D86319FE0C0B0E06A0DCD33F79841339C01E5BBE
310
1911AFCFF7C1E0A540BFBDBFCF2372352686D863F83F59CB6865F43104007EE06F52406F680341102048A01BB048823082CBCB0B6AC48C313F3E7CFEF8F2D1FDC3D6F6F9F9D9E98D9D7CAE5EADE2A6512FAD7AB526E17F600C85550DDE9ACFE9D97E694513103BC69F8A2813176032C890C1E9C49FC09C61670FF8705B1D73
310
86260E7C8E7122C7F8208A55139E8C8D4763F7EBF5728DF9C34677364E3A3F9AEFDEC9CD95470788834F9FBEC512379890B38C94205B2557987C4186DF5C0837608DF0F9F3CB87B7EF6E920475752A01460E556919B2B64296FB9FB70DD5F47232A0F77465BF140CD001F00ADCA175090E2665A14E6329B62660E02A1CB50C
310
6025E3DA252A670B3F0FFAA5EAD94A509FE7036B159E0D1D9F2E76B7AE1FD5A606198D3A747AF450023CBDFD162278B9446688111009B4029B0F2180AE20A542D40610C073B47FEFE1416B2B12200F3C991C2F54EC2491027A816B0A34A9D05C6F437AC23462385DADD75642EDDA738AF1600DBE07EE8437804D2D011A94DF
310
71C2085EDD40266A407FFA1D1C00B0C03927E60338E3B9D8C47D1F8CAED578E06F7CFAA4BB63B175FA7C301B747CB377F45192003CB8FD34B12009224543D8604494011A80C1903CE0518C986208E1C5FDDB8FDA161686873BBABABAE74FA637BEA894A44078C19696F326E057D7F95D061A6B0394A9D5F2DCAAFE4C2388D8
310
A6E9AB7695CB0BDD0A332430F1A9333DA41D1FFB97FA09AE84E738C75C407C260408F8DBD5EDED7DE1570A7BE333C54F16963B46AB0C2B71208EA3D16EF4EEDCD7005241166C005A73C03164792151205C007288AE337B4D7103741BDE7B7AC913350B348B2D767515674EC6F72A0402BBCB41C81305AFCF05F2758D3ECAC8
310
D26AB97606DB9581A4B7A8FFB068CD5C0604E6849046B70C2B60FF0CDDF93C13822B4E82FA0479A68220E66D9FD775FB3C1A9CDBDB9829B6AF2F77EC9E0678FB20ED8D1B1A1A39D10F9812E20D6281F5673121AACAA9C53424000DAC173F7E18C3052EEE3E78E7F1160F5AAEAFB70E0F7775CFCE4EF384DDEEBEB9C0889D52
310
43BDF557559FEDE5F17AB21E118C4C31A3DF6A96B56AC62180293910ECD6B721047664BCFCC6B2DD3C65CA0F0C823DFEF84083C7ECCDF05898EEF158F4FEF97EB9C123F1B9D1D1A3D9F9AEC5F5CEDA84A3C96C14A55584D62893D6A54D8D2028D05C8B1F124884543F3223B29D208B04910D3FC43F5C52196AEB5B5F5E58E8
310
E82610F08C21BD443801233C0CE8BD1E40F84A1CA86001990048031ABBAB11EF83F9283EA89F181F2A0D9A9F62D94B7F625FD727E6A93F63F200F614F7CF100D4511C07DB45FC5F0CB4CA359ABE4774631FDAE85E599EA0878A3C33D5AD6430CF4C055EE5FDB80629000D7855DED3F436F3B61B3DC7FFACEFD2B1BC6FB0696
310
312CFA477CE87A87070C7998E04FBA78AE3F915A065E819FCF35B410321D9ABB308146A11AD5196CDDD7C477A171C8AFC74B45CBC6F641AB53C8D4ADA5870C02379BC0470CF83DB55F073E29CF5CE5F7A3F8FD62EB7AEB1774C2C6780B9523F9287193FD23DDB79FBEA513B45200E2E0C1B51350163AC19043C600F2C1DBF7
310
DEBA7BB9B5457BC0D840CF325EB0BBABBB786D301437000020004944415472B491ABCCEDAFC0591201CAC8EBFACBF367FE7B6E40E69F551BBBE7123E3C00AC560CE20C62436E8C3C54CC225EE08C0D74CE26148877689EDD004FB2BFBFFFBB984035373A7954EC5EE8591FE531348654514DB1D1C56411DFA2A7C212BE5ED9
310
1278F2851A432244C6822C29C85A8B320ADCBDFDD63BF71FD32648E7D098CD018BC35D7FE89E250EF2AC75F96C15271602687965C844B8807C6E7729D93F22E81D39ABD62A0820C1FE9F11CFA7208125D33E96FD69E83AF6052DD32D49FF0802CD9F9DFD39260389A950887A647CCC99BAB17132DFB5DED35138FB3A060F62
310
95AA5E195BF0BB56495A5A4A8FA440026E46A047D40ED2520A441C302D240F201FB8F7E0EDDB0E12A04D8816215A0579E8FE1B1281E9F19C9900DE79842E2A7CCD48E9876EB01C75DBA0E0C8D44AB5512947A00BE7CF5DE9E1A6A6BE43CF1A78783DFD5A404E4477336C1ED8B18908B2A847B2AFE9839E891137A6673BBB96
310
FBBA2A4B8E9373B001F08369BA11BE8ABC4302FD2345FD6014A127068427D007BE28B41D9B0D40FFB7EE531FA673C8870A69135B1CEEE8D009C08042A5B4EDA314920B635BF941E7487E45256439DFE9D276295F87E698389CD49FB394FE19720412DEDDC40E9CE9C6DD605E0B719FADC416CB15AB3A61F9B5B9B9426E54F8
310
1D8B03DD950946D432B40CEDAB7BB5AF11213CBA73C9BCCCDAFBCF06127C7980FE6D1DC9B4DF14832D6568FEAEEBA76FBF438300B541064ED33F3AC0B0D10505306FD370AED02859234402F6C3FED006766DDED2034D90D119057225EEE3DAF787EBF30EC51ACB4F551678BD6728E1944730C095F13E4D81A4DFFBF67C5BEE
310
37E62A85FCCEC6CC6C7BC77A5B477E22223ECA4FCC0F87E2A5E3EB782BDB25B8CFC6736A044DE5A7CDA604526361D650484FE283B77EFBD65D52C1C73C4F48E7D0D81ACF572F2E2280F98FB230508FA906B42DE240ED651B301CEC83DE1790C9FD96B6CBF986BECF3BD332C18EF627A0B6EECD5B152E02088D03D828AFFAD2
310
6B05BF671B4F9A09A8CE0CD2707F67F2A4B3BB75B9ADA331C1305BBAC182FB4A79820B7EEAF73199B8404C0B81231CDCBB871B80FC41FF5860E8E108222A1A076C29E6E03B6F3FBD4F1F295DC457573C7ADED636D6B7B8C88413DDF3B327E1046AA51040B40CB50C7E3F1D2E44DAD34CFA604029BFFBE714DF0C069908027E
310
B275F1F366C132E1A7450B04011CF82B2B647CE754F650FF6E25BF37AAF65B7BDA16CAA791F1D09F6CAB989EC5AB7809BE145FA459E8D3E4B0FB47DAEF093B946FED585B80FE1A0305FD5330FEDB4FDF79FBF6BDE81D8300CF6815E5F9896552412A03F31FCDCC7CB5E32365550CD9365FDCCEC8752E943161D78047336F8A
310
F6539840A1F2E764FDA2970999F205CD2BD1F5CF496571F76EAEFA0E1CF8FD2A55FD06391F9EEF8B9DC9994E72BEBEE1FC928E2F223EBA0FBFBFB4F2DF137BC894B8087643D64ADE6EDED67F7680FAC9060239E845FC94AE93D880F994FBF71FBCF5F66F9F32C292EA900F9C1E6F1105E81C5B5F58A067A448143842008D72
310
75EA3BBA3D2516FDF02FF79260020D6B3C714711F3CFB61BFF56A826E627E82256F7400FB387FEF23C1C1E77FD6A21EBB1B2B35F2F95E7760BE1FA3ABB3A981423477517EEE36FF96F122B942F6FB64D9502BD1B9089162532A2FEFED255028FE653C9F46FA321E0B588B7DE79FBED07C44106CC85133CA65190543004D01D
310
02D8181DDDA5A9C91A7110805B7875B689FC3902200FB192E7DFD936B37B57D9C338BD49E99E181F4E5FCAB2ABC1CA7AAB382CBC7D515457CFABE6FBC63D525E5CDF74B16378B9AD6774A58531912D232DF01BAA913DFB7D3AAFF912984302B84D0500077800D26C60A4742101DE420C610C2E92FA93056022EFBCFD5BB6B3
310
8651470CD33BD87630C05831BA864C85997B8754B05167F0706499DC442FCD22592AEC2ABF3FF13F950039BF159FA9B36ABDB2778EFF83F70972B83BFD3F4899E64DD8346AA495CB155A7499F2CE39B0AAE755125EB84FD8CF8D8E4F4E9FB4B72E8F1DBCCB98B31BC4607C2CFF21C8145FB48EA0F2159F86A3098415609554
310
DEFA7B27EF1301033DD06D274BAF6821D220DEF96FA4CBB60B3CA241C021D38E1AA76B4406B4767576166766A6C7F77273F5F395291BBA19F64F2E3095C14F3E60371827741CB27E89543857D6D96BF9A47C6A9A26057840332EB843717AAD171880217B71FCCC0355AED3D4819911F79D0EA8AD6DA31A83E36C5DC2D47029
310
5C011302387069158F6C9966022367ECF1D00BA9BB95C389AE7B6105A1FB640689033A7FCCFFEDB762189103A61C3A4FEFE0D6A6B5A19EC5755A443AE78BC5E9235B047890A65919A0D2F96AA3C01CEE913BB3ED239C3E0CD8DDAB99E4348BF3F8B977B6C43DEBEFBD7721A839A63B94C06A10DB87FCBFA3C2932F8C26F88B
310
6D6BB30C3C4E09AFE40FAB52EFAA1EC0316920E031A46D65A0FFE45A673432E907FBCF86717AC04F2CD0EF512D665FF53F05BFCDC43489F150890C60A8E0314E70A06F619D30D841189CA15D3417F3CD50191AE4396543F0C42BCFD696C58DF163F5B46D708BD5FDDA5E5E5FDF9401BC4F7E00E8A17520833D1CBFF495B5D1
310
CE037C664123EEE74737268B5D1D3DBFDA6AAD8C08DF2C0BC7A737E10AAB2A7B958990CEBF556CDBEE823CB09FB344143463C630CFFF585D330CF0320E921744A7918280FEEF981161008E9FBC78C830217A07B7D6985E83F9A79884ABB5AB383B4D7D788F9FB3D867A2112A43F19042B33A108690CF6F472F8661CFAC9714
310
78757F6E6F2F7AEB82FEA85E5715941778B278281F28C268AB24BDB470EF3303E09C359E9DF1CF990D8A096106E6A66C8620DDE7D281DF0B2831F20439A30D68386CE13E002F7EDA8D7806162B205D6A19AA1FABFD6B1B400EC2BFFDD66FDF7E8755B4883C043F43046C1326136680404F1F934EBDDFDD39CB58A98DF1BD78
310
80E0532E671FA1435E9D6EA5E9071000BE8F262E7C4044FD95D5FD526EB40A05A634775F32205C3D779FDC168CD5E56BF982508BF572BDA4F6F57D3304BE9EB18149461B12F760D7485891CA47CFC44909136FBF4931716A2E100123FC6CCAA6A644F25EDF4AC980B14039009BECE8B798BF69A05DC5B6885CD23F8E13A46F
310
F0C0A986D617F001C52241801E87C2974C31411DA3A5D7B6175472763D637D3E57C33B908F867F4A59CFCA7923375E5F027A983E18BD7BD4E6FDDBB2250C1529F4202EFAAF979DFFB1F2612E87EBEFEC58581EDB9AA95AD1D7C1905F7305BF8182D5BBB524D47C4E3B81CD843220DE1E6536497C0962C225F75A2D6A998303
310
B23FC501F0B3F736EE1FF01200FC8C99F5515207C9C40081DF304C0A17D06E26CCBC5B3C47459308178301FA8057C2C0AE9D99B05F038828B08400F2E3251254DD7EB8BC4853B101F99AB48E387457C96951E5DB670648BAB70A7B04FE93EEC5F5B183F9739C98952C6845C380D401B8FC86E70A20744EC720E09D35955D96
310
A9041720196D183AC2CFE6AEA816652D0234883D788BEC8F5DF2615261DB031C2381092401B48D8D2D870FECEA9C3D99DDB036C8A051058030E32190976718C89F031DFBFF2EEA3D88606A8A19BD0AE305BDFD12BA4FF46F1A0002B07137989C748936E9DB2C91F43B07E4E4D16C3779CF5A4FFE8CC981F07C29E34B7C012A
310
F0054FAEA4A6A3D49D3A16D2B3CF220A029003366663053C89B3FB1827080DEC2780076FBFFD8E39810CB0593CC68B5D9009F2D400418028B0BC6CC74067E7C9CC0C2690FBB084AA5254A12AF63543B35EB40D17B693F7E3464D5094C00AA9E04E0E0524F5C35C5EC6BA94B21AAF2440725E2A9FF94FE7A8F0E769EB83FDEB
310
039B631B18BF396F5C13CF89ACC02C387DA56DC3B1CD84B96CFAAA37B55FE723B611062258257D331F186AC93D8AD600B4FEF4AD777E4BF68F2168FF08C081A37AC13446C859964803961928476D78F68419390D830C1935B5C2A0A22A3AB17D3D6428BF12DC373B8D464E04C0A496BB3B3B75639DCC2500E0F0B15FB6F47B
310
5A7ED0183A87CAE8D535F2EDBD4B3B7FC762DFE65A07C30B2851DB890082ADC07131EEEFA3DB7DD5CD32C0860CA83CD4B7993A175F422A8149B1C1D94C1145059D9C78A8A572A90B7C8B1E3392FF77A80C50220880FF3669004E90F101740D2B808181455A044904674E7482CC3EC85C4BCE339404C0B0BF6A5611E4F9B815
310
7BAB6DE327EC9BFBA1B4557ECB609C1F45326499EFB90EE78F18227F09E563C9E63D847EDB3B68EB9C39E95AC4F7ADCF7D87F6752BB6912040281E4A0D8A8314E80D60470999B8A51FB1488A66A9F3F81FFA61C83F4FA6969E472288FADFD61B005E0EA4284822E018911828E868614DA0C36E11F3A051070BF2F0840E35F2
310
00E2C0C80A776CC9E7E6841C0503D0EDF15ED9AFE527E798D23BEE5F0604E58DFB7099D739BF0BA5D332EF29F1535995BDBD0DE681C4F71DFE6A7AC5A13554AE6910963E9ABC9A0DB5B202225545F5CFACC942B5B93C207352B6E5310BF349AF200175D7DFDF78F6D683B7C87E087FA9B35812C4F8F13452CED610A2207541
310
E6D659A739441F3833CD0C9C3C3DC2B0712F62333C4FA9327C9CA1124904B4FDE0FE21C119776CB0C212AAFBA5CAF80EB43772ADFE77CD9FA8A4144C54C2FB2304C65F62FC3678E4F6C68F30FEE1BE8383CE7DB86F58B1AE0C51F0F055E188D02F00911DDB0991832228B3172B3E623E513FF1734FF414A611A603163F401B
310
EA790FC9FF7FC3FD3DB02DC00184145B850D01D120424DC03C00FCEB7880EEEE939399F1F18DBD4AA54C939899304D913CC2D5CFBC55E50C7FBE4C0E14AEEF53D6843DFF56BE2D554637EA047D3C210E2C61077875FB5B40E19F43AB7470CAFE1C0D3ED3B3B4778D1DF6D4F837C08747180FE8394F2CA1E0A46B6DA62CE2B2
310
DABEDE0B1924098580FC16B369730E9E90541D3730D47FDE16EE1FFAD3419CDA05ED1F2715C607F2E81893AFC5936303F40EB776F1D808BDE393A3FA401E1C706E154C892860AD74A2949C409E28A8FB3349C764D13E4D1D3468952B7B1B35001BF41142CAD58D6011C8B78961EACAB66E9AFBC627673B61FFDA4167950A27
310
4145BF11EA17BA9AA60815C2C43AE1F648E3772E53C94E6364AF826019E723069A8AA353A3BF7FB5359281700061FF64C28C10B9AF0B70B0B0D30A31CD1CFD22F68C76DA1E44558869257892363C091D313EFA46B57C3BEB252E9C6BF5B4799EC58F1910F469E25AA17B343799DB3E33CF410061F96C6D63FA91B1000CEBB7
310
D2971BDD39A2A76361E000F5DBC1688D47CB812DD60F8001AF25B328D173A9E4BAC18CE9F1F628704330741B2649B92E9714447C68559C6CD2F681919367E4811100750058809D0230C087A89FF3C80C23C4C60882E481F48D531764BABD5CCECA308DE2F63D3BB50373D630796126803C2D1FBAC148F7592881B395ED7D26
310
B7DD38D7096AF98841CB37592561D9C6565317AFBE9FC4AF7371E060736C7635E0CBA1809FC80F544DBAA1F2F9393D970D44C0615A0C6930E758B9E63AE690F73045F0C8C0731DE9CD80F718E94652383458799E02C06D328010011C7090D8C5E5336A83D4059953877EA1E1D66FBE994F04608C4C991917230FB61F9AEE18
310
3A40AB9108D032449FD1A7283DD25ED15360EF7EA9303EDDC0043403531EDEAB10DFF87F5E2FD56DF0F1B701A9F614DB17FA0E0EDF6FD0B1622A81FA3D1DE5A33F551930335C353A87F9AB05C60455193448246944A232C5D07636D864CDD7A50D0B4440CDCC465D1C418321F50E1648D500294065D869559EF3C40C8FCC6C
310
323E989AD0F0C73142480B200842802C061008B480A9954AF282052B3AF67350FD0DD30D1F4075AC303A5D490250F5400ACF479656861E4C77AFF327F3EBECA4B57B6B6C8FF62602BF150744656A87DABD7BC6BED50527B2120C001A0B3718C74F0C65CD34F275164D7968148DDF259AB8AD6CA81CDA4E8819509B996A7F64
310
2D987A401A2B04018C01E6C169A8700F9DE3B489DB2BC49C9B7B858A4F50D22AE15428FCA4A1EDB20C83492690CFE361CC7F8C8066FFD0D77AEE797977F468A36E0B0DFC87F90EE6348BC748F7CB73B5B9DD5C6EE7AB19ADBF6DF359F1DC2A0F9E44F213F8041F64274C0859A2AB7C37440FEDDD2F95BE44065F22067E3EA0
310
CC3BD8C0D8194EAB291CCEE20B9CD8E02950AD806080047A279F19024C837C848816719AC4A34DF8F0706CED904E8185753A458A27E4C1E37B5F30A104932BE140E0BF4E400160F320B054A8705042FFC47B4940810173F9C9E97240C7FCC3F3813EA239B745DE9F1B1F3FC2F9330374DBD1A7B475923F9A2ED81716D18D1B
310
577DAAB9D1A0458655AD3CA7E211867AE7C702DCACCD291E0F798013DC01BC326087775C0833E04EA3778FBCB8DA4687A0255CA0AD210C15661E4E92001A4449031D1DD27D327334BE830B64DAD90CBF537A45FBD4E94A7A88888E715B7E74FCD040E818BDC1BF5AC609CCCC015DED23877080FCDC47BD8EF3A7B783A17D33
310
F3ADEB6D6BC7AD75EA7C7852C5B6FDADA6AFEFC2D181C03F8C40DD8A4AB5024F0B72E34B57BC1182472DC80946789AFB711DB7F1193C03C893B0345F420246114D3EA71D04FBA731C0DAB0D3CD311B218F0D5A15ECC105D02F3AC32F13600084731A83220040019B03180634B5923D438300B05BAC80881F061095FED5D572
310
A3323ABD83F1D37A2301A8C930AB3F66ADF7CBEFED30BAAD7D78A06DEB6A87F15491F5AB7E25842B6B34BEFC12C8A159F187C64B3CBD2356DE5FBAB98BBE9583F0E3280C0076DA15BF34C15238145742B07080B1EFB83382F9FEF2239D003541041083C5AF9EF3C8944DC2030BC3ADEDDD9D27475800693049E05413BFB3FE
310
B4308731512F13400D06F813368A0101D8D863EB3E75FCCADED124F532AD3F123F131AB46A93DF1ECE7F96CE9EB6C365C6D6A07EEC461FC919FE288AF7AE1A7D012D291EB073735FF26BBB1C99FB706E972192819B7A34BF22424BEA1CC7958AC2E04BFC8E02DB90A4A1DD04811ACDBC181037864672C78F6C0EC3073A40CC
310
49D5E813593B7002763BC6A909D31AC86F3F6E335C9E1C309BC58F16418642E2AF6B290A34FEDC0CFEE08FCA0F56700699CB73B9C99302AA17BD516D7F1FD755A2B32B3FBE7134D3BEC813195BD355020A7DBB541539CD2C06E45F46FC0EE08293E6C0E1972176D9B678340AA1A4823404EF79B1E2347E47C35D0A2260730E
310
0B513025DC0BD1C07E3366E9B9D17F767405FB531070700035618606F0B40C73C974CFD321B0C174A80C0F3AA54945FFEF348F5488895713E89B5C98DA501E06D8D24FF04FF0CD7ECD7BAA755A854EC6A180AD13BE094E8D5D63BFD6DFA5F5D3E4DB1BA18FD8473DC6E17FFC9832B71A2A94D96E808BB53F9192955D62C82E
310
282B05168AA0927D54AB20A20A74800B7CC9655C8B15F62377CA4C91641F9F4D0478F4FEFDCE273A002CC0A725EC165CE3A149F0333E8E9600B2C05A7D15FD831F0938DBE5D0FF13E3C0F0765965A0961C3FA86DEEB0E28304747BFBA5FCDEE44C23544F7BB7BF7A132DDE34F99E44EC3FEEAE92F667A10F7E90B0E8C6442D
310
F5A5318B0F816311DB2E6DC6F172C363FC800EE09186BB9EC82A24C0117700CD884AA42023B81EA6E0CF8B3056411110D78606EBC5AD5417B45BCC8E61EA01C4006AC233933E35D860BC1B6CB9C9CCCE7840D2E0C1C1FFC11CCE54D59300F2B47D66A10F09D8E24B71B9BDDF98FB62A3B897C53EC88D16D1FFE8C649B17BB8
310
E760EB20B784F52F992544753F2CBF642CD3C9C70D8722C197142C567E74FB431EE248A8F3FC00377F5142144A82FFC28AC2970A780C85A7EE9146FA4B2981F3C93BCB0F3FBCB6DD3DE69C72B6073B99140DE28B8E919D9D9E7C2F5FA99FC1FFD07E9AC0965CDAEA0A945FADE52C791EA989E8E7A21A355FB37E44405D171B
310
98A6E946DB26AE71DBD01FEF07FD378F5B4B518724481820890E7486E3FCE61A60E096D577701890EE07CA5D7F2B086040749FCEF3F81972E510A86359C9BB579883035887542090614E5C4461705D7CA1CF84DB564838606CF1597E8119790D021080C935A908324EDE9F60A04B7830A33F0670CB08605B8D01BF9A3D4356
310
93FAB4FD84EF6754930640C1F9D74B052A7ABBA9F502B39DA3BF6BC7514EA4BEC71D752BFDC198EDA8DFE8F32B3EF811E4576B0A2074B99B070A069F60173E7427BDF285024E35A4418B7A412914F2800F1965C4F1120A2D5D2C64400563D5942044807BE7C738EBF3034C4A6F4D70C04ED1F97673C039FABC4CFF18866E08
310
200BB66BDC9CCDCC3FFD1E43BEFC52C317F0F5E64900FBFCDA4DEE68768FFF46350E0EDADB7B34DBBEDE3776BC55599AF84E312229F931E700D04478D66A0D88D09B2276141AF0F8811C5F8067DC04C0F90929F7F1AC9CCD368488AFB965C97B855A3E2E93AE5B4866502E55991B82D4388614F2C36B8484A5FA06E3EFFA98
310
4A6AF17D5C2073299D9F12FD63826F67FC460E54030981684E9FBFC22009A3006962285FDF4FC84B699FB5BEF3736C6072F6844C15EDF25883037DE6BB7AFAD6AE164B367812FA8CFCA6FA25725D99AEC5C6EDEEC64ADDA2BE0056002032E1D7A20A54CF444E360D520A5B69816C0A953CE0434A8A898BF18E2B704588C01B
310
DB2133342F5404FEE698957C200EF54E31BE6DF4E888C9C67F5F3F1B41F922777E7FA6332677C20098C59F762F5DFE4A23F9801A3BB6F8A4F66E0D40EC867E92DEFCE84C714FC7CE8DD3DD3BDBF9C781B1C3B549FAD2C89D711808CAB100E09700BB85240374A7209212F320CA577222A7020E7824500179FC7096C714884B
310
DFD9499E027ABEB3CB0226CD293CAE6E0C41A6788F396606A073E28CBE5CC67D584D36CA39D37974FE1023253E3FFB007A26F657FFC901D851130DDC2BF54884F20D5D40A0B7E5C7BCC7CC87B84F2ED820192CCE1AABA1FF24ADBE1D03635B5B3B53D4A5F84120125FADC36A0E792D3AD7E255792CD5241A4C84171F110409
310
0017DA493D0A7790A7BDE6DF326180398E4B0DEADA5C2763825E43E05C388E184678C88CE6422606C017F030366981353DF03A753DBF6370879F79889DD0BF75408724DB53C5B0063AB6568D02DC47AE4627B58D7E367A6000267E7840C23A0940B992DB98ED1C4731B4FB4DCFB6D3EAFB6CAC7646F0335C5031888CD74E21
310
03380260AD47176D703960230370FBBF28813524C17FFFBD6288BB28E4F905ADB4A788B40B4A6201C1878BED224DE9906C4C79EF32EE679B9F5D3B5DFA137327320643909A823F62106CB8F9BFE4BFEAFF0FC7A6393EC7F64A698EFF8ACE31BA05ECE6DAB6DF124118D1D13F892F3D3530602E3F3ED3D59DFB821ECFA3D9AE
310
85B1ADAB9E328DE738BF55D5DFD039445AE76D0194180F57B15BEE5F09C07F952F9A10372BC894CF7DA12CF6507E2A8916E0DF430C519485C55D61EFE209912D8C32866214E121611E22A0B1238DB18E86636A3BFAFD5B4EE02FF1E505F902BDF424D0516907BFC95EF3A76B6B3872769D67E25B548F0DA46E2B93DFDFD5F2
310
B9E9EEE1EE1DCC7FBE6380DFBF38A165CAC73DF912AD76A4690D2B766A3EB4AFA2D05BE543EA20B095FB17AE3F1928D84482049B659E671A4763CFA567C08824913D37F2F92F841FC244085C1681225C04AD6DE1684831682CE0D6096B56101C0D4FB3A1BD3F11FC1105AECF5660BD3FEEDF162B0D9DEC6DB55AF27FC98050
310
BDDEDFF63ED14B01336053A19DE9AEF5F5D9E9D9F9E19ECDADCD497BCC57681922F327EB41FF681E17C1921B04FBAE371AC69E53F98183E91B84897A5DB164158BD1D12FF6F6BEF0E02847727BF2628F9FD48B6FB11DF6928C868B29590A0606F92140D0C08850DAA7DD8A5FE8A50389F61288AEB743E9C801BB67DBE0A7F6
310
4F63BC87770FDF57AA73FE1F5A84F8DD3AADDFC32087FBC0A7D645C327B97D65E7A8BBA76DFD9BCEE1B1CDE3F5F7CE4E6DF4013ECD7CB60BD1239E8A4E9A5722AD9C4FAC8F7FF17B214AF8801950430639A08E3ABD05A0D94E253BD5951C885B0CE750309070555FF21F2EF83FF53F4E15038B8D8A244740A5C9CBC120043D
310
A0B323FB1DA0A4EDA268C05A304619505000BE10415DE898809DB6B66896E60AE347ED3D6DC707CB7D5B5BC374A158EDC343D0EA61C217D4878CBBDC1D85686782C3CF4272E7DCFB5E9EF628F5A95AC1AC0C6848F5771329EF8DF2BB79EFEDEC8DBEC72EB7F245287FD4B31008AB38EA4D52F2BF57167159E3004CD8950E21
310
7DDD6F699FC763E9D1A0AECC701F7BD4430A3E030374066938F883C01DE40E7DAFD609345E33570F4CE6BE467FBD7F793B5AF2A9D331D86DBA7BF98067918F9FCDD609A0384B523F4413B574B818C6889FAEFC5E7B8F90CEFD62BC2C85B2478D54DD076635BE434FCADE68B3ECF1C8708E27863DBEC352D87BCC7A92A8E135
310
700CDE65BC114026DE5DB68275E656D2C0D4087293D43BB4C9C14EA83C0D806783B40DD7CD4F19EE9F33801F55A3F1FD600017A6CD5DE607783D5F74E34680E7DAB98D99F6E5B5ABC7F7DF19D8278322F6A97FDB2FADE1539BD945DDF868EE2B8B70D9EDAA45D1BB0A5801198CF1DA891540474745BF0317F8A3703E02510A
310
E94B084221F887FE950272D62D4232781054A87C58D015CD45EBF9B70E60820A2056E9D4D619E8494BBFA68B61EBDD8CF52CCBA124BACD4A4077E8420A7F36FCDAF661E577B792A7E1B7E337C7CF1FDEBB3B49F501F3C7366C1730E793F51FA20A9C3D2E9F18E63DC277449054CEADA36DA0807467D45F8A744E1BDED725A0
310
33868703F1392BBE221158220588F30574A0B0893D0515B0B7C404AD0E7F40C11D504C49BD7DA39A85A19CD7357DFC966E5D92272FF06D59CA5A6A1C8AE30E52F1247C1F1D78F81887F9F3E387075B170F9F5EEE4A7F5BFC69DF02FD8795FCFFAB472E7C88D563DA514861B85BD41594A75F5E866BE69471110A9F75C8609C
310
7E6BF6C7C727431EE3E9E3773D2378C25226E82C08104A57ED273FE0921D6990E02B006BD038263BA360355E8DC446A380F0BA35FA9945A80CF60DFD54054202F91897C241C147D59F8E0FC67CD0F2BF377A3463F8BBBABCFBD6833C57E214AC3F5AE9C2FDE88852968F20337972C7E04EE5658223008AE82D93BC37D8DDD9
310
00BD6B16EF221F0D4149045D740A8A215D4FC186C658E01994B8CCD317465828704BB630DA2243B3B4ADD3EA554A97408454148C04A1A0CAAC2E04033C04073851F54380E0BF2DFFA43FAD3D6B574F2E1E5EF6E5F4FEFBD1CA87C161FCBCF5C7AAE2F726F814027BAE10F79BC3D765D61D1803952210A9AA07F8C6BB2105B6
310
1145B324F96014EF223D4A9261080239F03FF6F4DD4975C183B887E081F7A467A25EAA0C94028FEB808637768B07400A8235D4EF33143253198900E079E3FACB0C59B00F827A5785A6FFE2FCF0C0E6F1714F11CDE5140D931D707950631F3DE877F300002000494441540ADFB08704E252AADE1BD4E8DF55796A32B9B6F177
310
37C67702E5C638682737286CB0E0A89B624D5BF28222432848C9AB8C07170C97B814FF492A61072407D638006F7C8400860444C01B1930A522788045633DFA9507267A3A42BA05925BAD705CDD3792FA23C1075C6EE768A673919EB6C3FCFE7629B7310AA794CC9C0D14A1FB88F95C845BF22543F57996E0B26C9E4C2ADF18
310
7F979F8A55F11B47BC26594C52588518D25E6C2B1CCED231EA1B748F093E5726A21A54C91EF95789041030C20FD5AD68613432E19A4D0DA2505B6BD843516E10BB00AF9AC315EE9FDB39CC1F9EA59CD88F9CD071D470C86C4647FDEDDBB1CDAB81DA94034747A779F4CED497CFF817348F69F52E55490840E48840BA72DB71
310
F3E84F6DA2F4717AA928F153DA6E4C7E8E00363CEC9A2E1C8E65F298FC4A52F087FCDEE5CBA38A80CBE11FF7BC2AFF249203FFAB77A128A001B1987BD334AD9B901890A8C2005B6B248196AD09C0025ED841325B31845032E327C531C839E66DBAB39566B631C2FF0A1DA5A3CC47E665AD8751B47CFE33899DF047C9F3C365
310
E3B11278D49DF939298E09002F6430F9958803309827A7C791048CA070061B7E9A64C557D235F83EE24822E5EAB805F9862F20FC58F483DC0EF02181F572930205107E00E523861895A2811309808F2B6C14B2AA579E893753C155D2F54302007E9FF36AC5FEDBCAD47E182D91A73920CFA5C18E01F8FFF4C3F1FF553BCAD0
310
E58DEF85DD63B91BE38ECE1A9FFC4AD4A1FBA30D462C328C5A0340DFD393D3D3D3C0659195C96990F391EFF4175213BC74C020922D4830FE215E76940962BC0713A3B82784C0CB6623DC40D6E1485BAD454F6892200B225096127FBD82D2B12006BAE2E329C771E25FEBC0DAB3B5395289D56D7A8A89081B34EE06F80F819E
310
FE75C67DEEE95D227E283FE98A7B9F1C97D2D05B4D07A469153C3DA3048EA68FA667A6D90E291C7D7E2D063E4D044964D055F2DBF3E31BB851AE9F78A0A7314F0AD24901F581D74A6929142039C65AF5830D1C809536CDC05E4BA51038F79D713DA930CF18BA3010E385351CF47F74D439BCBC793556A1F99814926AF12835
310
E251C59BEA3C083EC2B2760FEBDF4304C9EB87B35769E1EB24B648542CFA4EBA9EF93CD42F03C08F249A2C98897D8E2225E90077823F4A52171A61219998CED6FA050992B6B0A74A2220ED12123004FB977084208F8E2AFC80F456CB110BCA647A3A0F854085D84FE0052BE31FFE7F925610BAFEC06FC33F9931BF063F39DB
310
3D1BB20EE357F594045F4226131578582CB055A59A073AE0413989D215019B6EB8A21CF154D71164E0D8F4E730C2CD382D098DA5261456A425643686BC8301710F2C50665881399156AA2B4C3191BC555728384800CE10040F746A3D8A80A5F0E500A93456FEC52833BBB45203DACCA37FE1D3EE4B9BF0EC27ED47D89B8266
310
F11EA2DB8B5A8BB93EAEDF0C06B7AD0402B9EAC6E787365535AF19F15158308A9D9785C1BC1C01377F8C6B4D07B50DAD25649764A91DC9812C7B34CA98184084F7C01055466B48058CD44085AF26648520C85C41C67805462D8425680425559F4440F3ABBE1F3F81B1EC72708767DDC8FFB6465796C8FE310FEABE0C9B242A
310
74137EC3E0427091967023299BE5D6D4D0C6D15747DC2AEA4ECC57C72856E827D33CBD319D70FF854369EB841282F84B7CA4881447ACFCB257E252E00FBB3272120A75B99119840858486615636E0E0334031AAA8C08A62E080053A0AAA4158431EC727A084021D41CF5D630C94184F6FE7432E8F5F9A4FCDF3EA7CF136FC2
310
988093F98ED622E38E4976E1BF0CF49D2889E6DF3566719FE1F9B47A2D3BF89C69155DCF24F88C609EE551160F0415900B4C48FB013D8900A9192A700748002924771A3686A0A580FE4009E00ACC090253E280B90AC15048E047020483A038A60ED232831F2CC90498648690D960C48E439F18F4DDBEB0B6F5AC7B7B89F623
310
0243B4FA160A7B9327F3AD5D937C8BFFE5FF8B3A5E64283BEF8EAB9F71159514CFED62DBC880614AA1F7994CCFAE7D8C87057F451733699B8DF87056E1F0654B5021E38097E4E23221B810DE20559AD183A61C2C88A648DB096081E9801CA00BC1DA0124E08DAAC15FD2936905CA8DA1C40E42B13F1764E0C4015EAD7F8BFE
310
C99A310B1B7C0BCC7746D3C0702759C89EAD57122092122D1F857067684A578F1DAB7EAC400841F493A468113282FFE42316CC74C756B1C880FE78795C692813CF4644480EE9B02991BCA257A71861F00666D9410288487618D120D0E80D7773E2B7DD180E100EC98B221C94BFC4FF531A09B986230F1CD08378A8E4D0FDD7
310
D9B1BC75F5C12EAD7FF83F3ED19EB018620303C217A6A35D826E72ABF2D8E2BB1B783F6E48D2E3F360806E1D192085D022103473A10375B63853EC54F500B5B064DBC20945B88160DCF7E4F83A0200BF6FAEAC88E9F54D22D898E43F378D20B51B5D6B1457000922202800DD401A9266483029C0D6D57ED80D42A0E6E08835
310
F0F3AC73D7FAE6D56185F04FC44472B854EB7D9CBF7134DF3DDC35A9F6B38417DD6F508B37C1A718B0D054124176F7222F62DFB327F34D451799D56216880193254FF782D7DDE26C271BF38C6E422E271CE4AB8823C9510F021126A7A944E00DB4031D013C88EA0746C96D4574069BD5439C4110403B40020C30B07A604F1E
310
41D19C21A93FD9002DFC35F23B1E7B98E95E38387E3603FE7393680410D702FF9ED5A3C5E5CE68B5827D721FA78F3A9A0C08A79722D9C9B418F46C0057BB1640C70AA4A03D29CECF33987596D53CFB27B32C3BE304C540E14BF8464E080918268D254838C91A01F0FFB99154FD8A9C0495EAA6534A6C464440B4A71E16100E
310
7405088122A35F7A511DC003D002E6C8E7E15F6D1D2FD09014139EC11FDC89394621F77B9F88EB5A583C41E2FEDBC8F82334494C0BFA97FF3C3A34ADE60385B60E5A30CF036E5E75370BE3B83AE73B3B7DC0BB337DA0045299ED0C66681E4AE223D01B1BC3BD4C921E2005FEB5114739040758189BA8A320067B62A3995E47
310
20055065AC2B4A8006BF8CFCC907C0063EACE41813C5F017065AD46CFDC6FF1BFEE052932CA3478C8E5A6F25DC8503D40F61FC1B047E4DFFE8E84407C81F1AC7B5C79DA358551CD0D13785A9AEB38D6EB68A0A8087FC6543E7471082873CDCE5CBEA1EFC5CC0579469E225428E9A43D6A6000B4219DE52E8DF00A55F4BF503
310
5960661C2DB88AC1F67C2890A93FC420193C8326409E7B595FBBBA9AE1D1511B3F6D65B09AC10A71C2317201A603E88C56CC68C91279E83F5C147787EFE6C675F00941D23EF092920330982DF38C65EDFCA89DA98E8ADDECCD77CB86D85118F3DD9884820B1128010D02F1060F582871CC8FF42024C02239273A1CC3BF71E7
310
70DFB7E96081682803188118B50310BD620234F230B12711B063E0F0490FCDA9248B580D3D3DE944A30CFCF2A1E0F6E59E8FBEA289CCCC943785BB8880ADA9C2FD70F6A13F5418444E3A669273C006C4B4EEEC067827539FFBEA9CFF04D84E7F170480037005AAC8829084329899F90B5E013927F8E646514B4824B01D11F7
310
2C012CEACD163B6358A4454A4221D06E68A71062520649BF9E9127D0772D6E5EADED52FF216BC2FC513C7D3C5CC4C8AF009811826AE20203B076A2AA66D8D32E317DEE0EFC000FCE16D9E0BEB17C74AB009256C5D8AD1CBABBDA61402612C675FBD72D07E633B1A42F2421208CE01397560811204306617A5141706105C9F4
310
984C459F2D0F6C392FA05BED808512B0B9A8A9FC6CED89640EA347D31F0DF76D3D9E61E800FE9F7601BE4C9614A1C58E6C839F13A12D0EB426DE6386B82369A9E6A7F1F9146EB578A2EF4289AA109B4F6CEFEC0463E0072A05CC9DEDEDFE08407B173B8AA65399C80B2911252E6290C82CC1B8909140C11B7AE161B42B9390
310
5045D017E00CED6D27AAA15F2C2179F1E83D411A7020B9408D202381E7E5DEE5A9E7E5CDE3B186433F488AC81554BEC09BC579018ADD1DCB3D9D70F02B14BF9159A4DA376225FE43DA224FED327941705DA582B2FD1BB5DC0540667B650BECDD1D5DDFB0C7F36DEE2B94F6EE2EE4E426F20A1174C31DF153321A24114C4FFF
310
25E505475F6906D4149B21F1BD9D9DF7B059F8E0FD83323CB97991FE80EE131A9003B81C491B218B1D42C0C0D593D9D548003839DC29A740298B0C23F0CE14BB167BD61989AEF0B985C8FAC8F923A73F31953989F0F6C96CA6C4D0A9A88184BEDBBBDA3BBADE77CD8E2FFEDEEF46184A86671D7DDC51417477BE9F04804F30
310
5AC82C2D018A21EA903866A0F959FBD4139916D036635EE03DDB7408BCF0627A03027AD314C09B0A27F0A79490D53839D0DAF1416995CAB24101FA63F75029D57A4CBBA9FB4D120ADB17FB5A999FC9420DFE04FA670430B90FE7F589F7FE8D50A4B5F004CE5F07EB4EA007F8AEAE8E8EF7DB3BE2F81F42166C7246FA9E62D0
310
2C8209BA1024414C483498B50229FD923F2414040B2081390AAC353B5283EADA12A30B1080866D746B9ABF5BC107F33C2A015B275480759334B83AB02175EFD0DEC785DFC505E0064F4EBA5A97073A74C5C9FEC97BD25D819E28AEE661FD2732B8BBFB1BF13441B3C1F45E8AC1752BBF80C113DE960E0AC7D9D02C58C80505
310
A19BA0E84B14402601A590A4AE00A825E98C3212342302EE10FC5100681F86834A2804BC409D70270A2091DCE874B16BE0706C974EB3D26EFEDFFCA6C4579AA4DB781708469F055532A7046C6BEB0CF39F3ED2EC4FBCA3D00EA91CA68FD2B87B5C191E0EB2C300F00A1C9881F263571C6CFD83D079D09F176FAD839340CF03
310
0F70458F81F09AEE1329505150CA0A00576B56C06D58070B23086F685E44232D9D53DE3FC3731044F286D19F459351863F749F1104198D6E14BBC68E17CAE70D7AFD958E350BEBBC70C9C4DFBA075240DA27D40AD7DB063A097DD3F041EDB3E4B682A7A12A548F3393DB01945547175879989302521EEB1431B08759B632B1
310
74E0F700E774FCA1BB83F95029ED1A084288C8893520E49415E00DA080AE8027C34206D35491D050A4C6B080F6A20889A2FF82379AB6234F6710C05F9080ADF002B9C9F9C583AB220F45D618D7E7F7547FB27CED8A8B7A7D24EDA4988B0C1C2A1AFB53FDC61BF3DE50D63C560F0120B0372F0839DDDAF13E583B868717C1CB
310
8CC71D1D7F440CC82184803144196EFD58BBE00B7EE77DE8C015942357FB06FC906A5E2B8882CCF9FFE184B0035A5CF186A962A63F84B3AAEE3D5A2C830008807568B6A9F424086D2095A3E262DBF124350082C4B5DF4704A9D2C93553DE47BD6766B69349610716999FA25854F759CA9792599D3837ACF6247CE8597B0F96
310
0FA3EC45B61715050260C5844FCCFEC9666BC71F875B17E3BCB4CB151405D7D08F846B4CB952248B4603CC402B609E90F0044A007FA800EC46D07A51232B00E5683C55D5096E1374DA4FCBBDE2C25A5B8D26008227CA7758033D7D70DF12CAF7F247939F93F1CC63047D63ADA0B7CC8771B234D8095FCDB577B586D1834062
310
035670E204B245EC093FCBE15626C10D210CB38A13F50E10A0D5C0814B0C4B30AA9858516001669002229618F100767AA3D6D2528595FE7A398C2D2300ED0013A0AE60B91644A057327BD3C36BEBF48C91279B45F8BD145494674AFB211A91977CB838DF35DCB3D6D6AA2FB2784B591ED785DFD7DB77747DAC9D2F7674810E
310
FC2895F9ED8007EC7885101679C06F21E4B1C8A6120956F80518D1DAF1717BEBFB5803E20C6F2A11B2E48AFF4AD2810A70054623E341B3D1ACD92DA91150DE631EEB2C28882D092049C0DD38E262A7BD6F98549930C9D44B7C37028AEA9F8C5628A2BEF5704C0DCB2B428181B1BE766F43014498D2E57791E4C8DA6BD2ABF5
310
003F0C40202E2E32EDFB02852D16C30B7F646B98FDF86C7891690043128B0A0DE6B4EA27F08C30CA34C9D0AA0852A5997F8D11A6EE84E040B20472020256F4AFEBBB74E6705A12083B249089218E6452C8E5A69717E904A3F5EF3D5D08EC1F4D4E85086B238CFFC11AB9AE972CB775616C6D1DE04DDF073B4DE3747C41FBAE
310
6072901CAD0237100670C5A00C2C3CE063610ED824826C1F6650700E88C00B62468903A0D71D3A390255AD7040048348C56C4647413C2C2561216E0C469203EF06A5B101AD40D0E207F78B124747DB5B4BBB4E88B1C373C114E0470B345156EDDBCE1B4DBDF81DBC400746B0B54E05F693707B89A5E430982C2AC7D10DFF11
310
D5B102B9505034B35D07E8E5F585757F088B390F2D4C85CF7218E8418BB4F25B885053D07D5A908326809F31D6CC6B77CC948413B28664484439D118DBAC27DB5AC40C1AD166F25E6A2F0AE82100C0BF220405323E1FF80DFC518CACA8DE1003F3C9FAE9C7B2D60703A0004F8EAEAD2DE0F5485452D15B77B4B67F4C2403B8
310
D8F9C533558ADE058A9E177A1698F75DC0EB4C800F74C0270178C8579C1FACD025F0560844502D2BBC01E620030CB93636C1041636A693949CD80139FD15BE107F905590A292840F8860706D07E2970A2F15E5B13B87C3143CB2930374CC46A6F9B9D7A5CCCC14E11B9E879A49FBE27ADBD6DA82410FBB94FAA8487D61B51F
310
4BE0A03FD08743C31020D6628ED20305A22C2C2FAFA7ED1E7881C438AA5B9035F20759E243C51F34D0D5F02F11403B9E204CC1686C0B6C9000470561519CBE1B0E4FBEAB37A39EE4B84C05F023858779341991F36D9D9F351E7BB3B5ADF00148D9D05784F9AD8B037D48C01BFA83D4247F03BB768BEEF973A14E610090D4B9
310
6B1EEC5C5E66928F28EBEB6CF578B067DD83086081579848E60DFC7684044D8174993C39F886043481F6A2B743B18749E52447CD4D230513032D20D20206E536E15BCF7B7D211634F98FF9986287F33F9A94615A5A0A7CACF8DF5DCC1AC6EF9AF1945EB78E0A2FED1DA2ACC00EF983F9A012260BD722EF61C9DBCDD8719703
310
ECF839029010CA0B9F100B1D2842153E01A1A3837AB579516A31982FD2908A09100DAE591016CBCD4B011A2F4DE299E1338CE065DC4841BF9895D8C81714800CD08F5AD39601BC929B55D291F6CDCEF2AB40DD5D98F4E6F107C47AEE4A09A079C05316F479DAF4C2BAB83221BCC0CE23FE3D3D4C7BC9AB673D89A3677D6020
310
F6E182332028012FA0FBE0B2668FB85485902A8E7FA0BA2105C213E20BC2169211A4BABA7D693C3F1DA961F203694853137073AD5CD25F1C017DE0477626D7BA55B88F83B5EE513C41D814639FD1BF759171F4577D3CAB0C3DFF68B2D3B1F8478C18F67BEBB2598FA76A4545E9E961BACF657E0791D2373030E0EC9FAEDD17
310
BEA7703A738185D08236C407448A4CB504CBF01FF43859D3115488EA01B55078000DF085911805790DE1B41B6F8CB2889C3834FE02AFE07D85143C6C008438A944EA63E047023A7EF37E13B0903AFEA7BBAB9579330FAFDAACD540022980B65A75FBA17D388F1E6576405CCE7032D95BDA420E7DC0EFA320879E5F8B3B04C1
310
D2D9C1114210C19FCC49DC6A855E12010184DB8968109ED016E4683CD552A36B3AFA13BFC2114068935A7E774CD2C7225642B73325938052D8634ABC18DC9442BF9E0402E85B42F9F3273672DA8E8F1070405D1DC3248487574CD98092B8B956E6AFE1566530B78FAE05B4A0DE51FBAF85DD075C7E11939F80E015A58D1F87
310
E400CFFD2306C4D1D3C634380A201545A92BE01F445800BE12302AB477BD6F62600D211232EB061448A0D2B877BB940D63D059C37E0569A83DE93E214F4BD86209FF6F479C640AFF8AF6D1BFD987D029A94DB7C329B4184D4BB013BF912FB88FEEF913071A8D82B651BC10DB067A7EC52FE1B421883144C00F64FA23A11CF7
310
08BF16CA59F18D4C04B8085964B2D8DA4A855187000BE440BC816FFB13374640B0EB1D0998AF38A1AEF503F14302E2811081FC12EA6CD38A63B33035125F40F170C0B0AA45E9FCA38FC6D688D48563B5C4B4B7C359D3C7AE0EFB16ACD5E2FAA47EF8307044B4EBE1C71E84E742D81431FB06B90B600B9C239E277A57C94C42
310
7EE10E7826980C0136600D916A06058CBE8604DB4D314FBC014EDAACD0820F14BF75449B70339490FE5A0491221BF95F949DF1235380E969AABDBE2D32EB4403D3FDF17F42F9A0A7C28ED75BE86BDB7C7EC80C76F86B8800F77B305EB88F00A4352E0F8089EF811EA02A3DF08F7DA008F803BE4B4EF5F41E56087099E92070
310
8C3D720916444440FDFA013D4E1201414123A09290F5BD7AB729298209C4306D007BB0829FD4EC3A6D7E4F00B67DF38CA0764F832F0448E58439B952CB4F70DF964AFA74CCFDBABBDF273E2FF4F56D3DBFF2A78D42FFF2755DF307066497F44062AADFC0CC546F6DCCFECECFA232E14F408F05477D311B683A35BC245FCF8A
310
5CD2AF20022C21022266905A5BCC8B20235D6FF04019CC04058AC80023662E25F342063165956320BE50370F2A657BACC817DDA3DDD3EFE04028645780A768FE38DBA88BF2EF3ADADFC7FEACA952E5A77568ECF0C971DF32BF1D24F8486B22A649EC81B1B60315CBEFC026091CA45F858D7D04C1B437079431E63E38F88075
310
8842E780A9E03791C0FAAFE10012588C3C592FE35461A6047802BA18686887023A422A49599399893103942CF6DA53A8E387825FA0678B261F139F801E2B17C901D0F5217E07AC2401A87D0480F753FBED44FE949C93A1D042B879FCE499B3D861AEB23F9C1F372F0C24D0B7D6E70FE1AAF60F84BAE642D82F0A9F53E22783
310
915518494FDBC0AFAE7DA282E5050B703570E06319A015E00D693A6BEFFAE493941C3B08C13B96BD20D0115A9565701DC58568A3009DA13E965765C03091F0FF339F7309D44F6E61F837F1B1FF920450EB8FC48F9B40158BE89C81A597CFB0DAF5F5755D3886DC13D4479599B583758CBF35663AA234F133F91D3BCCFCE0A7
310
94367F385C59B19431780F1C099131384056616E15A1563B50021D369C593FB292685A68A8B2A50A0A2085CF05434617E05FC24A6B077B990014421A68401AC4D65788EE25F737EB780D08A6E38F060F2ABD889E1B889C44852C2FF368C1E3E710D73B6589EA83F7417B341ADA1F639A23D15298F087AD0326410E116C3A1B
310
325218433C71AE62C07C1480F1C045629724A076A4BB8D622D24690486727F56108D07046DAB065000678E04C4F8C342DE27F4AC102D854F2D08D59B4ED0E4F697B0FF62F113646BC5B7F3131D4EA8BF8B265EA3F2026E7061B96F6DF3D993276B2180B8E57067587428579460551049049B074CF8B1066C7E14C705F0B392
310
98C0997C17F701097023BAC31081390196801FB0C2A12380042927503D5A01CA127F9841B460310639C674BC8CDF1A320501448E0068905B07F6E5602F8C1F07786253438CEC51AE61FDB25FF71B09893AC026A9EAE3F30F369F5D5EAEA5801FBAD3C98B38C13EE017B054F81A56F05259DBDA64FE270B1FC4C77200FE276F
310
E814B916E222575ED717A62A92956504605268408CFE13FD61F84252228376060206802B9550F00B9D47E6AF1022538A752CF4FFF1F5931384A9FF8700EDD4FFA2B93FCBFABB3EA6C607FF714B0B8B04EBBE83B52B246092AB018C0D0002FC490849F1E214AE6FC42009D6D86616C835B65DB9862EFC4480C14137603C3089
310
D0A5588FA27E693DD184131BA4E88C35045ACEF1CDE1A82323C20B842F2419604821196EE8185BC834AD44F8E9B7549A32900196E9ECBBE20FFB4706861AACADBBFD9B56A23FFD3AB8BFACC18B1B5AC0ECD7B6AE2E2E9CCD2BE8AF1B1BC3A813B94107E82DE67A42E7CC7D4A6116700B5B2EE3C338A09B840F07C40A64800D
310
7C605AC42B72227C4C7020AB1F20056E26F542717F56534261DE3766AC10A6ED2D006DD03BA9DBA507AE0510A8B385C92363B9154167F1230C40D76AF6F3BE0CA08F8BA2FFBBCEFB09D0986550E0F0EAE2F2780CDF850CB0F88CFC2815FE87BD83909F474F45DD47F1C821DB2107A8817FD45384F57891B65F2543D0C1E20A
310
89B4A8DF806862AC27C60F6A054627FD344250718AC0FA21CDC4E28DBF2650D1B39D8B8A420C348A4F846E2BE824BF8C45E1DB8EEB52F576F47A75FF95F90FCE0FD3A7A08D48D5B9AFBE3EA658E1676FE3372FB57F0AD8D70ED4AEBA3D4C2BE0AAF1C3AD63A6004D12900CFC481A47430C9EACB390038642C8C41B13303166
310
614210592736B8603AD4FAB17189DBB32F3915F0C380795A089A15228460BDE8E52203527D41B5470901B088D84FF8B3FE2BA7F4FD30ACAB3DE0B7E2FF95807AB0010FFDE3A048F7360F9F3FB9380EE537F16F8673131325D3351A3F664022020811A0FE8C019CA17370725CBFF64132025DA1BE2555102212E80A907FB43E
310
D80A991A8AAC183932C19AE17524B06590B6AD286EB99BAD18FF4BD64BAB519202F992A963648ED30E7521F909F090C0213E367A77D8836BEB6F34D92EDA624183070248351F1A079E5D3E7A9EE81F2CE6678F92E299EE312B6C0572C0A7B5EEE07853612403813152C7125E2022A20C18F855DBAFA399817FC97FB6E1CDCA
310
31D348434ACD0012F0D32A5456B4007E6E92D72B1A4E9971223A42C1042819E4049C0C5801300C0013FA48F8944FBAE71DAFC27F1826FA2304ECDF3F6C10FF47D5C7E49748DDD687DE8E91C09394EE0682A4F84CFD6067EEDF43E67EA46CB2F4070160439245F00343D03BF25D7E2F26FC400A896DBF19FB8D4D0A66DA669C
310
3D608F9CD048A0533621B25690EE19D5D15248E390F042B12C682511B02BFE3E5700E4C9A9B2107A8F45248FA48234FD23005ED1F4EFE80D1320836F04003BF42856D478D1DCA3ABEEE3C68F9F30C3A16E5C238EA5DE3FF37DACC2F8B7980033F47FAC34421EF0418A045394802CE032D61C70023D788136788613887C0011
310
A4EA316E005718AE191F8D0D841B9C679CD2FC478442D005429166F5A24403B1E6ACF3298F388B6D0BA933D92339D48969A5C11F09B4FF017A9900A4F887010C474717E10F36468032FF33F4AD610517777104CD920C3CD15FC5F3B3A0C75BBCA3B00F2724863C10BCD4A0E00736C7981F2F72E4B001438B99714FCFAF713A
310
2603BC710376A1715FC602022202E06FDEBBC680A3DF1C4C095A12C50B554FE7623B50374FB2129DDEA4C392C9188077658C87F55FF92FFA507FF03FC8DFD3F31BDAB46DD51AEB03F7E1B38B8B87CFF47EA1479C3EBAD5C6B382C221C0F1B358B39D76D9D3142C4A20935F541E492E0EF081BA41B3620A8E172B584EA14856
310
32E22A8221CEDAC6110AFA4B6D43E2B76A18AB240BB24337721C9321D2C033B2D3E2641A55A400A28403C12D1DADE39AD23FC5FC08C47A64DC3FF6DFF76B5235124022D7E6D6D5F3CB870F9F31C96FE477FAFE54100068A3A87FA5908A2C08011CF31309C10025B089FEF9C510522B8DC07C30AA469841723A10C08E27F00F
310
7FBC181C083F2809EC3B2B328E294AEAD5A071B3A95C81D2DE3F930372D022C9C793535B92FDAD5426E90490C3C81D000017C6494441544698C416520C1C40C71FC204B22448FD9303782FBA67089A1A7D4CE38E89050FEF5F1E078A4DCCFADA058032C34C1CBC2E1202B1F8962B1A8024F0EB7A11F209E96FB369D4B64202
310
FE7BA230AD24C46413536EAE955B341B726C593B5D4630C0BE822480908522B0D85430230352618DCD4F7BA6D568BF4343801480006658EA3EDCBFFA9702B4FDE9022163C43F9B72B58001A23FCE6F0B3FF0E4E1DDFB9801A6FC42FD0132CC1F2224F89933107AD30B6C9131A53818AE944BE25A70810821C38F098411980E
310
46D108F483DC63F49B91B852351604091D60546702F58A3872A1716411B642C7629C267E64E77719F46B0548FD6BFFFC86A38DBFADFCDF700228C124C8664FAA02BFB1F92B09800876FCE4F2D1C3FB4FD0A44E0106A8DB8079751CBF0BD9340066C3D52BC64706467C05B5A54401BE4A1B0132A55EAC1CCCB10D378A3DFEB9
310
812022327745EF2102886A9142C812A1A2C9708027BB55B7006357459F9C2080E0BC34489FC629510F3017B62D5073E2A2C64048A0A42580E413BA9E08274091A398EA80B5BF31C87BF5ECF8F1C5DDFB4F22AAC181F070AAFDDAE5650C4000516440D8806786D874215149E69ABEC43FF0EFC820FEA112B0522003C84BE03F
310
B76623513B6D840820358B084119B0CEC8C00AE888826339A54091F5FCA513AFE147975BB1A86FC50618D9D74502F0C7C8815AA306602FEE3A5E79E0D7DED1B221001118B73182CD439A092FF801105D1AA14E1918EC282F6260869D55108065988BD67F68E5581720A708051F7C8070F582389C682BE53F2AFD85853F2A01
310
3D21564028E06E79B7A71E43212180A81541EBC88F451E02385100491AB0C4A3BC5309A95911E66D04C0B448366988ECD204C2FC930F8CEE8FA410EE4C25B58DD1B6EBAD83F6196670F7DE635282C0A56A851AB035831725F0471A10FE52097089C80495804100318405F0DFC2136004B4C40705EC9154315129205EC35793
310
0035688F61AC02188250CFA9A980233925F16A117A48CA54DAB6400221976B75D863330942E20EE3B00B08FBB71AA813B0E502FD2B023DF70114E0D7DF2E2EEEDE7B789504200112075478F2FBD6897835C91F0C20782401E801A2F9142700B74805703426023A81CC0BE88B537D0003E0C5181D29EB8D83050964DD258091
310
0A1E7A8138F76253DC01DC2F3824391AD748276C0B0CDF12366625D038603D0003E0266CB42704C8CE7FA7F11B4D59C0BF454A78F8FCF1E50513715D469607031272358F04E0003C90107223A581218F10008B10247CD20D860FF0BF48801040B361808148714764028EAC137E871501EFDD97C89B52107FF1235B0928C562
310
530082573CE137840EFEF82A0BDC602736C595912FBEC69E6A3A26903B3A300C5A098A9E3F1810CDFFBA019D97B4E7A7A075850F2E92569BD960CA7B8304995FD006FC4213BB1448A6F4BFBB3A9F9FC4962D0A1369129B10073771FEDA38B1737B663A71C088D8848027FC3008DAC4E4397A6F76271DFFFCF77D6BD7F1F67D
310
A51E0E08875A6BAFBD6BD7AE52CC04A0B4A2206F650EC412841A48258258E8662C3838FBE21E25172C2A15A4F78D82DCF68A005DCF07047C183E1CE47731BBCCB5469D9169E0D588945BEB637E87802A03D88FB82486210D28FB3B858D13DC7CE75F5E6F3B03C1744D30CC58C7C7A256146853A05243060B850072A7010CA4
310
7CFBF9A1E24F414037B8781E8E9F219A774B36481CB43E48A79819D638C8760D672FAC19FB9D3FC5EA9158DBD0159C27860409682E8FF2595652FE189D2CC2D7C023E944158355806FC320087CC74116030CC376C559C098B93A041C5DDA48AF33827D2327DC761D19C17CC62780D82A170E6CE7415A5E7FE825E053048F88
310
D2AC2A561CA4D4C60098DA28EF1A01382772484698F60C8DD24BF396EA76260542810A625978C03580A9CAB91D10249BE579B0377A3DD15749A45F24C4D81FF3D7D7996F6A1690288008C0FF6CC186DA9D5FC95BB09B1301004B016E707FDFED306A1BE8FA208828F00BF342186839839F1F6FA338DC5A0200FF383DE92614
310
C03A4508DA18F4D85F9354F7E867AA77A42FF49BBE6757A1A7454448D0BFC3C220714FE43A3D8F1547BE10F0BC5A05985AC3C28829A06FE24CD062700601F4AF12AF99099B08E7071DC4626A97C920C3FF96E190C9D1FD7CB6163E800D79E5F3F10A9306C02B799E80F1AB380E0571A584C0370A220C3125000B500900D96F
310
EA40409F980E2083E4EDF4D8D2480AE5667222E020BCDAD4EF19682120818FE18EC7FD6AAD67C03F7DF1955E697456F517AC4F24700C30171C67E9168B109A4F60AFA60F98BE30941BF776DBC7C70792A2FBE98AAA97224F8BEA39B47BFD14A8CD03320DA2B676E3AA397E652E30A42CE2987B7DA1EF7F75242413800A04C0
310
270C62A13372400B435ACD84B8B5009208F5AC73EB149FFF3508E21C2201E0338BE07E50EB47E7FF6D97724A601028C5519073E7978EC88834410450E074DD58AD13A4900103A6444A9CB99103229F0EF8C0C78161EBC68137240734CDCFC349807851E0EB46CE864D2E405ED341B71A390CF2DE20CF5193189E1901E866D0
310
230409684B193D17E2928534D04240937D3C84477494FC5E0FE0B448E35AFC19007926C1C6A6E622FDB8A12E30993C6710E070397C4B26304C0AE38218D19F01FFB15BAE1C0E7E74DF75F2406E373C414E848FF8E500EFAF3C1029C9C0ADAB2313A7426CA9B2C1B9E30032C84EF31A09A88A386F136E8C2F1D582EA0459207
310
015F10F1F001F0B1B7DF7222011EA2001F00BFD36BAEE0850928B08C077030FE3806C880EAA74BCE0863A952812E6008B3A89199C1EE918AF96AF583F1A073B0A355B9D861AF1460DCFB3BFC6B7EFDC834B09700CBED3510E48DC7129041C991F06BA5006CA6B5B34EE21501374E8DFC910042036111EC9C7CFA1C05D48A72
310
70F7F835BF04A4194DA4CF76CEC66718C84CD020D04C412AC848F03E3C61A1C8D50D0EA6838A00376054D3DF61A0E393E1F8B058A6C994093476D601A4A06F0CFD3C0A6BFA910E75CC10400A80FDA93AC9B5EA4303F6C0D188B559086091CC5910137772E14F2376D03181B5CFE74C0EA38440D0AC256D6C4D104CE05302FC
310
C00B60B9CD4D71E08BD40C144A025E60D4C1F45FE846A2105D717EEA84808A5DD90A168E133640311CF05DD870768683F5D2F1800F485AEBE5CABD8FFA3C0BEB33702493AEB551B1EB035EF5C8E5757FA7832141F88E8578A363802B560007AF93D7D470B478C4D00B412D634C9140C4F9275C00DCE8DFE3C7F8C0AFBC5B2C
310
E82E3C3BDF393D4375D50C43CD1C17E3777CD2C170725B7B42B41DF15BFC344DAD089C1E9118522B4A2C60B794E4E8F33081BB7C8CFCEEA0B2015E49D586429C6C78646180B7710E06018A3082243C275F077FBE412C17DE80D3E6B9462C5204C5D980D1DF84A864401C483CD01B143F4A4868087A0F780F37230200A4FBF6
310
AED325114C367C22512750A5C7C3E32D545CE20A0904183BA10015DCAD89864B3E1EE97EBAE8B204266A48E010511838E2FE413FB116E60880C2D8440AC3880DDA6DF6618C138CF1CB2A09637E18D00F80CB0DC05322E31EADB8081C29410903F06BFCDF5AB46024E4A75828056440503C707856EF0C037623DD4922A400E8
310
A6BD75E4D2800905F18450A00CEE88860C8964C7B3F90F56528BA18F71CFBBBCD2D05797E168FC37DB26DBE0DD2EAEF39686C18440820013C1444055402A541400DD362A0A402F1FE51246404E098249FEE30708C10CA0B54601053159480C00BAA9B1223A773234FE72FD5C3BD81804D8D196FE3D5315A0C981D88D04FA01
310
DFC185CA93F9120E1F480B08063364A0A318F08DF95056E4C91F1150D31B011200383502E079EE43CC18603AE2F88FD139C802A739F208E88D06DC78267C448C27C4113C19B0F51B0E9C1C021CF8F9167C6B1F2E10E461002910105D1042792D1CA303F469714C018C23D72179E165049C40E801CB96CF334562E5807291D1
310
E0C70FE6CAD91656715F0E5C5E70F8D7F83290549B1BAA6F781D25180EBCA93EC84E72A74081CE3020789B3790E1A9E478E658C099BECFF01E530E80EC5FE31204ACFF70AF8177A03059240CD074978A002A878BF883FEEC81DD684E406CA630ACFDE87292822A11953710F000885D6F68A67ED40CD772B0828359B753F7CE
310
23D9479AB9845771B389D6A77130F8C134EFC83947392029B10E4425440A84AF0E54825228FC1634D369874739C837A9DDC83C20D320C36042610ECDFA750303710224D01202488012CA847424F8D53F78AB6BECE9B3B35A7F32396AC6B7444566327DBB4DF06FD9616744F4D3A397EB3B0A3FBA8D763702883ED742FE5CD2
310
4146D8E353ACCF811C806AE09914D8446E93840FF4D6C963FF32BFB6AB015D1D3B0C9A0968776F021F21404B6260CF84A14F35180CE20B5E85BDA2EC91FD5A7DBA7E5705F4F0F97AF26CE18E3BA078138202400A62930FA6CC7882F911A92F33E547E64990B0F27323D73B6222863F86425153FA8009361C675554C25382CE
310
148420C8DCC47A20122806CA178A0918C14CBD33440289078A00EC6070184CA9907FD0A1270478E0B325B67C2193694EDB7DD0F3C238447C8A11485562FB4902134E6AC952FD5320A4F7C780882DA9684285CD81D278C0E8FF8DEC9F45D22DC3C2CA99C2728110888799575B6834BF22B0F01EDE72D7F21B672C40F0A97299
310
9E2200B7C91403F9BB3D09C01990819238CBAE5E7510D7D57450507E3DB04AAA0A3C280064E0775380C8C16EEA4834346A04BF0CE847B4B3AF760D06D24BBB267C32E2C9257DE5EB748AD101AF1FD33265E2B674EED8C01A0AC901392211011AC810560F77778E85B13BAFE3E25C95B70919A4862C15928BD8989664AD8638
310
101D009A80F00BDC41AF27602A4BDA0C077E550048E7F1011410F01405045E1C140B4D0E70E0F6E034171C3D6FD12004FCC1FA304312518910356628A4A326EC9ADF5DFFD1B2C0399503F14B4F8E3E0E4E39A06ABCB56A8014687E86E462BDDE5124615ECDB412B7314F62E6E0C76ADEC0F717B360E741960104CF1706CFA1
310
8E0605004B01AE007869B095ED92144A807841EFF2811C047889A04901C809062057192688C92346F97F279449F89B113500BAD282D1DA80A55C27EFFE02C8D4F395003F285B617BBF0831F49B055342DDDD414378E8888E92C16789F269A27C9A221FAA4A0DFDDB9F935B2ECC04DC51481558A69301E0460B02665AC4DD30
310
C03D480866C3409400051811876014C0F294C542821AB045011A3E3F09001FF304E3A0BED05CC11A811B865001769507FC01ADC611F400CF68C7B093606E30F3C7E0F00C1D10C31951C1E2D7252181DA00345842A19130715C736EC9ECE686A712FDB31E4D3E50AB336E5666D7B212C0113C4A4406029709B43D0228F3FBAF
310
49921B19CA0C82A2D5BC4A2079809240F37D3E10F9637607C3983F0458508A98B8B4EFC92AC13530180CF55359500080061DF59B98BB3FEACEE881DC8127F182A885A86FB12B43C590A4380504E32305E3148BBEEB2D2782029765428092545BA5C2C681FC5F8E869C0EE1034A822FF09A12C94084505AA868080303473F81
310
61F7AA0A6610745E280BE4427FB770106F8800EADABA19F453210435BDB2348471B13B65F2FCB554827632C4C44467333E4127095D22092ED492009930413251B5408345065065E415266E20279A40B3F520370BE2050C8360E6BB4601C1673B9BFE007EF5200B6483CD195400A783E6DEA0653515B0FCE8E86D1618FC1EFC
310
15C2E727F24F2A2DAB57326D8D0877D4E298894E7A0C3C7D9CE8A0E2D17AA2020FA1097D6372F2A9F955060FDD467AD0426368C24A8340FD0D6687A76316DEF5179ED9042005A2BF02A5DD810A4DEFA4A8F700EFC50FF4FB8C06410F0303C106ADF8852ACC6A2CA9046E9ED070739339857222CC009E206479886EA26227BF
310
7A341A15C351A8404A6C10080A2140FA4B4E8D9B9A11645899332363FD69887F436A660566964250FD752E787B64BCF8E6C8190DF8EA0C854C062D8A5A1346F810414313E606ECA0AC3A01D6928544029D5F42E202C0CB386F880F7842A31287061F32F3CBE09F2950783394F2F2B23D85386C6F51943E99DD10C8A0000BA9
310
569A14805693274BD0E4F4DC3F28E331EEA91C4F33ABE057889BFB92819187840A08E57A276A8BFCB75B0342668C70C565C8059996D209C2800941A21FB82B2F520BC2E6FE6F1A8827043DE17000DACC8193E78BBB8DF1467978C06F6AFE986123E3A95272CAC122046F4C65C4B88FED2F1CD1D918F7CDBF8903BF1A90057D
310
42F4DC133AF804ACBB58446A0DB78806FC053FA1E45D0AF1112613CC0DD976C5E70AD3282F42725C0D02AC8588DE451B1C01ABF063E7748A3882F0DD484BB78D037F9812240EB88B6034C0AD53E5116D4C6D920C6A89F084E6D0598AD7EB6930CC7B293E27A666E5CDFE9A3FA52FEB3C97976FDAAE9A60008FCA6B33099CF9
310
880D35D419FC687D424378E3099441E110C5B3C6DC311E6653514A67A530D863326C4D8430E0C28024803B5B069B0E60C10EDB6DF087034171DF01F1F3404B27B1056D8C0E56E7CA6056E7798147BE4C2F01CED5987E413AC6A724876DE3F599E0601CE7B9CEF3BEB3671E12DCE8AF9631B8031D3F360B6955DC2342B2A0E4
310
632A00264C0DA002220CFEC3E10D9BADC8904D88DC51928593AA16C91DF6FFF82B3234404C7214D0F8608E0052283EFB2B0563F1D072936C4017706010BCF1B16CDE0C1FA9C777E44E1F5259B0C9BBC8794A82A6C182A3AF56B16921405351FDDC91B5BAAA617860E8D76C97C377FE701A4EB4378FA97C2C8E3CC8950886C6
310
FD93AF70A1F5F676B7ED16CBC56AF5D09110EEB8607CC08A795882358280DDB98AFFE7087C6EB593D62F041CDB4018935238E73F1098100D0C8769818F777057F64C703C6530E142FDF5C837AE1CF66C94C4887D3A3726AB990DEA248F73B5D32C8E04F6714B1E67C53FC52040252E605B322407CBF8C7F05453462A295ABF
310
4D95592DDD76AC23512E9A2DF964715C80DD752CA8E263AC36F02C3C28A133EB22AC8D099BDEFDE28C3E8FFEE3815D5D00C17C00511058354D62443C1A546280E43572A9C661A34FA5891F8E7570608C8DF21DF51DF9D2A84D4501F41B8CD4F4C9DEB2F901E810C0E4CEB6EC08DFB06341C864CF8D0EEE779A606545E1E64A
310
AF30A4324C20FDD3BD558BD966BA994FA915CD162B1978642AD01694E533EC190368A68234657085B5F88E27A0805E04B8BB6A00A51646EE3C10A50FF007FF410F1963CA69BE2002F0F902E701AEC995FD41F83A3F0C3809A3288A083003A6CC2A20E6D703EE48E3777AC07ADD51EB6101603A9FCF17B3D5928F6D742EE7E4
310
CF38AE2B03C5FB39C81D7B2978FAFE85AF3D2710B0582C970F0FEB0E4D1103B8BE2B4D560CA10002FC8F334C891C07B44FE06B2E3ACE5E1E2D1FC32203110ABF9CA0E8381F68EC3C06701328E5A38278A5FCD944CEA5283DA933DF2A2448BD23F1C5D8BE04CC2DC3B43B3EEC29F8B5FF926D11D3E97EBF7FA1BD1E5E5F5FE6
310
D3D972F548547783146ECD84873F377C5820F7F9FCE5E07378D6CBCB7E036DF7F7104079A05B77C6942D1BA95D47424BFC3DB6411009A42E207871B7EE9B06614BBD20F22F7523FB985F3F7068E37600273A3ED0C1CCC380F6EC4AF01CC1CF95E4848B7BF950AD14C44F10460221E02D21D01DAE800F323704C00035DFE97C
310
B37F797D3D1C0E4FBF35EE1E5E9E0E879FBF3DF6F474780A01FB3DAF01FE0C0798218007C2090A3008BA7682A338F4A8804A06CBFE6A80CEC766F49853F15B2F45FCEA3F8250012841315016E75E797EFEEC4ACA6C79F515CF1738F7C36E2406071051043817C9E8C5888D49D0332E800062FF54FA562BF7446CC0BFDFBF86
310
03D1FEFCC9F7FFB5A7F000430755C2D3F72F2D02A022820897ABDD44594475BDCCA4A10AF34C06B08B4AB58BBFAE30999DC66C7CE903A83CF8EB006EEEAA063430F84B05F0ECF644825F5E95073870E72A0771AB89B080022A0C5A9FAF34C89286257FB7BEA000EC65B59750C68E0815B0D9834B15606328F80709DE09018A
310
C2A7817F83F96DB3D562C10A0A31300230CD4200B87F85808BAF64D04600254047F9C14DE93464009E7F5AABB4FDD6D55142A2C0BF1541FCE19C20C899BF4F76AB54B84CB97F88F48ECC029FD253F0C70DF4816B9AC94BCBD653B1A283C4001A0337955E4AFED3FB790B6B1F5EA0B5514074103A38D84280EE0F5F9BE974EA
310
B2D16AB1EA969684B6E4166CA28264B300474C7308D20013B204A65F82970718D05678B3315D442E1C0A327E2F56556040C005D2FAB1326A68A07507C9E46A3648555A7080F5F50219A00E6222E3E0862CE95B5680930530742F1D041805E69B788161F015944D041182B861A2C17F3AF01CF5BFDF6C343F9171F5B004BF59
310
C016719164B888EA206A02AD05E8464D06B48E4381A0E9345FD171625AC22198F57C003BEA5510F81FF78D31C9B033D0030000000049454E44AE426082504B03041400060808004D710A5D51464CB48900000043010000360000006662782F42433244383437382D424630452D343534412D393335342D3631423941433433
310
464230312F6469726563746F72792E786D6C9D8F310EC2300C45AF127987122606C71DD918B841D4B851A43646695A717C52A85029031293A5A76FBF6FACEF7DA7264E43906840EF0FA03836E242F406C6DCEE4EA06AC22492573150D1F66C60C640E8938CB705396EEDD86DE9B5042FE27813D640EA63BB001C722AF6E55C
310
B61E4863F58284D5D3F53DD715CE1C3985E63FD7F1B7EBDD617E9F1E504B03041400060808004D710A5D7EB517AA3A0700004B1C0000340000006662782F42433244383437382D424630452D343534412D393335342D3631423941433433464230312F6F626A656374732E786D6CDD59EB6FE23810FF57ACDCE72404028515
310
65C5A3ADD0A9BBAB457BBA6F910986FAEA3CE4247DDC5F7F63C70E711A20DD87B43A2A95E038E399DFBC27D38F2F11434F84673489AF2DCFE95988C461B2A3F1E1DA2AF2BD3DB6D0C7199AF224C96BFB2C14E3885C5B62D99A4D0F3C2952B5B4237B5CB0E6EAEDE26F94852426160A19CEB26B2B0B1F48841D5CE4C98E648F
310
CE0EE7D839EC5F1CCF29379A640F1CA70F8DA352CC499C03ABB01E0315C58167FE0491DCD9D4151B8C6D836EDBFA67B6B9527093511A67398EC3375C358EEB9FE0AA71DCC0F35737FDE1C41EFAFEC0F6477DCF5EDC2E56B67735E82D47CBE5647E33B1D06CBA4D1256292025F10EB4F86ACDBCA92BEE54E22B14DAF80E9338
310
26A142B36DC38E28BA94644D4C0C603D295A4D21A5ACB5854147E14F6CEB048AC19281B6164E7FD7AD37D9FE0320645DAC94674458799673D0B5C2BEF487DED42D570DBDD00C4538279C628618DD72CC4141B0B554904146788B20850466528B9A5E9D5730ECCBBED4C6E5BE604CF8AF35939E16803F923C939CD17F093F72
310
5F3F0D7802690B1AE763256CFE9A0289C9D4958BE5BD415FDD2C81447B860F602D20A6D834E837F05A8A58B05E59B33F6FB72F1B111FDA0F4F7992129E0BCB93CEACFC4E6BB0665A607C1D40297135757744E52B40FF0990AF784153D01CA72FFE8BAF65E738CEF6098F403BA887EC1EFCEB2171F9E66AEA560FCF103262E5
310
294CC16D7F12A68618C6D9354867D32730FA840F94709B1033B0E97B1A0B3F0743412C812588F7FBED8B355B43308545780A33901EFEA6AEB844F055D28178D3D0505BF8EDA028ED304D3F3BEAEA0E6C86D3B0529521E3297C873F05DFF96AF3E7A6E07B1C927BE5D82BB2A731CD2199B63364806EB8FCB7F527E991772CD9
310
62767CDAD814C2318744C48D16B56C945A90D40B7022D270A919B9724FC1DB19C331498A4CADB7C5A93061090FB6AF41E9C2AD67FDA56DA03C4C19406B2C83E41E729A0A4CAC99D25615089D9AA06061982B0B3C945A0DB6459406384A8A5884DAB7A6D8E403E28CB044A02AA969C3D65EABC9EEE87E5F6410BC5A492E0D20
310
953F6BC2A585FB10C7DAF8E564CF3124D1240E28E4607096D6138C032AF0CEF39C11B60F28634514EC29833C1244383D41BFA304F5CCF5485E9F13BE6B25685A96F6496D43027005AC064967AB32E62B9D72F244459929F399CE06C60E55875A33FF44BA1099A205506D8CD2CC6F6F9757939BD1C01E2EBD85EDDF2CC7F678
310
B2ECDBF3A17F7335F256E3F9D5A2C9A78E56F57C07AA14658EE17FF943116D634C19DC1062E35DFAE1A3CC9ED72E844677B1ECAFC6FED5186AB4DE8DED0FFDB93D190C7D7BE42D26F3A53FB85DF43C97932C29784832B7EFF6026D92697C38C595E6EE6D0C85B2E672B2D3FA6A0AF33F8EA1CD9C6028F1770DA255EC6A2908
310
BB0651F1683384E2F051A4A82084AAAFD57D1A41B4C9475B9C7B675CEE39839EFC78DEA4DF9BF4C793E1B063D89327FD70A46B932184CEB3C88324C521CDDB536A03998E2CBF2BBB38036F5862A3FFF7FB08F0EABC5A31753E3329A6021AE10309F658F4152DA1F492C4AD59EFC0922CA331C9645FF8A65E6CD0EC39507E99
310
59BAC56C69164424C7DF63B1B2D168780144731640079B8B19C2C53AA27201D5B39CA228FA6548F552FED720C351CACADEF812065E5F43A0BBA2360B154C8B239EC03E039C07BD1D91A38E4BD42BF67545D1AAB526F5C977933F018FAE847E213CFA88EEC59633F426E2338630341A7A83D155A58A4B68E9C372D1FBB102BA
310
D5F0357826F4F0D0A938EDA6955A995716E23989A0F5C579C13B79EC08A289B62D2D908A0C0D97A89DF4CE8252F67CBAEB83C364D377AA24AE1D03B52B8D6136D649903752B41AB1D4859C038A71D73B3C5B637391EA0F47CC5F5E65D7DD2F9203A3CB3840855D8660157F8C3ABCB552376AA8EC19E72184D28DFCB617E011
310
3BB23B367306B9B6B25ED7B4972AEEB508A9114C79B188B4F7E2827DC5A06AE8B833F7AE2CF4DC727D2D529B0303ED231F06D326ADCF779B061558E9FCF4178111796E5050AB4BD1419F21F56D7D9C1334282889BEADCF3CFE5B74215A81B5D11B4C90B3845118E4931D3A9004F2378C2A3A74283C2299CCCB60BC2A48E9B7
310
081D9E7E2AE7B039DE32FD74F8806198CD54FF56843048859C796DA975F4078C4EC5F4520EB49C4768DD540CB350C1E9B505169B53E8D09C2D8CC0E4C051526F8C38C1B1717C1019BF7CAAFA7D7C4CA00351E92857B5A70B2E4A32C399A0144EE5BB05A8FBCA1BB3E9F78BAED9413887CB6D9157C21C178ED22810F44B8452
310
3898143E2A785FA0A4382F97E7C83D06249DA6F967EDA0A46AE7981FE448BE86F77CF5C515D3F4F56794B2E220D479AE633628D9A253674539B99A82612831532CAAC8E507F70B4FE0B554846E291881BB4CA22889D58FB97AAD85360FF0926AE7EA0161E60E5D3930506F00822DCE888377D9232C8046391563D4125943EF
310
5510ADE95D2B42A8001E33F6AF57481545B5614A3DDA0A54E4F81F81FF88D73EC25BEA1B6AB34A7001E04ADE3C5EE885A9CB615E3EFB0F504B03041400060808004D710A5D3C22ACE8E1000000550100003C0000006662782F42433244383437382D424630452D343534412D393335342D3631423941433433464230312F72
310
65736F75726365732F322F636E782E786D6C4D90DD6A032110855F45845EAE3F4B0921B8E62572D59B60DD8995ACCEE24F49DEBE9A5AE8D50CE77C0C678E3A3FC246BE21658F71A192094A205A5C7D740BADE5361D29396B9510CB3F8C9268022CB4CB542B97B0EE435AE166EAD6D5CDC7FB10C5D54184E4ED758F8E12BB99
310
9C179AED1704C34C2DB842BEB3D514C3244B90B1260BED44F101C6099BC01458A99EC57C98C47192E222DF4F529CE6C387E29DD4EA13711BBC8F0512EE6FB3B0D8D6D81209C53BA0554D7E50FD8D66FCC5632D9EE2CDD62A97D43A185879EE0DF3C138E02FE4D7D58AF727DB7835D0662F44FF00504B03041400060808004D
310
710A5DFF15A4A45D000000800000003A0000006662782F42433244383437382D424630452D343534412D393335342D3631423941433433464230312F7265736F75726365732F636E782E786D6C4D8B3B0E80201005AF42B6F75B59F0390B113044D83508C6E30BC6C26AF226F3B8BA6360974DA7271430F523308B2B198F9B
310
80925DB700539227A2FCCB80A18E5640D320F996A81C9F32D6E9129A0D1EF74FCE750E6D57BC7165FBCA07504B03041400060808004D710A5D22A6E5674101000056050000300000006662782F42433244383437382D424630452D343534412D393335342D3631423941433433464230312F636E782E786D6CCD94CF4A0331
310
10C65F650978DCBF4829259B82079FC08378CB66A76B6C36B324B362DFDEA4A6AD22450F85F61626BFC0F7CD7C19BEFE184DF60ECE6BB42DAB8B8A656015F6DA0E2D9B69932F59B616DC21D2378C65568ED0B25866820F0EE729957AD8C8D9C4AAD1769B8A92C8E96E26F02C53467ADF32AF5E6194859C097BF0DBA297248B
310
BA70E071760AC27BD223A4F7CA8124E89968AA669157CBBCAE9EEAFB555DAD9AC50B2F232978876812AF2D81C3E9AEA91486A30D722A5E4640F0D9E944450F4C9CB4159DB6BC0CF782FBA0D70E89A3DD14B969325A490A8D2A5111501E2090232FBF60C1CBE8F887EFC787E7938670EAB50345E876576B437DAE0D47694548
310
C4FFBAB007FF328FDD5BB07CBDB99F359C845DCCEE21B93E44F77712429EA41DCC2D7E80A3B4CBE73F2C16D2EA164D1F945DC873B95F8161F071238A4F504B03041400060808004D710A5D67D82E277F000000A30000000B0000006662782F636E782E786D6C4D8CD10E822018465F85FDF71424166E8013CBF770898E85D0
310
485A8F1F342FBAFAB6B3EF1CD17E5687DE26BE6CF012E8810032FE1E26EB1709699B3107D42A1143D8FE6E80FCB81A090583124B0CE9B9A3C9CC6372853AEB1F3BD4FDE9CAD985633D901B6635EB7053D50C9FA96EBA9E558326341BC7A2E4F9F5F296BCFA02504B03041400060808004D710A5DA6D797065F000000820000
310
0007000000636E782E786D6C4DCB3B0E80201045D1AD90E9FD7516806B51190811670C8A61F982B1B0BAC9C97B72CA7B1037C6D3332918DA1E04D2CAC69353902EDB8C20262D23F3F59B81A079470595414B17391D1F19B4730A5583A7ED43BBE4025D9592775E5ADFFA01504B03041400060808004D710A5DECFD112DA800
310
000026010000130000005B436F6E74656E745F54797065735D2E786D6C7D4F4B0EC22010BD0A61DF525D18634ABB506FE00510A79458060253536F2FD89D5197F3FED3F68B9BD80362B21E25DFD40D6780DADF2C1AC9671AAA3D677DD75E9E0112CB5A4C928F44E12044D22338956A1F003333F8E814E5331A1194BE2B0362
310
DB343BA13D122055543278D79E6050F344ECBC6478EDCD76CE8EABAE5449AE4298AC56946789C28AAFBEABC53F3EAF09A84A1441B91F0101CD4780756578C173A578FFDDBD00504B03041400060808004D710A5D3DEE336E64000000790000001B0000006175746F6465736B2D64657369676E2D7061636B6167652E786D6C
310
35CBC10E83200C00D05F21DCA56CA76D41FC96062B120735B69A7DBE268BB7777961F8D5AF396893C2ADB70FE7ADA196782C2DF776D7A97B5933C430F15651E5469C55D70F80A4992A3ADC954792C525AE70A1E4D6AD9816CC044FEFDF01FE3FDE907802504B03041400060808004D710A5D22B01E0DF30000008E0100003D
310
0000006662782F42433244383437382D424630452D343534412D393335342D3631423941433433464230312F7265736F75726365732F322F636F72652E786D6C8550CB6EC32010FC156BEFD840896B4598A876932FE8A93784898B1283C5A3EAE71762576A4F3DED6A76667677F8E96BB9579FDA07E36C0FA4C65069ABDC64
310
ECDC438A57D4417512DC3B177FD1A0B272D13D1418049FBD4BEB0E2967A3B605B56ED23B2843D0112A75CF4D0F417DE845D632C5CC08B77A95EA26675D937AE3099E929976A999B29BB91AED411CD878C62FE480186E1962C330A06EBC0C88D1B1BD90E7F64CC757DE14B1E0D12C3FDB95D732EA0904C5B445B84304BF1176
310
24F848DB77DE14A6E021FAFCF3BEB47C97E9BCD9D03F6E699DFE774BC6C627BABB6D8A0082E4E31E03C19B924E2E8FE8722D498A6F504B03041400060808004D710A5D21E9DAEDF9000000960100003B0000006662782F42433244383437382D424630452D343534412D393335342D3631423941433433464230312F726573
310
6F75726365732F636F72652E786D6C8550CB6E833010FC15B477834D094591715468F2053DF566990DB5126CE447D5CFAF1DA8D49E7ADAD5ECCCECEEF0D3D7722F3ED1796D4D0FACA450A05176D266EE21862BE9A03809EEAC0DBF685018B9600F1906C16767E3BA43CA9A8026A3C64EB883D27B0C50A87B6A7AF0EA031759
310
CA1812C3DFCA55AA9B9CB164E5C6133C463DED523D25377DD5E8401C9AF14C5FD88134B46D48330C03E9C6CB409A7A6C2FECB93DD7E32BAFB258F0A0979FEDCAA10C3881A869DD12DA1146DF587364F458B7EFBCCA4CC17D70E9E77D69FE0E84436FA353E879B54DFFB8C675FADF356A139EEADD755378102C1DF918085EE5
310
94527944986A4E547C03504B03041400060808004D710A5D6C8417B1F2000000B1010000310000006662782F42433244383437382D424630452D343534412D393335342D3631423941433433464230312F636F72652E786D6C8D50CB6EC32010FC156BEFD86013D78930519C365FD0536F08131725068B47D5CF2FC4AED4DE
310
725A343BC3CC0E3B7ECFF7E24B39AFADE98194180A65A41DB5997A88E18A3A288E9C396BC31F1A1446CCAA870C036793B371D920694D5026A3C68E6A0385F72A4021EFE9D183979F6A16A5882131FCAD5C84BC894995A45C799C053DFF4AA55322A811788DEB16E10E11FC4EE881E043DD7EB02A33398B518F9B951E93BBBE
310
6AE5800FE7FAB5A32F1D1A2EF80DD11D3DA17DB3A3A825C3FE74A6CD65C0845559CC990F2EDDBC7D92AF7B56BE0AFF658ECBF844666D42536F86ABC203CF791E0BCEAA5C601A8F76D3CC65F31F504B03041400060808004D710A5DD1A9FB4254010000DD0200000C0000006662782F636F72652E786D6C8D525D6F832014FD
310
2B8677149C754D8334D3B5BF604F7BA3481DA9824130FDF9033FD2F9B06E314172EEBDE7DC730239DEBB361A8519A45605C0310291505CD752350570F60AF7203A5262B4B63FDA40A458270A1060404963B4EB17886B65850AA8D2B55840360CC28288B7FE5280817F898EC5CC59DF31DCE29EF11B6B448CE3B98F12E764BD
310
8CCADAB3C9AB1406D05D569DD01BDEC10CE519CCCAB284FBEA5CC22CADF2337ECD4F69F54E92304C8995DDAACE8D6056D480A628CD21DA438C3E7076C0E890E69F24099D940CD678CF8B687007E8F57227C98C6FF85C5FFFCDE7A4B22FE9C2374F0C8062BFDE54A02409F9F8DF14DE36432FECF3B3ECD2AE166E1E1A05B7DA
310
64BE526BF7288DAC75C253A368FA4832573DF344F01B4FFA84E739870F8AA9C6AFC6ACBF5E9C0DEADB9D7A61E068EF91D2A663ED63B979C5C7F910DA585AC7B96EB5F9CFF46A750D33090F937E03504B03041400060808004D710A5DDF085AAA07010000B201000008000000636F72652E786D6C8D50416EC32010FC0ADA3B
310
36B88E1B4598A8769317F4D41B35C441B1C1021CB5BF2FC4546A6F3D2D9A99DD19861D3FE709DD95F3DA9A16684100293358A9CDD8C21A2E780FE8C899B336FC92013262562D2418381B9D5D970C0DD60465126AAC541914DEAB006898E2A3053F5CD52C0AB186A8F0B76211C34D8CAAA0C5A6E32CE8F96775704A04258157
310
A46A30D9634ADE687DA0E45035EFAC4C4ACED655CB6CA56574D717AD1CF05DDD9FC80BDDE19A3435AEBBAEC3FBFEDCE1BAEA9B337D6E4E55FFCACAB4CC990F2EFE391F893903F2E29E7C59B9519C7D583B65410C259135D31770C2CA44FC09BD2EF21FA1B5094F553EB86D78E034067A10D1383518C7A3DE3853DBFC1B504B
310
010214001400060808004D710A5D0000000000000000000000003700000000000000000000000000000000006662782F42433244383437382D424630452D343534412D393335342D3631423941433433464230312F617474726962757465732E62696E504B010214001400060808004D710A5D000000000000000000000000
310
3500000000000000000000000000550000006662782F42433244383437382D424630452D343534412D393335342D3631423941433433464230312F76657274696365732E62696E504B010214001400060808004D710A5DF270F13306000000040000003600000000000000000000000000A80000006662782F424332443834
310
37382D424630452D343534412D393335342D3631423941433433464230312F747269616E676C65732E62696E504B010214001400060808004D710A5DB5A795FFE3790000DE7900004200000000000000000000000000020100006662782F42433244383437382D424630452D343534412D393335342D363142394143343346
310
4230312F7265736F75726365732F322F305F67656E657269632E706E67504B010214001400060808004D710A5D51464CB489000000430100003600000000000000000000000000457B00006662782F42433244383437382D424630452D343534412D393335342D3631423941433433464230312F6469726563746F72792E78
310
6D6C504B010214001400060808004D710A5D7EB517AA3A0700004B1C00003400000000000000000000000000227C00006662782F42433244383437382D424630452D343534412D393335342D3631423941433433464230312F6F626A656374732E786D6C504B010214001400060808004D710A5D3C22ACE8E1000000550100
310
003C00000000000000000000000000AE8300006662782F42433244383437382D424630452D343534412D393335342D3631423941433433464230312F7265736F75726365732F322F636E782E786D6C504B010214001400060808004D710A5DFF15A4A45D000000800000003A00000000000000000000000000E98400006662
310
782F42433244383437382D424630452D343534412D393335342D3631423941433433464230312F7265736F75726365732F636E782E786D6C504B010214001400060808004D710A5D22A6E567410100005605000030000000000000000000000000009E8500006662782F42433244383437382D424630452D343534412D3933
310
35342D3631423941433433464230312F636E782E786D6C504B010214001400060808004D710A5D67D82E277F000000A30000000B000000000000000000000000002D8700006662782F636E782E786D6C504B010214001400060808004D710A5DA6D797065F000000820000000700000000000000000000000000D587000063
310
6E782E786D6C504B010214001400060808004D710A5DECFD112DA8000000260100001300000000000000000000000000598800005B436F6E74656E745F54797065735D2E786D6C504B010214001400060808004D710A5D3DEE336E64000000790000001B00000000000000000000000000328900006175746F6465736B2D64
310
657369676E2D7061636B6167652E786D6C504B010214001400060808004D710A5D22B01E0DF30000008E0100003D00000000000000000000000000CF8900006662782F42433244383437382D424630452D343534412D393335342D3631423941433433464230312F7265736F75726365732F322F636F72652E786D6C504B01
310
0214001400060808004D710A5D21E9DAEDF9000000960100003B000000000000000000000000001D8B00006662782F42433244383437382D424630452D343534412D393335342D3631423941433433464230312F7265736F75726365732F636F72652E786D6C504B010214001400060808004D710A5D6C8417B1F2000000B1
310
01000031000000000000000000000000006F8C00006662782F42433244383437382D424630452D343534412D393335342D3631423941433433464230312F636F72652E786D6C504B010214001400060808004D710A5DD1A9FB4254010000DD0200000C00000000000000000000000000B08D00006662782F636F72652E786D
310
6C504B010214001400060808004D710A5DDF085AAA07010000B201000008000000000000000000000000002E8F0000636F72652E786D6C504B050600000000120012002D0600005B9000000000
  0
XRECORD
  5
113
102
{ACAD_REACTORS
330
110
102
}
330
110
100
AcDbXrecord
280
     1
270
     1
271
     1
  0
XRECORD
  5
114
102
{ACAD_REACTORS
330
110
102
}
330
110
100
AcDbXrecord
280
     1
270
     1
271
     1
  0
CELLSTYLEMAP
  5
59B
102
{ACAD_REACTORS
330
104
102
}
330
104
100
AcDbCellStyleMap
 90
        3
300
CELLSTYLE
  1
TABLEFORMAT_BEGIN
 90
        5
170
     1
 91
        0
 92
    32768
 62
   257
 93
        1
300
CONTENTFORMAT
  1
CONTENTFORMAT_BEGIN
 90
        0
 91
        0
 92
      512
 93
        0
300

 40
0.0
140
1.0
 94
        5
 62
     0
340
11
144
0.25
309
CONTENTFORMAT_END
171
     1
301
MARGIN
  1
CELLMARGIN_BEGIN
 40
0.06
 40
0.06
 40
0.06
 40
0.06
 40
0.18
 40
0.18
309
CELLMARGIN_END
 94
        6
 95
        1
302
GRIDFORMAT
  1
GRIDFORMAT_BEGIN
 90
        0
 91
        1
 62
     0
 92
       -2
340
0
 93
        0
 40
0.045
309
GRIDFORMAT_END
 95
        2
302
GRIDFORMAT
  1
GRIDFORMAT_BEGIN
 90
        0
 91
        1
 62
     0
 92
       -2
340
0
 93
        0
 40
0.045
309
GRIDFORMAT_END
 95
        4
302
GRIDFORMAT
  1
GRIDFORMAT_BEGIN
 90
        0
 91
        1
 62
     0
 92
       -2
340
0
 93
        0
 40
0.045
309
GRIDFORMAT_END
 95
        8
302
GRIDFORMAT
  1
GRIDFORMAT_BEGIN
 90
        0
 91
        1
 62
     0
 92
       -2
340
0
 93
        0
 40
0.045
309
GRIDFORMAT_END
 95
       16
302
GRIDFORMAT
  1
GRIDFORMAT_BEGIN
 90
        0
 91
        1
 62
     0
 92
       -2
340
0
 93
        0
 40
0.045
309
GRIDFORMAT_END
 95
       32
302
GRIDFORMAT
  1
GRIDFORMAT_BEGIN
 90
        0
 91
        1
 62
     0
 92
       -2
340
0
 93
        0
 40
0.045
309
GRIDFORMAT_END
309
TABLEFORMAT_END
  1
CELLSTYLE_BEGIN
 90
        1
 91
        1
300
_TITLE
309
CELLSTYLE_END
300
CELLSTYLE
  1
TABLEFORMAT_BEGIN
 90
        5
170
     1
 91
        0
 92
        0
 62
   257
 93
        1
300
CONTENTFORMAT
  1
CONTENTFORMAT_BEGIN
 90
        0
 91
        0
 92
      512
 93
        0
300

 40
0.0
140
1.0
 94
        5
 62
     0
340
11
144
0.18
309
CONTENTFORMAT_END
171
     1
301
MARGIN
  1
CELLMARGIN_BEGIN
 40
0.06
 40
0.06
 40
0.06
 40
0.06
 40
0.18
 40
0.18
309
CELLMARGIN_END
 94
        6
 95
        1
302
GRIDFORMAT
  1
GRIDFORMAT_BEGIN
 90
        0
 91
        1
 62
     0
 92
       -2
340
0
 93
        0
 40
0.045
309
GRIDFORMAT_END
 95
        2
302
GRIDFORMAT
  1
GRIDFORMAT_BEGIN
 90
        0
 91
        1
 62
     0
 92
       -2
340
0
 93
        0
 40
0.045
309
GRIDFORMAT_END
 95
        4
302
GRIDFORMAT
  1
GRIDFORMAT_BEGIN
 90
        0
 91
        1
 62
     0
 92
       -2
340
0
 93
        0
 40
0.045
309
GRIDFORMAT_END
 95
        8
302
GRIDFORMAT
  1
GRIDFORMAT_BEGIN
 90
        0
 91
        1
 62
     0
 92
       -2
340
0
 93
        0
 40
0.045
309
GRIDFORMAT_END
 95
       16
302
GRIDFORMAT
  1
GRIDFORMAT_BEGIN
 90
        0
 91
        1
 62
     0
 92
       -2
340
0
 93
        0
 40
0.045
309
GRIDFORMAT_END
 95
       32
302
GRIDFORMAT
  1
GRIDFORMAT_BEGIN
 90
        0
 91
        1
 62
     0
 92
       -2
340
0
 93
        0
 40
0.045
309
GRIDFORMAT_END
309
TABLEFORMAT_END
  1
CELLSTYLE_BEGIN
 90
        2
 91
        1
300
_HEADER
309
CELLSTYLE_END
300
CELLSTYLE
  1
TABLEFORMAT_BEGIN
 90
        5
170
     1
 91
        0
 92
        0
 62
   257
 93
        1
300
CONTENTFORMAT
  1
CONTENTFORMAT_BEGIN
 90
        0
 91
        0
 92
      512
 93
        0
300

 40
0.0
140
1.0
 94
        2
 62
     0
340
11
144
0.18
309
CONTENTFORMAT_END
171
     1
301
MARGIN
  1
CELLMARGIN_BEGIN
 40
0.06
 40
0.06
 40
0.06
 40
0.06
 40
0.18
 40
0.18
309
CELLMARGIN_END
 94
        6
 95
        1
302
GRIDFORMAT
  1
GRIDFORMAT_BEGIN
 90
        0
 91
        1
 62
     0
 92
       -2
340
0
 93
        0
 40
0.045
309
GRIDFORMAT_END
 95
        2
302
GRIDFORMAT
  1
GRIDFORMAT_BEGIN
 90
        0
 91
        1
 62
     0
 92
       -2
340
0
 93
        0
 40
0.045
309
GRIDFORMAT_END
 95
        4
302
GRIDFORMAT
  1
GRIDFORMAT_BEGIN
 90
        0
 91
        1
 62
     0
 92
       -2
340
0
 93
        0
 40
0.045
309
GRIDFORMAT_END
 95
        8
302
GRIDFORMAT
  1
GRIDFORMAT_BEGIN
 90
        0
 91
        1
 62
     0
 92
       -2
340
0
 93
        0
 40
0.045
309
GRIDFORMAT_END
 95
       16
302
GRIDFORMAT
  1
GRIDFORMAT_BEGIN
 90
        0
 91
        1
 62
     0
 92
       -2
340
0
 93
        0
 40
0.045
309
GRIDFORMAT_END
 95
       32
302
GRIDFORMAT
  1
GRIDFORMAT_BEGIN
 90
        0
 91
        1
 62
     0
 92
       -2
340
0
 93
        0
 40
0.045
309
GRIDFORMAT_END
309
TABLEFORMAT_END
  1
CELLSTYLE_BEGIN
 90
        3
 91
        2
300
_DATA
309
CELLSTYLE_END
  0
ENDSEC
  0
SECTION
  2
ACDSDATA
 70
     2
 71
     8
  0
ACDSSCHEMA
 90
        0
  1
AcDb_Thumbnail_Schema
  2
AcDbDs::ID
280
    10
 91
        8
  2
Thumbnail_Data
280
    15
 91
        0
101
ACDSRECORD
 95
        0
 90
        1
  2
AcDbDs::TreatedAsObjectData
280
     1
291
     1
101
ACDSRECORD
 95
        0
 90
        2
  2
AcDbDs::Legacy
280
     1
291
     1
101
ACDSRECORD
  1
AcDbDs::ID
 90
        3
  2
AcDs:Indexable
280
     1
291
     1
101
ACDSRECORD
  1
AcDbDs::ID
 90
        4
  2
AcDbDs::HandleAttribute
280
     7
282
     1
  0
ACDSSCHEMA
 90
        1
  1
AcDbDs::TreatedAsObjectDataSchema
  2
AcDbDs::TreatedAsObjectData
280
     1
 91
        0
  0
ACDSSCHEMA
 90
        2
  1
AcDbDs::LegacySchema
  2
AcDbDs::Legacy
280
     1
 91
        0
  0
ACDSSCHEMA
 90
        3
  1
AcDbDs::IndexedPropertySchema
  2
AcDs:Indexable
280
     1
 91
        0
  0
ACDSSCHEMA
 90
        4
  1
AcDbDs::HandleAttributeSchema
  2
AcDbDs::HandleAttribute
280
     7
 91
        1
284
     1
  0
ACDSRECORD
 90
        0
  2
AcDbDs::ID
280
    10
320
22
  2
Thumbnail_Data
280
    15
 94
    14024
310
89504E470D0A1A0A0000000D49484452000001000000006C0803000000B2ED9CC100000300504C5445212830FFFFFF2128300000000000000000000000000000000000000000000000000000330000660000990000CC0000FF0033000033330033660033990033CC0033FF0066000066330066660066990066CC0066FF0099
310
000099330099660099990099CC0099FF00CC0000CC3300CC6600CC9900CCCC00CCFF00FF0000FF3300FF6600FF9900FFCC00FFFF3300003300333300663300993300CC3300FF3333003333333333663333993333CC3333FF3366003366333366663366993366CC3366FF3399003399333399663399993399CC3399FF33CC00
310
33CC3333CC6633CC9933CCCC33CCFF33FF0033FF3333FF6633FF9933FFCC33FFFF6600006600336600666600996600CC6600FF6633006633336633666633996633CC6633FF6666006666336666666666996666CC6666FF6699006699336699666699996699CC6699FF66CC0066CC3366CC6666CC9966CCCC66CCFF66FF0066
310
FF3366FF6666FF9966FFCC66FFFF9900009900339900669900999900CC9900FF9933009933339933669933999933CC9933FF9966009966339966669966999966CC9966FF9999009999339999669999999999CC9999FF99CC0099CC3399CC6699CC9999CCCC99CCFF99FF0099FF3399FF6699FF9999FFCC99FFFFCC0000CC00
310
33CC0066CC0099CC00CCCC00FFCC3300CC3333CC3366CC3399CC33CCCC33FFCC6600CC6633CC6666CC6699CC66CCCC66FFCC9900CC9933CC9966CC9999CC99CCCC99FFCCCC00CCCC33CCCC66CCCC99CCCCCCCCCCFFCCFF00CCFF33CCFF66CCFF99CCFFCCCCFFFFFF0000FF0033FF0066FF0099FF00CCFF00FFFF3300FF3333
310
FF3366FF3399FF33CCFF33FFFF6600FF6633FF6666FF6699FF66CCFF66FFFF9900FF9933FF9966FF9999FF99CCFF99FFFFCC00FFCC33FFCC66FFCC99FFCCCCFFCCFFFFFF00FFFF33FFFF66FFFF99FFFFCCFFFFFF0000000D0D0D1A1A1A2828283535354343435050505D5D5D6B6B6B787878868686939393A1A1A1AEAEAEBB
310
BBBBC9C9C9D6D6D6E4E4E4F1F1F1FFFFFF0000000000000000000000000000000000000000000000000000000000002E4550F1000020004944415478DABD7D3D7AE34AB225B770AD31B08E2A47B0EE16C67AE534E01072A63F2CE26A9C4CA7B892B6646235FD44FC6402D45DC19C73221200ABAA6FBF99F77DC392284A4591
310
C8C8881327FE529725957F499F4FB78C7FBA0BF83ADEE79073C0675AEC66BF8007F6133C6CF8054F0FCB8C1F85C4FBCC27E231FE7F4E2B5F610D2B3FF08927263CBBDC72A36F32DE4237FCE21A16BEAADE872FB1F8E586A087F8AF7949F3D28C33BF4EBC35D372BC22DE9F5FF82F4F2DFEAF9DA67119DB655C9AF4F175B9A4
310
A5C3CBB678E52EF12BBFBC755A7DC7B567BF0BCB38B5992F8317E5F3712B4FE8EC825B4AA14D2680A5E5F5B5C9EEF143DD2F61CD7E65410F52B3CCED526EED7C4823DB5B8796CBC47F40A4FE7A339ED750DAF8CD098FE7B9C1AAE6A95DE6E63E7E1DC77B8B4B4B1DDF04BFDEE15E8FBB71C2F2F1BCA96D9A696C9B6E1E970B
310
C5D94AB4BE2ABF756FDA7EAEAD0B191F69AC17BD6497B19D9DF4834F8314D6356233B572ED2BBF0BFAA480F4B38E4A82DFA2585A491C5F735AE3FA7C8B2BFE6B6E217C5E4E675A39CF266DCAA55BA583BCA64C1975944A674F9D3B09B39DA58E39C76EA50644D3DB88674257F9B278EF6EB1CBB848CFBA746CAABF315617B0
310
E3F98D22904E4E33844809E07FF8F2D9F632EBC278F1FEE5B49895EF8B479BFEDBEC45925B66D9D612B66DDD223FF58107EBD249B28BD9E3AC2BCAFE72D1BFDA5D08BC978C21ED182882669EEB99026B03773E87646AFB4AD5858AD44BD3B40D55886A851F5CB4F245528120DE8AEDB7F9A4FF11775D9A5AAE1EF2A472257C
310
8D3944BE78B4F7C7A7ED7EB9C8F275E3D78D8F6906B4CF3CB7893A430160D1F669A258B577DA287E815EA727B9C6F5FC1DDE563749BF9BA7A6830C60D4B8FC80DFC3E575144F4C322958DBCC8F19260038A0AAD497F48C8299FA946DF97880FD170ED298A80110C1F07CAB744F5C332D78D281CD367FDBFFE1B26894506ACA
310
62F8F5ADA586114D20063CB14874B3BB5DB0DCFFE05FF0895F99EA29B5530D346CA4379D50266ADF643E0468990BB144CA0E0C205A7566016D72CBC6D32402EC35371FF6F62610940002B0B6696A002A3FAA068032D8BEAFAF7675DFF9ED2DF8E24FEBDFB64083912BC0BB0C219B71778B40A5933A0F7842CCB09E6448E2EB
310
DEF09ADFED61FC1E0C765617019E1771195FA7711AEFF77B3DDEC7A91EA90242B1205DA0C6520FF8D995BBEEC2D52FB2B8D681DDC4F00673800A06E8C09B4064F93A49DB86B0106F27981015A9C283091AF07A56CC27F5DF6400868AF6A3681A1F07AA445817C871823D022EBB14F053FD92AED15007F77CD59B5EFBFB136E
310
6AFF2508BC00A0BD9E6A2C1ECB87B323F4C734E78E9610E4BFF07D24380014FCC52F8BFB2E9940E71E405A806D8702ECF25A4699401C4203A469C79916D55003A6713854FFC6475D59FA2DF08B943F4B4B84742B4D1F3708003F8483A4E2630FF08414F853FC93AAE0CA4516BA540CE08041DDF33525FA6E836963E10D76BE
310
E6F2F121970A4BD0BE71FBC3AB1C4774350032E4D78B7CAB79025382363B0990020805C31BA4368FAD546808D07EBC1704C0F7ACA80DC30E512688A48DB9390E68CBA9F905F1241A0A002C2783098036F40B440CE503551AA4316BCA455D401DD2012706033FBA4FBC12960EFB7FA116CC2F70F9F512293BDB362CE25568C9
310
CD04AA530872A497A5B8C1130F340E20F0EB6003411AD47C9DE58587D0CE05AE40412A72AFE184007CCED2EDEAAE2BAE7E7D1BF647A9CFBFF8E9D38D6BBE05573157B6B2FFB803FC4BF35FA617680115E0851A00E79F622EDCCA45211201D70639A44BE141AD3EB007D07C6E3F4980042153C4BD114C984036CEB64C633FC2
310
04EAB1AF872708803DD2C7E7B2F9EB56096A799BCF5F4EC8DF9F1E37665D7816E0099B4377DD5686A9AE59917818F26D7F4B52800602687CF5FC5C56FA6B5A16562C7FF94AA790B39CB794A00B17DB7A2781F43CE40258772B1627A07C93ED90A65296436E1AA97FDBF4F0005533F7D3BFD8B4E3860B9A7559BC3E5EE7D4D8
310
551A5CD5788D11AA3BD280A7FD03A6365FA165D375AA877F7BABE19DF8D22FD8FCA9FE5B3D2D74143001B894953A1CCD1D76C2C260F8162EA6009DC9A13BC2205BBE54C07400FC420E65E82638E719C1C7D40B0429804940CE4B98687D00622E59FBCC7BFC5F73D5C77CB5455D25C36B33F107CBD4F4F2A9332E1D3B69CFC5
310
A73DE0DD3400742093A626020FD7165F96A186188786C27AF91810048C587C6D77C40033814E8ABB06E3C3FA20330C44026840B17E12A0A5B800317C2A81B092161017B2000AF107BDADF4055782BD9DB5BFDA52EE30040221E08AF113AD1BAAE36BBFF2111ECFB57E30CF3D9E75D52FD9CFAF93BEFC4E26345FF13203A529
310
C5C6350E1DC434B5945A3FD010A7F1EB30C1B0B80102403282867C02DC678DCE04804C19E181E03F2BC0710D48ED2916160D340E9C2D0EB07B066A641303E81923B8B9197A487A240600751BBEEF8B69EEF8229A04BA84E56BCFEAC6D643C7716D2102ED3FD7D95C173EEAA5EB50F549F2E1C6D7F6A3A5D60F06A235840D6C
310
0183226D5F967EA6F4217F5CCD1D5A08E448DC0128277EB39969F78C0AE9813BF2102141260E18830FA6018B822ED8BEF86349020001FD260E8540CBA074E81ABDFE0401FC7FBCFD022CF54DBFFF082842E0A4FA33429E69026B073D26098B850A84D8AD468812D950C100874027C29D4200C15F676899E9AE33239EE2D274
310
553058BC6D5F4FFD0BCD739212F7CDF43BBEBB022269C6D0FEEBD4DFA1FFF73BB677C6E7B59FFD7F8059D7A6C5335C03E6B11140426F7AE0980C6BE297BF920D617F7CA910E04FCC895003E6860884A50203B256BF0A083A0B0A0484FA089774F840A782070B48A128016C694A1679D10B086546581F4CE02B9CC1D4037EFF
310
66400E61304AC0CF260A42C88FC710060460067FED17AA7F639F048AA5C7A37A165CC093030C1BBC0C8D797724F7FE2F3C01AEA79A96A68606D47817C4BC10C72C5692DCFF61EB9D0E74AB7D47404C17F300DD0E00C90341AA88EDBFC4B5EEC99AB3060077117960F5E78B7BD6567F36B563BC57351DE734F7F407D8574983
310
D9ACDF7B68C6485F81E71132AF10EBCB0815A9006A104453D57036C087E10AFED0F06EBE0E0D29E97DA4FDE3B599EB9A150F4C508699361B45792C5A96294014F8DEE322460597C57D40118287C29E0CA4EE5BFE6AB9D7CC4084556EB01DAA852028CCA3097C80BE74446C6C26910E574A3D6F066E7153F5448D2B7609AA51
310
E1292D7D01D75F9BBB8348A0F5748B9ED1986B2A4D8D75599A6F81064C7CB11EFFC84061FBCD30918E510080614465D35771C191FEA0710D60962A30B88CB9A080315BC200D67529C6BF248F032D0C000AE0596FCA2730800AD33FBF4985D6211163065C184CE0458AF051F72FBB02E002E10380D83D59C12036070DA0CD37
310
D5FD721FAB2B14BE407DB3B851F80F2805F395D489A6F98F8AA903C49ED5172CF8047AFD131E62F3ABFB74FFF8020672872F65A4DA345D641AAA5B45CC954B8B8A06440C94DC8BC080732AACA401CCF3BD592C4AAF19427B9F95CB851BA45943005FB107D8A7FBDD4C60623A4AFE9A970C156DEDDB99865C2EF67EF9982A6E
310
23367B114998CCDFF55779C869D2579098E919E888017F797BA95EEEBFDDE9955F8C5EE23E33185AB282B4B0AE66FBAE0896326530D41513480A00ECCE34C0E0DFF2B7B02F06FDD400AE0FEADF1F9E881F337391F88FC6A9BE984B3B34E31DBBD30F97CBE57E1F3E2E5F26FB8DF92A2A508BE8CC12C0D500911A70357A057F
310
50BD604D43FF4B7C39B441CF1E5F94072106F0529A468A8F05C9072A65B772D395248A720A51B180BCFF52B281BB0AE8F6AA7404F0F2E37257EE710741BEE79D5B3FF603115F6148330F93873D1200E4D1D4F75A90F905B67A878E0E440D980677FB67F786D59344E355C7813B59D13B0C3D7E754EE07D46AD617C30AE19D7
310
C0F7C15702C37DFA806FBA331F324AAEB5169B7603D881908E4014370803DADDFFED24589E30172A245DB95F6AAB680C89EE0997C48BC2CA8717BD3F71A7814543032CBDE102F83ABD7CB957BF0D977FFE677D19880114004CE34A3A25FF4F4C99A01035B14D1C06E0C957865B006E42310660CC1D4C78EE1765B006BE32DE
310
91EFA14F78DA617CF9EDAE00AB8610E839A6441E9092A78DB8FF2526CC4A14F2D1C5B7DE6CA00D250F6069EF4E1440D0D94C59581A8C7489050E1FF72F5F86CB6F8345AED43BE3EC7C3428161A702D1F757577D5BD00038691BB8BFF832FC38A28B86BA39BB060A109D452EA113E915E40F9871785D40437BC2A75845C1478
310
37703BA07FC3D78F0FA8C028D78CD80018C0C41430403CC8905020B03A19E0CAE22575070468ED5DA61204B241CB1F52035EC3DC66BD023580E006DF37C2EC60D7FFFCE7E0513E3385F678A22A602BD370272A3120AEC68F4BF5E57219A123F8552CB4C527358057403A6EDEA0557030203E340C18F91EF70F988012080C06
310
4B3AB9310FE0099AFB07F4EB3E35A372628C9664FD735752C722B2161B8635D3B5D1041683804EDB5F44804870E5EADF540C146B981D48D6012E5634787A19E0782EC3C787E11D3EB13B837F856A32F58E0B86690206EB8A44E8E3F2310EC995982BED554C54F0057005FD51A0D8508E8013F0A26ABCBF60876B98C06CEE05
310
72C69B24BED140D4E5F7B09B8114E0CB055C5A1139E40413C0B2DB2CF0C6E6BD0697C12A055055E3F572DE7EAF08A822A45C60E781006B78A2D1DD1E0B40E4E35E1A38A7B90AFD1BEC71F9F94B359F9FE13FBFF63F644EE40E113BD29950B1997102E0416546A6602D8C740CA0ED2782204D62211DA6979D991A6476B499C0
310
7657C4C37BAA3A181C5A70E43070D989609B8F6A707103960BA10EE459297CA6ED5B1560A1EC63FFF271BF433B9F2B25FB1A073143F8C1863A59557363C9AE7901956859F4ED809E69692CFC4E8CE5FA1FE4D89C64F66F6EBF4C2406927A2CFC95CBEFD6C8E57B5498B09DD19860B2F0AFB540505E102430BD3A0A4A0AAD79
310
83D4C1044061CEFE6BBA8375A760E93FA5BC3D756BD5906E0EAC8C769E137EE0031B83AFEBF608FDAAAFFCE996F1849EC513FC52F66C7A583C131CB2E717377FC62945AEA7C3473023089599FE060D60112C5596A03D2A082AA2ACD48CCE63E493091412908F4CC0AE022CE32552C2149EB4BDBE2310FE6FC5F98FFD46D93C
310
FE9B5903A85AC5F053499129558129214BD6BFAE850478F13A920BBE1A11EA4A2C945B4341CB03290E90AC100CB2D8084809C3E25D0864FA53DD23B8197B9602BC0A1CB652C02B65E19E355C6CDA4D4BDCFA8DCBC5CAF1755B6DE5FC869AB006DBE29E65833EE271DEA25551F03A7F95760D1553AB083A111435BF8FCC0ECD
310
1000B60C5AA0A475B0AF5A8E0841F7A401AD55FB73F67CE85BA99D082C838AFB940FDD60E96800FA4EFD153AF7979756F558858A615C25961E74FFF88BDF80902880B0DD56FB4DDCBAADAF166FC9481EDA7725E3DF562B17DEC30154D3EF7085EA1CE92A686C7BD46B5FBD806B54C09244A601D9CA41E6048B1B30476091C0
310
9A5A2B13311F37CF62DB7443F34B3F03DCFACA0A39DB5E10742DA03654BDADE0E112E8B36940B515DDC7BF68B522DBEA2280BC9D6F1102B077885E22609D34DC56FC6E070130B7DCBC4C06BFF5928801746439C4B31B60B968559650DA70297900EDAF88E09B954E6DFFA3A741BC680A9F0D0A6A00DF2D6462D00078F30A51
310
062FC4402A966D93F69A001E26009A40B851033E2BACFDF3F6F978DC0E3998042880C74F02A006442FAFAD71733CB4E2D352C5AA9BAE084FE140C122C629919B545DB0AE95577D9811647942B903FCE0520A423B087639974C883267B295755EB2A9472007575F4F895EAAB996067819D417BFEED75DD1A0CBB778D82F6E02
310
DBE703CBFFDCD7AE3BEA41D180B495BABA2AA37D95CAFAFD3F24F2F546016C5044A623AF8A0EC77AA1C7ADB0D3A93BB75358E93A9A3B6040782900403F5740A0654380270D2D8316D85D23B4083F547C008278630820F9551D4BB7071918300C3F55C1FAAD0A14C0E7630BC50B6DA6020102F829033C0C00C16EDDD76EF060
310
DAB6AEC400384180A045DBE32826081EC0AC70DC7B37BA6D355E28321865024736D40A425D7217E8C920BBCD6C3911244203B8FFD07BBB350503B6B227DB5913B09C7E236B63F679E6BB81FB6404B4C2804F294191986B024D600036F50D1B171A06C024C6AB6B006DFF762800DF2874D08074E48E2B04420CD02AD6C6C27A
310
9450CD195212D657200CB07637A15F6BFD502519604EC06056D544565306F5ADA83C080CF81B4CA0260630E02A08A0B5DFCE0248DE1AC596C29E65470A80CBA70C24841D076802B77E00DCF4EC909B0D6E21008060DA5B8A7675BB096F3304C03D41F8641AA0D20090814AFC431DDDC8D0CA0241CCB17881D217492618DE54
310
193006A4D409632ACB8EBEA54141DF347343C9037EA71D5000FB7EFCD0F6641AC045602D78935EB51D81E0A756FFFEB4FC8730401A400568A791612516060C08BB82E9CD6E420711467A0168C0F2C278BC1F66B8EA9918D019455D7710B4C0284A08E1E001D97CC01E08585F5DE92CA109E019D673357847A3E57B8801A601
310
524A76846C4F40400CD806CBD17D5D4C00ACEE5100DAFBCF77474208E0E61A20012C3DD3754BF37167DFCF480148B2B7BDE5687505C002298046446860B06EB989B9623A8BC1D02D9F8940B729ACA30A848B3A43D41BEA66E08D812195464025511154CA52180E5B736AA25AFE3EF6AA0F5300EB49334FB74E1AA05A1D34E0
310
DB9CA84C66025CBE6EB6FD9FEE272500AA302B1CCB7C677E1C11E14A019C5C80751702002091200C98FBEB343F0127D3C29D81A0B101B5F26D9D37B39806A8712CEFE9403586890986CE4BAA3120A0312211C360AD760C4B11B5837B54F0BF15BC6BDC25E0FCCDAC201B06B4D466CA4064A268804C4048E0D1C0AE0125C570
310
47E0A8372B1A6018735BCF823022B4E372DF2A978EDFC13A533E5A77B8866E63BF8065B79414F5E6C8D0F2C3B381291BCDDC7520EF320D2CC75883C43C0DE201133520EDED7045075C1152F10244B4F4663DA08B6B80ABC0391CC2DA6402ADF546DFBFC9A383DC140D286F114B030A3E53B5C971E272867AB1CA4CD3013883
310
F10076953023620DA6252DC26F2E7B53D0DE19AABAA9375259FD00DE141734B3B5540260CB0A6500014CAA4AE0D216EF088C0500406DF5B55A21005D118C54BE80C2A00644ACFCBDAC9F74703DB9C1D9FA1616A54CD90030E4BECAEBADC8763DFB5B6AC0B0D408CEAC5CD4185787D09810F0B6CAEFBB3B780DD6D60AF1C44B
310
0986BD415CE90025044B83ADD2286948EC7A6717230220F646368C372980692008AA93EFF644849C114A00D6866A1E47FDB2BB09F89D40201806040741FECE9B7D913AE35D82BFB28941E2D03D1C1EA3D4619400DAC6B51418B0B6E9C8071436A088C092C4C280377EE454D43F95EDB78E1AC64CDDC05E64D68506605EDB2C
310
D6C734F44C8BC1EF5003D6D212F88C831240A941934FCA1A2880CF3306F2968D0A990958F7A64D24B4501EF280E061806B1ADFD0908726D05976061C80757908A15E06F61B2ED480D7531FDB6A9D8C7284EB4184BC286C8980CE798F65CF60484330A94100F3A40C3E936E961C5F16C380D552415AF6F75D06260041C06259
310
7D92C203040F22B49900E0385D034A0B731213DC6802EE077792B1ED20C8628495530CA016D7008B05B6F5D87FDE45C9C0630105C39615B37F6C8E556F90B267C0CB15B66FD49102C00B33170DE734F47F230640001B41B04481E5120F01F8C8C76C5533E701DBFB2E011340671A9084016586853E833A309460489EE0BBC3
310
E1CDDE3618080E5F59A4548981D51590A71D03BC83B98C3358C31D8470E94E25F1D21CD805EB103988C032A8AD224A004041E1ECEC1A201348617BE601BB066C1480430D155B653809E0F3F32C01AC7C131B4CE6056C0CA72D633912402841B67B039F31206C0C012ACF6AC2A40E26013535E0AD3B22C19D0C85AD7354B814
310
1FE09E20A7231DD885BDB9AA1B56F9C58A18C016357181861A309B007622F443304C0D182ADB75DDAC12250C300D782F3C604BA601B968C0E2A3481AC7396980D1819D7373CA0020682D4B884F1A8174535B0B2F99E009FF8E07CC1097ACB0CF07B917607938BA0BE4C40B84B70C363B45011063AC142E2F30CA04D65C6293
310
B31BF0E01E0290425BBBD8DC3A11FA3409BCBB067C6ECB767BC80B3C140B9421A849A2A000BA27016BF9DFA3EEA00179A417609D9E36CA1D6A861B98602B1AE09DCB713D2A858A07F68C502EFDFAEA0929162010587386472536BA0058F361A7E8645E803941664F0FFC3F93E12A4800E6CCC86E54902F2088D5FFF9F9F92B
310
0D1004C8D64489E621302516B79D0C16ACA10AE4CA720E930A6A66A0D00131C1646326F1DC671CAD95B923085A7B7097AC33CC6281CE7D806550A103502692C1550268BDBC210D601E7AA1000E6A727B92814C407D788BCDD4A565E701EF3200258D358DA7A42956F370109C8D3589109107E4B37D09723D35060154896D11
310
02C1DAFC000739140BF8F6530CE1EFD480CE57EF18B0B7053127D895CEB0BDC99A0AD30E9AE288144069809D1778819AF5DB4422F4BCFB87237013D0049419DA8E01D280779649BCFEA0FC7821429A635A4A1B6F2B227428D68E06D1222E089A3DB6EC5710776C481F5D03E23EC8109FFBFA4584BA6348D21C61E8D41BE33E
310
C0DAACE7C162A1215200F31177C0162AF3023F4701960294005A77017C79B1A18201EF06017B34C0BB6EF702E636ECABC5024EB24F3216E586E3A8325B73CD041A1B266C9C076CB2771F3501278EC51D04CF0976E2406F02C1702A0A054FBF476240C8DEACF394F27F8109BCCC3281784E059C72A29B790107F4603BCB9CA0
310
23E0FB0F4921D7007302896914390417C0EDA461BB09C45C856A664309A9B07A0F1772F58124B10C270A04B2D9FFEBEE0D2E2A05594E842C20740201AE9DF940DBFF90F1525D0B9C1B7A5261B5CA7B2D6ABC56754301FC2215C0FC8E786DD519E1348322C07A4AEC9D37CB8B141120242006241F4DCCC428DEE805F612C149
310
13248A4001B0171126C03611256D160B8753F101F108088ED8E072CC08EFF970CB06061F14A6B3E8A681E57B6A2ED479163E4FD3FD3EB0A1A39A9309604F07AE4796D33420F988A5D52698C2721378DF4DE06404D280EA3C79A80E5568C0B380E3AE6CE40155669F2537E5EB586B288EAE936D51A731C6EFE60D62B00C59B4
310
58A02B38A8F948F900EBA8F6211BF8C1E9C8695796145E2C1C06185673B668B0F8A6D335C23EB99D59744259453626E0B286FEBD7A9474C849FD99149317A8A42C46E1599C9506AC8C17E35908DFA32901BCC056CF02C1A7547A8409EC2524DB753882C20DBF97BA80C1401B7C44C0D2C1EA0EB3C62A6840F7460CA700A6C5
310
9D399920DFAF0108E6F4633A1CF1D091E0CBACC6958E35884A49514619B9B80581C415F2CC8BA87065C1D766C3D6844D8A79AF15090A5C05A25208DEA569B745EDBF8C06E9C5356AE83A6F3387ABE509E1D82E9E0F547398E2E05609A16E1FB7E405B71307BCAC6DBD12D7A61F24116A06A6604C00EBF63306140168155DDE
310
E3320A6099546EB2A178B57EA811FF3E4903562F374B13880120425D76BB3A342D96ACC310C0046B5C107BCD53C180584030EEB900F2014E1C5976FCE293D2C602822584AD834E38A066AA909AC1B8934C8013E033937C36313034C9B2C2F1ECFF564F710B04BD452F877DF08D26400138315894346412679E3F26C38050CA
310
AB82237981508AE5F1AC084C46430356F0128260231BB55A02FE8F521707B051D64200CACCE1C5A6442D211654150A697784963A5F572CD546B50D0348040A0630BCA172AE472CB09D30D0BC40892AD7323E1A288079F4CA6B2E262086F1A5760C800BB03C66A6EF54612497D2C1490AD1AA691E0CB1A33A592F154D8054D0
310
272E7DF2D46800BB8734D579F17C88A703A24F8AD9EE97298B4865A24148006D3972804C9085985602F89505142FF08B1B4CA09DB3A5A6493E2CE6E5ED4326F0F38D54383C01ECB6F382E0B100C3619FD57237B8EDD16009061818FFDD4AA47878E98A1B34380ADE1FE34E205B93E9DC0E3A27200EFDCAB4F832A83CE22630
310
B36C199E1D6059BE52BCCC58B7341AD5632D7E8706AC1BF0FF1F9FA7D2B8325E3941006B65C5DB8D4720B02161A956CB083D7CF127461C05821B3BC56802571B07C7A76900B77EDB9DC0DF9F538417F507CA091606BCCF93588F28F708B2D4890DD0DC288EA6BE680A601ED2907869393E2FFFB66B00C00B0BA8C765FE63F3
310
217B13406616E9A1120F23CE7270C8344B006E7D2CFCCDE3FDEB9D02589FDE613D24410144CF07B049D15229E605522C81C0F73D0E2890080D686D50BAF5504053022E84EC5DB52C8E0F0C06C146FAC016469D5281A0D84C600914C08F34F0B1ED853EC01D4B9529EC674C4000F002B31DAFA1083CFB1924CBFC7187006265
310
FA876B5CA6691C5F3EAA0E02888FED766642BB0EC80DCEC3D2AB6F30C94C17E82D1B0543993675626503A79E20B89C8604D81B924C05625A4F6E3030274B0B0834011FB6361E0027384CC080944E25214742A3018102608A66493EBBC44957134002132000BCC1FFBC190AB6F3971102507F13E3C3755BBECD53FDF1514D25
310
1A7C9CDC40794037887821F59CA654E7B6D2E2EC07E86CC3B9FF71CF89FC2FF981EF1C98D85341B6FFB4038DAEEF9110AEBA860988C25000D60FDF721ED4BCC00837D8A51F20C0D1FA51250880AE19E06CE7C6E85C83AAFF136279CBE602BA372702AC9F7C500099ED3D0B871D20074E828DC3ACBA003D6B67F9E5830FACB7
310
2A3811AA8779EA8641DE9D57BDC10B1C5D26CA0DD10DE88E807449E9382FA46373B05786BD9F5233E7A18117761EB00ECD7EE6CD3C70D4A7AA65024F34E01043B5DE08828E1A9EE4E410CD67952611CEF4E6070429CFC26AA03040491D4BBC58CF9FD8065F726D38633C4E470FC2C65860ED20E4FEF761F10B6C2900160642
310
39C2445860D9D14204D82D9E0D0284FFDCF6636032141D98D360793462805AD65BAB0EF7CB7CAD9A6097F6531C6429C17FE906D7EDDC2559401D70F86B37984B30141BF5C48F6736C85820CDED95F980B99C89B3D004221B05D549709C3D51A8E16B8906EDD0103F9AA73312D8ED63F73C7C64B002B1049098156582071870
310
9DBB8A6E30AC3F2503CD0A2400D3003BDD27490928807F7D7B28852083D0F00BE75106A55EF5AA084CEBA54ECF54B8DA3ACE1BD4C3B569F7B9257A00CDF1BB27280E61E7861440E90F2E2DB24132902B641711CB08D33EEADFAB3F001CC39BC4F04E2E80533EF08CD4D5C6146F6630ED2D273C5D8BC1906703DECF430737B0
310
00000D1049444154C5A18725C5C40453D37A9E3E2D534B8063DAE5710E38E3E96D280036C990096A7A83EC915C2F740E00672A98794FDBB8D8FE071F92C1C7FFF669E1A33B02C1602BE293AA01F0FC63777BB54800F1A784B0A25B69C071420D17C4462150E1D3EDF3F339294201E4D458699008D52C591921005AE92674FB
310
BF191BA400160E60CA0478A20EE53020E0332FF0DD5120AE4FE78F10033C19506A41B98C8B9DDC409E108C72081702682B1E06804FEF12040674EADFFAD9048C07AD4AEF282B3A109DAD0C2901FCA98F4307F6BCC0C312C94C0B7AA6C204C070D81856DC9E548D20B8A57AA1062CF562596B680D375F7CCB4EB2F9E11C1A7E
310
7F29A725A4A726712F0B46AF0C40002043EB4A0D50569CC3A9F338551CF0A80E2A7C6A10BDED5E001AE0D337E400D6AA0D1378770BF8F3A7A4D8830DD5835D1464B6D10343640EB5DB911389871998092C57CF077864353048EFB277D5EEE771055AFFAB8EB0895E18097203E14D23223A67C366ECED24A334B33486DF25D3
310
7A360178AA8A4468093F0783BAD82A5B42C47BEFE9867A130024F0A769C07B29109A0C6ED0800DB4B3B7467D2610FA142480756FB83DA95914DFAAD6659CA77E7AF21CD4FEDC7A28F0BD44841608589EF852C6E5FDCC0C6A827788641FB486157DCB3A2C2B82682CD578AF3F2E1FF59D0756F4537D9DA64E81EA2918781CDD
310
D16482ACABF524923D0779B13072EA7781E09FCF18A05B64232D24DECB02A5C03D4C205300FBE26FCF604B3734D7CDB5BF575F3834575F383A56F10881BC1F42548E61D95D007382655226B4475D5474A01CBDC25EF9C9040016F82F061514A8FE9C1216064800B927BDA400F03005F702BEFCF7DD0F945E296A40EEA3CE96
310
2290F7E605AC3BA274D3C593430013EB38370E018C2FF7FAFEF2DB977B0D07855F878BBBA97DC5F4FFBB97084C0B581A4BC77909C601F29E0FCA3666878071E07F8105F6A11ABFDEEB2F9C039AEAE9639CFBA6E9FE6A5E209F1A7FFBA359F8342FB0FAFA8FE187AD0FCFBDC2BD68EE5F0E4C6CABE68DC1CBEA09C1C37F7EDC
310
1156261DE9178363C02D1C7EE0BB850817AF8BD9AC603E0DCDAE7B9F70487318942B0506849F281D83218EF678FEF648AE073B9E63EDA1851DF53EF4EAD8EAC99AFA8D015F1A9B3713002450A5A5FE40C40097D23345D23341B5346C2BEA6BE054BF066BB12AED3B165AAB3222B81C7E22906A8663363E9A0FD86BC4DCFF92
310
153615F02111F58508093559272214DA39788B5C8200263BA64807E74C1CE49FA1D4ED56DA843D5FAB8A9DAA5B6B0F100E9C868ABDD82F67663E61023BEFFBB47EB9436962CFE8A55F8DC6080471BD3D0F85E12BE2E53926A13B87439EC0D54DBD050E3CCE66A4410CAA44B4B98C586D272E481DF0BA80438048C0D122A1F2
310
B066ACD6D93400C160CB7C80A294C59AC69705168E4B0B3FE583F8BD4D1BF75A824681840CBD4D8CEC4E8F18F0EFE7A1560944A1CC3931E830C043E8C2DC9303B61AE4B559FE84800F2067A5A12D5A5A209C4A45CA0A3B045893B87708DBA101428175AD171EF297E506034FBA6A2766DC5484054907115AD35388EE830F9A
310
908353FF2FDCF60AC9A971FC982321EAE149A7745871053E00C1BA2DE2BE9EEBF6AA8D3A45752461771C6BA8ED771A6839C24BE7ED613A32E68D3A10BD474E53553A73616E33F30171D700656F19BDB25B6440C41FD3FA0B37C0D5FB6EF95E3F6C4CC65A630A15FA0515DECAD2F9128F6394E0B1FDE003576F834C1B1BF97A
310
76B0715AC8CFFA1AF206229C3B7597C7536E78EF18901728C3620C81D41D12940D3B52420B89A87AC4963E5BAFF032E8D0101D9940984B6B7794AC1F4746846D7FDBED087BF7D6C0D3FA4FDD729FA700F9712B62B83D5C94BA8B8F225B3C0CC930871AB096637C990ED2D92503FBC2D52DACA2C02D94A3F86E2158D7189860
310
19156D352564AE20966CC02A149CE00643B246C46EB0936B2D2F687C73A30096B5CCC63DE5846E5B0E8F5D05CECEEEFFE906797289A1A818590E534212C0DE55385B93D8AC60087289DB7A0443DE29104B2CB06704BD49B8E486150D88B9E73A9566E9B6B77901CBDD24AB3F51033A38C2A7F8F410415E0F0BA0B30BBC5CAB
310
796CEB5302A50C43A881452D25F53CA943D7353F20B60C0DFBA88B09702E9418D8E5216E4C86671E34AC7C80304007CA25C5AA36CC50AA43F4014684AC300405E8CAC1211E05741E0FAE799ACB7980334D80F8D728D3AF43FF2880EDFF6213E3B943747B9C98FDE39422CA4BBAB61C8427CCE4D590F5AFDE06D4510DD66D82
310
23ECAC4B882068671B7F77F38F850E8458BC80CDC9264F4E7B615867ECD8892B1D0460ABEF5A70ADF6E75CD50276CF238B9753BB3871493E90C99BBCAEFBFAB06F477FE49F9F8E01D625A68E3F911B6B6B5FF71390562B8910CAC25E51668FF3C2511DD60EBA5F4E942F58D3420E1B7DEFBFDBF697A410BC80E644DE4A87A0
310
15073B8B06FCD4A1A80322FD80D1DE4F9D76D761E7EDC43E77F3CB3CAFF19CB28FD2521E0D927C676F8FC2F8BD43F209040F27A8A29715266DCA9B09F75050309E8B43DC5209201009FD9ACD706D4A3002C24338064CD63D3310DD0B587358393CCDCF9BB564806703525B1AAC10A0A8CD4799C3D354411FA68FFF71AF9FAA
310
A29B5DF15C7FBC34670CD098C4FB7342ECB34441CA7A47F15B2D7CB5E3C3B3FD7C1F2EBD1D1ED60627635E77B1931ADCCA5415C1A4B51E093A827824C8A90CF402DD3E2BD6E6FDE8A0680BB349EB106A172A3DEDAF6FA1E60941F20347D94E9738F34C93ED30EE7D464CAE8C85312C8557A24BDF6B3D8FA86497657E78DA40
310
D4F9023F30CD9BDA8585A6E1E620FA5D445F72D18A39AD173C2D6A8D224E04A37B81EC0DA2299CE261AF0F074DD7A5D90F2FD6791472240A942DABC83EA43533045FF624CDC31C20374CA740AE070B804BA7F946F51D0A9C0FD32FF15431732B99AB5B944762347E8488CA7E5E0227CF370104ED5EC8767A764AD9792C2B5F
310
0E01713F77A18000BD8025025A012144F16A85E1CE73C29A1C9F346AACC0AAB34022AF47FF02BF0B3C00AD3BBC60A90B2120C2B5361009C8CC673C535D3308EB923BF7883D6E4733AC4730E032E3F875A4935BBCD330181005C6FA2C221B76DBA9FC0B78614B38C37278687836F83B6C7F3B20401A5006A6DF3A15EA72393D
310
28975377E0F07CCC6C69DA9FCE1DD29BF070D4C55F2AF811D2DA589E0DA37340DF3A3BAB21F8BA0D058C12FBE8CCE3990BEE8418784232C053A13235674FB025CDD064F65073E88B6D2E8B1A8FA0A00D087C6A598FC3B5DCD67DC0CA3323B6FF1BE705E40494160B5D3ED2015D89853A9EDA6B3356B96DC80852EBB3C04BF9
310
C3129C4FF07110FD8D099FB3F03F3190FDAF2D28828F3E2B5670F03C38F469A3F49F271178FA0728CFF4B4FF710E51363AC46E2DA74CAC4C20B35A85EB6E931F94A52747C73D1B30BCED51B1C1E0E56891A50EC811D839B22525AC51732A9ECE2F66EBF1E6A7116C613FCAA0FC0D0183D9DD142C92894F0C47EB73F07FFF2C
310
09B1120B7DFEC3A57013449ECE57D86C5CA80CE8CA38A252B121EFEF1C8F6E4569609427B8D9DF712827F4C72326941B140840891B8FA148A65AEEF33CE74E07F187C49C0EB1B57541E81006DC6F877CCF536CCF8D121ECF7145767B772B3847429F0C12152B3EFEE1EAAFCDF7A3257C4A6AEF903CD59E569A40FCBE9DFAA7
310
B4EAD55C82702F5867ADC9C059A17D5CECECC0EE6D9EEED3F49509D5651AE77B33A5E6EBB82CE3F4759C89ABED2C059F17FF0B0C9DF5E16FE5BC8C9B77DDF0F84DD9D17A42C4DBB6EF276F308307362FDA4E5239A3A14D8E6EF9F13870E2F1140A9718F3DC8812F2FAD43416CB7475F4A91AD718C602B7504EE13888909D9D
310
C0BF98D08C3CD0B59D9B7A6C753A9A1D50CC090F9ED0338D358432F11C557CF375D620DD6E016BB7AC593DDAFCAB30CD72EE69B595B8EB7F84977ADDF2220CB5D1382F9CB64B90A778CA8A6C3FFCBB953C0B17EFD3A37696C0BA3E174B0C866FFE9F3753FECDA0B0FCA906E701D90B64E508C5D692026C9A4ADE33C9EF946C
310
997C94739A9917EA6C269D48B108A7B112110A3FE5233ECED9115B5557DFF3C32DA594AA6D54C011E256CA03D2A2FDD3598F0D0E7A5E6017BF81D1CE8F76243014586319B42F6B8F9E23B8685A28AD3A60DC92C35EC7D24992D62D9ED5504614D6232163346F57A4ABBF9A1057FBA314C93A398ED4C8E3E986B0D578EF3FB6
310
873EF0687D948C9863809E31BD2C1B62BCAC815B05F9CDE235F353AFDCCDD60CA45EFCAF37F9A971A5BAA933A575A9D62870340EBB17E09FA459BE4DDF98E2FB0635FE8637FA36110AD9DBC47DD7ECA2DE7B79639728AEE79BFE24C4760480B18C75EE5EC0087B7C3C8900F8B73D3C2438E501CD460E27485B89F54BCB8689
310
D59B2953F9EB33893DB3F1F1C48B6F61FEF6B1ACEDCCC270ABD3395BB3688E79CF7ED6402C4180CD11321AF416499EE6377DFB8690FA5BB340141327FDE76FD31FDF9A6F586C827CFE98BFFDF16D9E03E4F347F307E5B49E4E0D811037FBC34A76DE10287439AE3C3E76FD9776D7F3FA90B35EAD51382BC3C2BE8EE0B5414F
310
A22D934E3DB13FCA422B6413CBC36DE214139ABACFFFF13FE7CDFF6A50392FBB4DEA51E68929272C7043A020FE0F10D4EDA9EDCD64300000000049454E44AE426082E6B941746AA50F5EA66C4164C806CB860874ADB2E0E9B1FE7548861BBD9405D0C363DDEF67F28F8DC286C7E250936E6A9F6FC924B3FDD64F29FDFCD8B3
310
D430660CD0EE5C32CE47F22B3BE972759919DA9F14C8E7FEB9FD6645449F9F5AC53E7380C207B8406658B94B5668A518B0E45D209704031DB979373774065D257CF7FC59BA40B80215B8820D9DD8AEDAC8DC1BD0912D18EDCAF59BB7B2DFD9631DE87D338CF458F97DC8E5F658F89BFE6EDD1F345BFDCC4B62D3EC2BDCBCA9
310
5D569DE6FD83CBEE01652FE1A79BCFC7DAB9CF9FC54A3E552E8565F3EF4BEC5B85FC5B09022B77F88A694652308FB2B5CB23A371AB5BFE610B668534F1B436F66DE5AAC654D6783FEF0371B782E1CBBA6719657C2C8AFF83637ADFB3347C45F3AF9EF6C884F7EC65D7CCBD58C59310F29ECA6207370AE07357F74A605E1BC6
310
22705CA531C84A00688509DC66F60C71662821E0744500CD34216D0249B788D0ED5B6ED9645FE615E7450E9C28252A82BEBF0FEBF30E08BF9743DEECF269D9F3F3F2F8FBBD0CAE5245C751BD711384DB7EBC76FCE4BD23C413D25EC4525C41CCE0F3DF8F9DA58F45227D968484FFF9C64DC21661015D2E8BCEC203B8EDEB26
310
9C0491FE1CC2DA2C12A091B8CA8AB5E5BD03FD7B57B282900D6FEDE53F42AF70A6429906C8BE971377B8E867A908854C04562EF9FF670B914B9184538EC80AD89149082041EFAFC79E18FBE958FB1CD3F36AD0FBFEC7E9F9E7790B80F8BC06784F55BA165B70C080CFEA49F165C1FC7E58C0F5C9F6715CB3E73F7ED5B155B0
310
7408956C6062352C707A388224485E6C0B138C49F6BC3DC90621CBCC0DB64FA765568BEC148A6CA571B4005938C2F69D6F2D60C29595DF82018F4DA09E36FE390C7F78DA044396D1C73F5AFABC8B002452D813C0ED74DF40FDD835378F9E8E70FDEAFFD703053F3FB30CD47D9B94B2692C2B2046760B5AEEAB7CA36C05CBE9
310
F1812EC0E28693395C52D94DFA99C41198AFDA8B9FF33429FED5ECEE35D76301E43C956870BB6FEF0BB704AAEE455DC72F87F299F2FDFEF4CAB145FC94AE45E1B612793C78C4B15BEC9E3716FFBC661C3C3E2F02F829A3CF78A0F2D2F09C0BC802C1182DA784B43BCBE06F79573FC71301C13EB7024AEBA52CA10FF77A8627
310
1636E202D28DDBD4AC96A9EBB1F91F61A39460195B535EDD1EDB3B7391BB1CC66EFB664B38DBF35E389FF9845BC12EB400C33DF4A3C553EBE703FD86BDB0AA32E4ABDD9F6DE02A3CA033EE5304C1DDE4EE4B42BE4B3D004334DC2632B925DDB7838E9A58C82E31B8802B5BD333C12B6B674249F746B6E0B027EE925B9A6BA6
310
C4EACAFF08E2FFE1926122FCF516CDFE295B05A5FDD7F41C058AC08A40AF1FB7F4B4865E30E0F3E9CB942E1DF2F75DE411E84F6C0A718A534EF4F649291D723DA01F922466AD2FA96C27BEE08A1438C7E39AE5746D73C35CCD8CF17695DD0EE8DB33396E716C6179B2FB51FCF79437391BF6BB0B1F2EFDD808BA387DFCAC79
310
7FCDAEF14C91D30309F6C300E002D5A1FDDBDD053EEBFFE97EFBF9F3B7DFF0A3EEB560F91F0104050217CC0DD60D794BB3B2FD2FABC2B269F13DAFCF45AC4D6ADBD2BA0446DC5E1A3BBDB350080C586A5882DB0F0144EEE7F1B4FEFF1E0A1E81FED84D247DDDF847B613C9B17DD8B3008647EA50142FD6901EA13F23C9F5E3
310
77518047FDB3FB240CE25715F65368202B40A9F1B229B07FD482CABEFFE32DC441BADACAAC65635BFE8F1F47D19B150B24006AB9E6AE6E5B931EA42BB78DAAF93514C0F03BFA73DF172D3D62DEF085FBA4A78D3230D29AAF5EEFDC2FEE0F443DB4FFB0025AC0D72840425C7F7ADED31B58FE8E79C3745D3AE2E22AFFD7C9B2
310
15C5970D60A55BDCC564F563826771EB6B2B5D2C52EFE94659B9F1262D935CFA52B35A9C840770C38F38DF63FF90D297DDA0BE3080149FF6C5F93B325C7384D7BFA3C74F72B87360C180A728F279B700FFB9E77F0F2A5C3AC2808327B1F9593F6DFC223BDA0103EC90D62EC0E78B006CE38F593DB6B38CD27F59BD5FB9C005
310
2850B37BF1F3CA6F10012C31955D91D353EE17CBE65F5F0DE10FB607CA3BC1D105F66B7ACEA06F77DCC827B7920A250840FD4114A87F1301DC44004725E8D8173AB29B008E3F6FE9D8D7905B9CE599A1390D36CF2B84BC1D456E8E2F739ACB28CDFD95BD7A69C2F1DC47C0170BE0CD3CA4DFEF0998B7C64B4F1B233EC4109F
310
44513061D705038ADF1FFF63C011FD39F667527407C1DB13067CD69FE1B7C205FF172966BCA5B6C0D1740000000049454E44AE426082
  0
ENDSEC
  0
EOF
